Var1,Var2
205101107.439685,201911353.174736
