Var1,Var2
205101107.439681,201911353.203578
