Var1,Var2
205073877.877289,201948773.562359
