Var1,Var2
200804721.950379,197449644.405771
