Var1,Var2
205073878.698674,201948594.452568
