Var1,Var2
200804721.950569,197449644.391949
