Var1,Var2
200804721.950549,197449644.398629
