Var1,Var2
200804721.950353,197449644.412455
