Var1,Var2
205073878.914532,201948361.405942
