Var1,Var2
200804721.950472,197449644.401186
