Var1,Var2
200804721.949927,197449644.445094
