Var1,Var2
200804721.950804,197449644.379394
