Var1,Var2
205073878.914694,201948360.200534
