Var1,Var2
200804721.950158,197449644.431724
