Var1,Var2
200804721.950445,197449644.402685
