Var1,Var2
200804721.950493,197449644.382455
