Var1,Var2
205109372.284816,201794531.500753
