Var1,Var2
205073878.696115,201948595.111882
