Var1,Var2
205109372.493202,201794715.401534
