sampler_schema_version,distribution,ambient_dim,matrix_cols,rank_label,active_rank,model_factor_rank,linear_rank,modal_dim,concentration_label,fisher_bingham_anisotropy,n_samples,source_filename,density_kernel,initialization,isotropic_natural_scale,isotropic_wrapped_variance,initialization_seed_scheme,repeat_initialization,convergence_normalization,normalizer_kind,normalizer_benchmark_kind,saddlepoint_order,saddlepoint_derivative_backend,saddlepoint_finite_difference_step,device,dtype,run_id,result_schema_version,target_alignment,observed_alignment,alignment_qc_status,sampling_qc_warning,effective_sample_size,rhat_max,calibration_status,mcmc_qc_status,sampler_qc_status,fit_repeats_requested,fit_repeats_recorded,timed_fits,successful_fits,objective_plateau_fits,converged_fits,stationarity_qc_pass_fits,nonplateau_fits,time_limit_fits,attempt_time_limit_fits,max_iteration_fits,error_fits,skipped_fits,primary_timing_basis,per_update_timing_basis,conditional_completion_timing_basis,status,observed_fit_seconds_median,observed_fit_seconds_q1,observed_fit_seconds_q3,total_fit_seconds_median,total_fit_seconds_q1,total_fit_seconds_q3,fit_seconds_median,fit_seconds_q1,fit_seconds_q3,initialization_seconds_median,initialization_seconds_q1,initialization_seconds_q3,post_update_evaluation_seconds_median,post_update_evaluation_seconds_q1,post_update_evaluation_seconds_q3,iterations_median,iterations_q1,iterations_q3,median_seconds_per_iteration_median,median_seconds_per_iteration_q1,median_seconds_per_iteration_q3,median_iteration_cpu_seconds_median,median_iteration_cpu_seconds_q1,median_iteration_cpu_seconds_q3,median_seconds_per_iteration_per_training_observation_median,median_seconds_per_iteration_per_training_observation_q1,median_seconds_per_iteration_per_training_observation_q3,fixed_objective_value_gradient_wall_median_seconds_median,fixed_objective_value_gradient_wall_median_seconds_q1,fixed_objective_value_gradient_wall_median_seconds_q3,fixed_objective_value_gradient_cpu_median_seconds_median,fixed_objective_value_gradient_cpu_median_seconds_q1,fixed_objective_value_gradient_cpu_median_seconds_q3,normalizer_value_gradient_wall_median_seconds_median,normalizer_value_gradient_wall_median_seconds_q1,normalizer_value_gradient_wall_median_seconds_q3,normalizer_value_gradient_cpu_median_seconds_median,normalizer_value_gradient_cpu_median_seconds_q1,normalizer_value_gradient_cpu_median_seconds_q3,cold_normalizer_value_gradient_wall_median_seconds_median,cold_normalizer_value_gradient_wall_median_seconds_q1,cold_normalizer_value_gradient_wall_median_seconds_q3,heldout_log_score_gain_median,heldout_log_score_gain_q1,heldout_log_score_gain_q3,heldout_log_score_gain_per_dof_median,heldout_log_score_gain_per_dof_q1,heldout_log_score_gain_per_dof_q3,final_gradient_rms_per_parameter_per_observation_median,final_gradient_rms_per_parameter_per_observation_q1,final_gradient_rms_per_parameter_per_observation_q3,total_fit_seconds_objective_plateau_only_median,total_fit_seconds_objective_plateau_only_q1,total_fit_seconds_objective_plateau_only_q3,fit_seconds_objective_plateau_only_median,fit_seconds_objective_plateau_only_q1,fit_seconds_objective_plateau_only_q3,iterations_objective_plateau_only_median,iterations_objective_plateau_only_q1,iterations_objective_plateau_only_q3
2,acg,16,0,full,15,1,0,1,high,0.5,400,acg__p16__rank-full__conc-high__n400.csv,|Omega|^(1/2)*(x.T@Omega@x)^(-p/2),isotropic,0.01,5.0,paired_by_fit_repeat,independent,observations,closed_form,closed_form_log_determinant,not_applicable,not_applicable,,cpu,float64,3dd392e33da66f38,4,0.8,0.7933307152414102,pass,False,400.0,nan,pass,not_applicable,pass,5,5,5,5,5,5,5,0,0,0,0,0,0,all_observed_attempts_until_stopping,all_fitted_attempts,objective_plateau_fits_only,complete,6.069456024037208,6.01485816197237,6.07128549402114,6.069456024037208,6.01485816197237,6.07128549402114,6.017129402142018,5.962405314552598,6.0188400853658095,0.0014427379937842488,0.0014260379830375314,0.0016115559847094119,0.0008079009712673724,0.00067802396370098,0.0008342340006493032,3271.0,3243.0,3272.0,0.0018357760272920132,0.001835114962887019,0.0018363749841228127,0.0018368620003457181,0.0018362080008955672,0.0018374534993199632,5.7368000852875415e-06,5.734734259021934e-06,5.73867182538379e-06,0.001271747489226982,0.001270527980523184,0.0012728844885714352,0.0012728740002785344,0.0012719554997602245,0.0012742609997076215,0.00038487801793962717,0.00038395446608774364,0.00038561600376851857,0.0003858564987240243,0.0003848959995593759,0.00038655599928461015,,,,17.954165839108626,17.954160649443246,17.954168689991654,1.1969443892739084,1.1969440432962164,1.1969445793327769,5.1098278085180965e-05,4.8388666392152416e-05,5.5211178568057514e-05,6.069456024037208,6.01485816197237,6.07128549402114,6.017129402142018,5.962405314552598,6.0188400853658095,3271.0,3243.0,3272.0
2,acg,16,0,full,15,1,0,1,low,0.5,400,acg__p16__rank-full__conc-low__n400.csv,|Omega|^(1/2)*(x.T@Omega@x)^(-p/2),isotropic,0.01,5.0,paired_by_fit_repeat,independent,observations,closed_form,closed_form_log_determinant,not_applicable,not_applicable,,cpu,float64,3dd392e33da66f38,4,0.2,0.19678280606604473,pass,False,400.0,nan,pass,not_applicable,pass,5,5,5,5,5,5,5,0,0,0,0,0,0,all_observed_attempts_until_stopping,all_fitted_attempts,objective_plateau_fits_only,complete,0.26345957902958617,0.24529094801982865,0.26437073899433017,0.26345957902958617,0.24529094801982865,0.26437073899433017,0.2567495421390049,0.23912591981934384,0.2576224540825933,0.001599540002644062,0.0015772550250403583,0.0016000049654394388,0.000791252008639276,0.0006377969984896481,0.0007918050396256149,145.0,136.0,147.0,0.0016761154984124005,0.001670336991082877,0.0018286790000274777,0.0016759745003582793,0.0016709169995010598,0.0018298230006621452,5.2378609325387515e-06,5.2198030971339905e-06,5.714621875085868e-06,0.001272767985938117,0.0012697075144387782,0.0012734965130221099,0.0012740424999719835,0.001270960499823559,0.0012749279994750395,0.00038400499033741653,0.000383723498089239,0.00038488899008370936,0.0003850069997497485,0.0003847284997391398,0.0003858360005324357,,,,0.9864362472991325,0.9864056446414462,0.9864524008261142,0.06576241648660883,0.06576037630942974,0.06576349338840762,4.97876473387449e-05,4.3598123846147745e-05,5.2419258739889866e-05,0.26345957902958617,0.24529094801982865,0.26437073899433017,0.2567495421390049,0.23912591981934384,0.2576224540825933,145.0,136.0,147.0
2,acg,32,0,full,31,1,0,1,high,0.5,400,acg__p32__rank-full__conc-high__n400.csv,|Omega|^(1/2)*(x.T@Omega@x)^(-p/2),isotropic,0.01,5.0,paired_by_fit_repeat,independent,observations,closed_form,closed_form_log_determinant,not_applicable,not_applicable,,cpu,float64,3dd392e33da66f38,4,0.8,0.8339426021356267,pass,False,400.0,nan,pass,not_applicable,pass,5,5,5,5,5,5,5,0,0,0,0,0,0,all_observed_attempts_until_stopping,all_fitted_attempts,objective_plateau_fits_only,complete,8.769583425018936,8.743985774985049,8.783252296969295,8.769583425018936,8.743985774985049,8.783252296969295,8.696163352986332,8.670694206724875,8.710112807864789,0.001595430017914623,0.0014453449985012412,0.0016156960045918822,0.0008083400316536427,0.0008081169798970222,0.0008119949488900602,4713.0,4703.0,4724.0,0.0018419130356051028,0.0018418909749016166,0.001844768994487822,0.001843006997660268,0.0018429629999445751,0.0018458549984643469,5.755978236265946e-06,5.755909296567552e-06,5.764903107774444e-06,0.0012772225018125027,0.0012768130109179765,0.0012812784989364445,0.0012784874998033047,0.0012780065007973462,0.0012826945003325818,0.00038531547761522233,0.0003850179782602936,0.000386267522117123,0.00038636050157947466,0.000386064999474911,0.00038732800021534786,,,,44.06931818861328,44.06931579471894,44.06933768067188,1.4215909093101058,1.4215908320877078,1.4215915380861897,5.202346061197214e-05,5.198270089964414e-05,5.2504133520228644e-05,8.769583425018936,8.743985774985049,8.783252296969295,8.696163352986332,8.670694206724875,8.710112807864789,4713.0,4703.0,4724.0
2,acg,32,0,full,31,1,0,1,low,0.5,400,acg__p32__rank-full__conc-low__n400.csv,|Omega|^(1/2)*(x.T@Omega@x)^(-p/2),isotropic,0.01,5.0,paired_by_fit_repeat,independent,observations,closed_form,closed_form_log_determinant,not_applicable,not_applicable,,cpu,float64,3dd392e33da66f38,4,0.2,0.20382082891122702,pass,False,400.0,nan,pass,not_applicable,pass,5,5,5,5,5,5,5,0,0,0,0,0,0,all_observed_attempts_until_stopping,all_fitted_attempts,objective_plateau_fits_only,complete,0.3758676389697939,0.37234395602717996,0.38027712900657207,0.3758676389697939,0.37234395602717996,0.38027712900657207,0.36838134680874646,0.3649736776133068,0.37281062244437635,0.0016001780168153346,0.0015981089673005044,0.0016211150214076042,0.0006292460020631552,0.0006254190229810774,0.0006326229777187109,205.0,202.0,207.0,0.0018400319968350232,0.0018386750016361475,0.0018418380059301853,0.0018411040000501089,0.0018397450003249105,0.001842682500864612,5.750099990109447e-06,5.745859380112961e-06,5.755743768531829e-06,0.0012758919910993427,0.001275129005080089,0.0012760840181726962,0.0012773069993272657,0.0012759460005327128,0.001277421000850154,0.0003853985108435154,0.000384976010536775,0.0003857690026052296,0.00038635700002487283,0.00038566750117752235,0.00038676149779348634,,,,3.071754741261593,3.0717424301926197,3.071767345985778,0.0990888626213417,0.0990884654900845,0.09908926922534768,3.777020871847219e-05,3.4808451490037586e-05,4.128538384063474e-05,0.3758676389697939,0.37234395602717996,0.38027712900657207,0.36838134680874646,0.3649736776133068,0.37281062244437635,205.0,202.0,207.0
2,acg,4,0,full,3,1,0,1,high,0.5,400,acg__p4__rank-full__conc-high__n400.csv,|Omega|^(1/2)*(x.T@Omega@x)^(-p/2),isotropic,0.01,5.0,paired_by_fit_repeat,independent,observations,closed_form,closed_form_log_determinant,not_applicable,not_applicable,,cpu,float64,3dd392e33da66f38,4,0.8,0.7962830296031274,pass,False,400.0,nan,pass,not_applicable,pass,5,5,5,5,5,5,5,0,0,0,0,0,0,all_observed_attempts_until_stopping,all_fitted_attempts,objective_plateau_fits_only,complete,2.5998460419941694,2.5399673740030266,2.6137373259989545,2.5998460419941694,2.5399673740030266,2.6137373259989545,2.571990419528447,2.514732183481101,2.5862828539684415,0.001525070983916521,0.001522306993138045,0.001808933971915394,0.0006663249805569649,0.0006647499976679683,0.0006933920085430145,1289.0,1287.0,1290.0,0.0019611754978541285,0.0019386959611438215,0.0019771200022660196,0.0019626234999350345,0.001940054999977292,0.001977627999998788,6.128673430794152e-06,6.058424878574442e-06,6.178500007081311e-06,0.0013375449925661087,0.0013343924947548658,0.0013378530275076628,0.0013389575000246623,0.0013355184998999903,0.001338981000003514,0.0004027530085295439,0.00040064999484457076,0.0004032260039821267,0.00040385699992384616,0.0004016524999315152,0.00040428350000354385,,,,3.2231954942545533,3.2231945488711693,3.2231997962455874,1.074398498084851,1.0743981829570564,1.0743999320818625,2.21099349895211e-05,2.0021164537549076e-05,2.2632379982332897e-05,2.5998460419941694,2.5399673740030266,2.6137373259989545,2.571990419528447,2.514732183481101,2.5862828539684415,1289.0,1287.0,1290.0
2,acg,4,0,full,3,1,0,1,low,0.5,400,acg__p4__rank-full__conc-low__n400.csv,|Omega|^(1/2)*(x.T@Omega@x)^(-p/2),isotropic,0.01,5.0,paired_by_fit_repeat,independent,observations,closed_form,closed_form_log_determinant,not_applicable,not_applicable,,cpu,float64,3dd392e33da66f38,4,0.2,0.21714902851565035,pass,False,400.0,nan,pass,not_applicable,pass,5,5,5,5,5,5,5,0,0,0,0,0,0,all_observed_attempts_until_stopping,all_fitted_attempts,objective_plateau_fits_only,complete,0.2377707699779421,0.23679172998527065,0.2580053770216182,0.2377707699779421,0.23679172998527065,0.2580053770216182,0.23074580798856914,0.22992071800399572,0.25053368625231087,0.0016370709636248648,0.0015488940407522023,0.001783109037205577,0.0006691860035061836,0.0006575440056622028,0.0006866420153528452,123.0,118.0,133.0,0.0017842460074461997,0.001762182975653559,0.0018714220495894551,0.0017855429998689942,0.0017587674999504088,0.0018704589999956056,5.575768773269374e-06,5.5068217989173714e-06,5.8481939049670474e-06,0.0013379830052144825,0.0013297399855218828,0.0013635549694299698,0.0013394164999454006,0.001330837000068641,0.0013639985000004629,0.0004027474788017571,0.00040195698966272175,0.00040279500535689294,0.00040286600000172257,0.0004017119999843999,0.0004035989998101286,,,,0.1293723354596259,0.1293661374895354,0.12937731468862657,0.0431241118198753,0.043122045829845135,0.043125771562875524,1.9475667178498238e-05,1.3802221375864291e-05,2.2097318554107214e-05,0.2377707699779421,0.23679172998527065,0.2580053770216182,0.23074580798856914,0.22992071800399572,0.25053368625231087,123.0,118.0,133.0
2,acg,64,0,full,63,1,0,1,high,0.5,400,acg__p64__rank-full__conc-high__n400.csv,|Omega|^(1/2)*(x.T@Omega@x)^(-p/2),isotropic,0.01,5.0,paired_by_fit_repeat,independent,observations,closed_form,closed_form_log_determinant,not_applicable,not_applicable,,cpu,float64,3dd392e33da66f38,4,0.8,0.7960235659050219,pass,False,400.0,nan,pass,not_applicable,pass,5,5,5,5,5,5,5,0,0,0,0,0,0,all_observed_attempts_until_stopping,all_fitted_attempts,objective_plateau_fits_only,complete,10.778919106000103,10.634362641023472,10.845063584973104,10.778919106000103,10.634362641023472,10.845063584973104,10.674696083879098,10.530601662641857,10.7346915784874,0.001518963952548802,0.0015157449524849653,0.0016868759994395077,0.0008615159895271063,0.000825476017780602,0.0009048230131156743,5384.0,5327.0,5397.0,0.001932751532876864,0.0019228910095989704,0.0019481980125419796,0.001932149500134983,0.0019225409996579401,0.0019480060000205413,6.0398485402402e-06,6.009034404996783e-06,6.0881187891936864e-06,0.001316541020059958,0.0012978739978279918,0.0013840464816894382,0.0013175930034776684,0.001298932998906821,0.0013861990009900182,0.000387834501452744,0.00038642948493361473,0.0003904180193785578,0.0003888219980581198,0.0003875269994750852,0.00039142900095612276,,,,82.59803408659172,82.59800574694279,82.59804008446616,1.3110799061363765,1.3110794563006791,1.3110800013407327,6.172181199128633e-05,6.134993900970575e-05,6.200446712975927e-05,10.778919106000103,10.634362641023472,10.845063584973104,10.674696083879098,10.530601662641857,10.7346915784874,5384.0,5327.0,5397.0
2,acg,64,0,full,63,1,0,1,low,0.5,400,acg__p64__rank-full__conc-low__n400.csv,|Omega|^(1/2)*(x.T@Omega@x)^(-p/2),isotropic,0.01,5.0,paired_by_fit_repeat,independent,observations,closed_form,closed_form_log_determinant,not_applicable,not_applicable,,cpu,float64,3dd392e33da66f38,4,0.2,0.19716509161189053,pass,False,400.0,nan,pass,not_applicable,pass,5,5,5,5,5,5,4,0,0,0,0,0,0,all_observed_attempts_until_stopping,all_fitted_attempts,objective_plateau_fits_only,complete,0.3769180360250175,0.367256166995503,0.390469630016014,0.3769180360250175,0.367256166995503,0.390469630016014,0.368203678925056,0.358710681728553,0.3820286368718371,0.0016551430453546345,0.0015388280153274536,0.0016723859589546919,0.0008276330190710723,0.000703892030287534,0.00084688700735569,186.0,180.0,194.0,0.001955017476575449,0.001934316533152014,0.0019685364968609065,0.001951715999894077,0.0019356324992259033,0.0019705525010067504,6.109429614298279e-06,6.044739166100044e-06,6.151676552690333e-06,0.0013170690217521042,0.001302799500990659,0.001321789517533034,0.001318135498877382,0.001304002002143534,0.0013229049982328434,0.0003885229816660285,0.00038591548218391836,0.000390022003557533,0.00038944299922150094,0.0003868969979521353,0.00039104049938032404,,,,6.226683113753239,6.226672126161013,6.226690562332102,0.09883623990084507,0.09883606549461925,0.0988363581322556,5.92611059690424e-05,5.8879589039906725e-05,8.679284414900266e-05,0.3769180360250175,0.367256166995503,0.390469630016014,0.368203678925056,0.358710681728553,0.3820286368718371,186.0,180.0,194.0
2,acg,8,0,full,7,1,0,1,high,0.5,400,acg__p8__rank-full__conc-high__n400.csv,|Omega|^(1/2)*(x.T@Omega@x)^(-p/2),isotropic,0.01,5.0,paired_by_fit_repeat,independent,observations,closed_form,closed_form_log_determinant,not_applicable,not_applicable,,cpu,float64,3dd392e33da66f38,4,0.8,0.8001304072182418,pass,False,400.0,nan,pass,not_applicable,pass,5,5,5,5,5,5,5,0,0,0,0,0,0,all_observed_attempts_until_stopping,all_fitted_attempts,objective_plateau_fits_only,complete,4.230319441005122,4.220854647981469,4.245127814006992,4.230319441005122,4.220854647981469,4.245127814006992,4.192324255593121,4.18270062917145,4.207142090133857,0.0014786720275878906,0.0014539959956891835,0.0015743370167911053,0.0008027820149436593,0.0006348079768940806,0.0008062859997153282,2283.0,2281.0,2288.0,0.0018330680031795055,0.0018322760006412864,0.0018333789776079357,0.001834142999996402,0.001833385999816528,0.0018344890004300396,5.728337509935955e-06,5.72586250200402e-06,5.729309305024799e-06,0.0012659704952966422,0.001265718979993835,0.0012671370059251785,0.001267110999833676,0.0012668504996327101,0.0012683134996223089,0.00038475400651805103,0.00038386700907722116,0.0003853595117107034,0.00038568650006709504,0.00038476099962281296,0.0003862705007122713,,,,8.02757044354286,8.027569166826037,8.02757431426376,1.14679577764898,1.1467955952608624,1.1467963306091085,4.2692985545383615e-05,3.8211691654298956e-05,4.331608190784386e-05,4.230319441005122,4.220854647981469,4.245127814006992,4.192324255593121,4.18270062917145,4.207142090133857,2283.0,2281.0,2288.0
2,acg,8,0,full,7,1,0,1,low,0.5,400,acg__p8__rank-full__conc-low__n400.csv,|Omega|^(1/2)*(x.T@Omega@x)^(-p/2),isotropic,0.01,5.0,paired_by_fit_repeat,independent,observations,closed_form,closed_form_log_determinant,not_applicable,not_applicable,,cpu,float64,3dd392e33da66f38,4,0.2,0.1633750743725389,pass,False,400.0,nan,pass,not_applicable,pass,5,5,5,5,5,5,5,0,0,0,0,0,0,all_observed_attempts_until_stopping,all_fitted_attempts,objective_plateau_fits_only,complete,0.28656277095433325,0.2853844910277985,0.2917998860357329,0.28656277095433325,0.2853844910277985,0.2917998860357329,0.27958107175072655,0.2786184982396662,0.2847635810612701,0.0015956179704517126,0.0015816529630683362,0.0015987909864634275,0.0008023800328373909,0.000630125985480845,0.0008033940102905035,162.0,162.0,163.0,0.0016630424943286926,0.0016599480004515499,0.001664375013206154,0.0016641009997329093,0.0016612180006632116,0.001665527999648475,5.197007794777164e-06,5.187337501411094e-06,5.201171916269232e-06,0.001267683517653495,0.001267075480427593,0.0012694430188275874,0.0012689249999766616,0.0012681325006269617,0.001271210499908193,0.0003851060173474252,0.00038312451215460896,0.00038576297811232507,0.0003860179995172075,0.0003840255003524362,0.00038676200028930907,,,,0.30582697517460256,0.30581099907443043,0.30582784325541956,0.043689567882086076,0.04368728558206149,0.043689691893631366,3.4014083226034974e-05,3.2798136117337406e-05,3.9435614875374985e-05,0.28656277095433325,0.2853844910277985,0.2917998860357329,0.27958107175072655,0.2786184982396662,0.2847635810612701,162.0,162.0,163.0
2,bingham,16,0,full,15,15,0,1,high,0.5,400,bingham__p16__rank-full__conc-high__n400.csv,exp(-x.T@A@x); distinct active eigenvalues,isotropic,0.01,5.0,paired_by_fit_repeat,independent,observations,continuous_euler_quadrature,eigendecomposition_plus_continuous_euler_quadrature,not_applicable,not_applicable,,cpu,float64,3dd392e33da66f38,4,0.8,0.7965509121943808,pass,False,400.0,nan,pass,not_applicable,pass,5,5,5,5,5,5,3,0,0,0,0,0,0,all_observed_attempts_until_stopping,all_fitted_attempts,objective_plateau_fits_only,complete,23.023442881996743,21.284132483997382,30.121343848994,23.023442881996743,21.284132483997382,30.121343848994,22.961543612880632,21.22529083082918,30.04496078082593,0.0014934329665265977,0.0014914890052750707,0.001494276977609843,0.006549636018462479,0.006373225012794137,0.006553674000315368,2910.0,2680.0,3793.0,0.007874934992287308,0.007867439999245107,0.007879751035943627,0.007875405000049795,0.007867215500482416,0.007880324999860022,2.460917185089784e-05,2.458574999764096e-05,2.4624221987323834e-05,0.007312789995921776,0.007310005516046658,0.007314517511986196,0.007314195499930065,0.007311175999348052,0.007316006499422656,0.006671287526842207,0.006670678034424782,0.006692067487165332,0.0066724565003823955,0.006671860501228366,0.006693137501315505,,,,12.054582193824357,12.054084882706523,12.055479542068598,0.8036388129216239,0.8036056588471016,0.8036986361379065,2.992268695410515e-05,2.9451847360546757e-05,0.00019819195773670002,23.023442881996743,21.284132483997382,30.121343848994,22.961543612880632,21.22529083082918,30.04496078082593,2910.0,2680.0,3793.0
2,bingham,16,0,full,15,15,0,1,low,0.5,400,bingham__p16__rank-full__conc-low__n400.csv,exp(-x.T@A@x); distinct active eigenvalues,isotropic,0.01,5.0,paired_by_fit_repeat,independent,observations,continuous_euler_quadrature,eigendecomposition_plus_continuous_euler_quadrature,not_applicable,not_applicable,,cpu,float64,3dd392e33da66f38,4,0.2,0.20414272145531837,pass,False,400.0,nan,pass,not_applicable,pass,5,5,5,5,5,5,5,0,0,0,0,0,0,all_observed_attempts_until_stopping,all_fitted_attempts,objective_plateau_fits_only,complete,3.813710046990309,3.7603115949896164,4.006735367001966,3.813710046990309,3.7603115949896164,4.006735367001966,3.7899751660297625,3.736776879115496,3.9827343598590232,0.0016380380257032812,0.0015832429635338485,0.0016394449630752206,0.00652856903616339,0.006488802027888596,0.006547005963511765,479.0,473.0,504.0,0.007870391476899385,0.007868350017815828,0.007875090988818556,0.007871245000387717,0.007869355998991523,0.007874970000557369,2.459497336531058e-05,2.4588593805674464e-05,2.460965934005799e-05,0.007289226457942277,0.007287340005859733,0.0072985000151675195,0.007289114500053984,0.0072885984991444275,0.007299643500118691,0.006664230488240719,0.006654686003457755,0.006666240020422265,0.00666467199971521,0.006655864001004375,0.006667438499789569,,,,1.2636466252293408,1.2634337189428473,1.263692819358655,0.08424310834862273,0.08422891459618982,0.08424618795724366,3.420574380467676e-05,3.0749098953543615e-05,5.939025608003818e-05,3.813710046990309,3.7603115949896164,4.006735367001966,3.7899751660297625,3.736776879115496,3.9827343598590232,479.0,473.0,504.0
2,bingham,32,0,full,31,31,0,1,high,0.5,400,bingham__p32__rank-full__conc-high__n400.csv,exp(-x.T@A@x); distinct active eigenvalues,isotropic,0.01,5.0,paired_by_fit_repeat,independent,observations,continuous_euler_quadrature,eigendecomposition_plus_continuous_euler_quadrature,not_applicable,not_applicable,,cpu,float64,3dd392e33da66f38,4,0.8,0.8040493292706029,pass,False,400.0,nan,pass,not_applicable,pass,5,5,5,5,5,5,3,0,0,0,0,0,0,all_observed_attempts_until_stopping,all_fitted_attempts,objective_plateau_fits_only,complete,56.71603507298278,52.10762224398786,56.99451105098706,56.71603507298278,52.10762224398786,56.99451105098706,56.59952464059461,51.999391231220216,56.87800537713338,0.0016514610033482313,0.0016501579666510224,0.0016960719949565828,0.007316205010283738,0.00731145404279232,0.007316495990380645,6397.0,5876.0,6435.0,0.008827416982967407,0.00882121903123334,0.008831325045321137,0.008827895999274915,0.008821777999401093,0.008831287501379848,2.7585678071773146e-05,2.756630947260419e-05,2.7597890766628553e-05,0.008259700029157102,0.008252888481365517,0.008263511990662664,0.008260930999313132,0.008254283500718884,0.00826208750004298,0.0075669749930966645,0.007561658509075642,0.007586323510622606,0.007568264499241195,0.007562807999420329,0.007587417499962612,,,,25.07810447978717,25.077798309448347,25.078400720403444,0.8089711122511991,0.8089612357886564,0.8089806684001111,7.5808262852758e-05,7.096939629762745e-05,0.00020198587649022034,56.71603507298278,52.10762224398786,56.99451105098706,56.59952464059461,51.999391231220216,56.87800537713338,6397.0,5876.0,6435.0
2,bingham,32,0,full,31,31,0,1,low,0.5,400,bingham__p32__rank-full__conc-low__n400.csv,exp(-x.T@A@x); distinct active eigenvalues,isotropic,0.01,5.0,paired_by_fit_repeat,independent,observations,continuous_euler_quadrature,eigendecomposition_plus_continuous_euler_quadrature,not_applicable,not_applicable,,cpu,float64,3dd392e33da66f38,4,0.2,0.19669939100161998,pass,False,400.0,nan,pass,not_applicable,pass,5,5,5,5,5,5,2,0,0,0,0,0,0,all_observed_attempts_until_stopping,all_fitted_attempts,objective_plateau_fits_only,complete,12.50808156200219,12.468319798004813,12.952851386042312,12.50808156200219,12.468319798004813,12.952851386042312,12.468357942765579,12.428596390935127,12.912679184228182,0.0017729150131344795,0.001701916044112295,0.0017781209899112582,0.0070993860135786235,0.007076954003423452,0.0071560239885002375,1414.0,1410.0,1464.0,0.008794197987299412,0.008793154498562217,0.008796145528322086,0.008794284000032349,0.008793842498562299,0.008796775999144302,2.7481868710310663e-05,2.7478607808006928e-05,2.7487954776006517e-05,0.008224271994549781,0.008218942501116544,0.008230882027419284,0.008225211500757723,0.008220027000788832,0.008232035999753862,0.0075450165022630244,0.007530439499532804,0.007546587003162131,0.007546179498604033,0.007531562998337904,0.007547737501226948,,,,2.9285835303487104,2.9282539693721485,2.929411540950044,0.09447043646286163,0.0944598054636177,0.09449714648225947,0.00010454564432509227,7.545084302444851e-05,0.00010664175157644321,12.50808156200219,12.468319798004813,12.952851386042312,12.468357942765579,12.428596390935127,12.912679184228182,1414.0,1410.0,1464.0
2,bingham,4,0,full,3,3,0,1,high,0.5,400,bingham__p4__rank-full__conc-high__n400.csv,exp(-x.T@A@x); distinct active eigenvalues,isotropic,0.01,5.0,paired_by_fit_repeat,independent,observations,continuous_euler_quadrature,eigendecomposition_plus_continuous_euler_quadrature,not_applicable,not_applicable,,cpu,float64,3dd392e33da66f38,4,0.8,0.8037993576894317,pass,False,400.0,nan,pass,not_applicable,pass,5,5,5,5,5,5,0,0,0,0,0,0,0,all_observed_attempts_until_stopping,all_fitted_attempts,objective_plateau_fits_only,complete,3.8516265979851596,3.720037869992666,3.9372769520268776,3.8516265979851596,3.720037869992666,3.9372769520268776,3.822432104148902,3.690883932460565,3.90755377773894,0.001499352976679802,0.0014906639698892832,0.00178093696013093,0.006514550012070686,0.006374517048243433,0.006517664005514234,472.0,467.0,478.0,0.008153437520377338,0.00788745895260945,0.008247858990216628,0.008153010500002722,0.00788781100027336,0.008248716000025524,2.547949225117918e-05,2.464830922690453e-05,2.577455934442696e-05,0.007316154020372778,0.007276891003130004,0.007435388979502022,0.007320280500000109,0.0072808080001323106,0.007437115500010805,0.006623708002734929,0.006512022519018501,0.006675843469565734,0.006627648499996752,0.006515294000109861,0.006675329000131569,,,,2.7200814392933714,2.720071081602858,2.7201940862605354,0.9066938130977905,0.9066903605342861,0.9067313620868451,0.000170488137372788,0.0001507956211676649,0.00029161957167850815,3.8516265979851596,3.720037869992666,3.9372769520268776,3.822432104148902,3.690883932460565,3.90755377773894,472.0,467.0,478.0
2,bingham,4,0,full,3,3,0,1,low,0.5,400,bingham__p4__rank-full__conc-low__n400.csv,exp(-x.T@A@x); distinct active eigenvalues,isotropic,0.01,5.0,paired_by_fit_repeat,independent,observations,continuous_euler_quadrature,eigendecomposition_plus_continuous_euler_quadrature,not_applicable,not_applicable,,cpu,float64,3dd392e33da66f38,4,0.2,0.1887417325692845,pass,False,400.0,nan,pass,not_applicable,pass,5,5,5,5,5,5,5,0,0,0,0,0,0,all_observed_attempts_until_stopping,all_fitted_attempts,objective_plateau_fits_only,complete,1.4722684500156902,1.4131172089837492,1.5172802840243094,1.4722684500156902,1.4131172089837492,1.5172802840243094,1.4513049268862233,1.3926485558622517,1.495314190397039,0.0015488730277866125,0.0015179509646259248,0.001569572021253407,0.006475175032392144,0.006472862965893,0.006655432982370257,182.0,179.0,187.0,0.008034083497477695,0.00773428101092577,0.00815277500078082,0.00803424750006343,0.007709188999797334,0.008134890499999159,2.5106510929617797e-05,2.416962815914303e-05,2.5477421877440067e-05,0.007486646471079439,0.00716521602589637,0.007493330514989793,0.007490712499929941,0.0071688860000449495,0.0074978779999810286,0.006696996511891484,0.0064456205000169575,0.0067197919997852296,0.006701712499875612,0.006434865500068554,0.006723501499998008,,,,0.22833444990378915,0.2283309867265344,0.22837960206792163,0.07611148330126305,0.0761103289088448,0.07612653402264054,3.64825910938625e-05,2.9664199580582647e-05,5.1460252598636607e-05,1.4722684500156902,1.4131172089837492,1.5172802840243094,1.4513049268862233,1.3926485558622517,1.495314190397039,182.0,179.0,187.0
2,bingham,64,0,full,63,63,0,1,high,0.5,400,bingham__p64__rank-full__conc-high__n400.csv,exp(-x.T@A@x); distinct active eigenvalues,isotropic,0.01,5.0,paired_by_fit_repeat,independent,observations,continuous_euler_quadrature,eigendecomposition_plus_continuous_euler_quadrature,not_applicable,not_applicable,,cpu,float64,3dd392e33da66f38,4,0.8,0.8033628288129558,pass,False,400.0,nan,pass,not_applicable,pass,5,5,5,5,5,5,0,0,0,0,0,0,0,all_observed_attempts_until_stopping,all_fitted_attempts,objective_plateau_fits_only,complete,154.4405960360309,150.75077497801976,161.01189532800345,154.4405960360309,150.75077497801976,161.01189532800345,154.06794132379582,150.38547249976546,160.62044940923806,0.0023230969673022628,0.0023016760242171586,0.0023300289758481085,0.009473468002397567,0.009430820995476097,0.00957065395778045,12680.0,12385.0,13209.0,0.012169392022769898,0.01215642600436695,0.012176329968497157,0.01215467899965006,0.012141914499807172,0.012160995000158437,3.802935007115593e-05,3.798883126364672e-05,3.805103115155362e-05,0.011374901980161667,0.011297398974420503,0.011386937025235966,0.011379755000234582,0.011301855003694072,0.011387306500182603,0.010326742485631257,0.010288426012266427,0.010353349469369277,0.01032921350270044,0.0102954364992911,0.010348542498832103,,,,49.83098692850286,49.829689387742484,49.83832073495791,0.7909680464841724,0.790947450599087,0.791084456110443,0.0002910594076495465,0.00018622740546010905,0.00038671847291349084,154.4405960360309,150.75077497801976,161.01189532800345,154.06794132379582,150.38547249976546,160.62044940923806,12680.0,12385.0,13209.0
2,bingham,64,0,full,63,63,0,1,low,0.5,400,bingham__p64__rank-full__conc-low__n400.csv,exp(-x.T@A@x); distinct active eigenvalues,isotropic,0.01,5.0,paired_by_fit_repeat,independent,observations,continuous_euler_quadrature,eigendecomposition_plus_continuous_euler_quadrature,not_applicable,not_applicable,,cpu,float64,3dd392e33da66f38,4,0.2,0.18388947452074972,pass,False,400.0,nan,pass,not_applicable,pass,5,5,5,5,5,5,3,0,0,0,0,0,0,all_observed_attempts_until_stopping,all_fitted_attempts,objective_plateau_fits_only,complete,53.30350494099548,40.15258310898207,56.8244503029855,53.30350494099548,40.15258310898207,56.8244503029855,53.16056066408055,40.03879313723883,56.672396674519405,0.0024551069946028292,0.0023675980046391487,0.002461434982251376,0.009249850001651794,0.009225322981365025,0.009272107039578259,4489.0,3322.0,4672.0,0.012101926491595805,0.012095774989575148,0.012128643982578069,0.012090318497939734,0.01208201800181996,0.012118053000449436,3.781852028623689e-05,3.7799296842422335e-05,3.7902012445556464e-05,0.011273425014223903,0.011195978499017656,0.011344524013111368,0.011270163999142824,0.011194510501809418,0.011336276000292855,0.010238868009764701,0.010059705004096031,0.01033613900654018,0.010243928500131005,0.010058097499495489,0.010334543501812732,,,,1.8854695611928634,1.8822932256762996,1.940168350070273,0.02992808827290259,0.029877670248830153,0.030796323016988463,5.526288344992932e-05,5.283448653374229e-05,0.00011520411178629999,53.30350494099548,40.15258310898207,56.8244503029855,53.16056066408055,40.03879313723883,56.672396674519405,4489.0,3322.0,4672.0
2,bingham,8,0,full,7,7,0,1,high,0.5,400,bingham__p8__rank-full__conc-high__n400.csv,exp(-x.T@A@x); distinct active eigenvalues,isotropic,0.01,5.0,paired_by_fit_repeat,independent,observations,continuous_euler_quadrature,eigendecomposition_plus_continuous_euler_quadrature,not_applicable,not_applicable,,cpu,float64,3dd392e33da66f38,4,0.8,0.8071263057161997,pass,False,400.0,nan,pass,not_applicable,pass,5,5,5,5,5,5,0,0,0,0,0,0,0,all_observed_attempts_until_stopping,all_fitted_attempts,objective_plateau_fits_only,complete,10.7243719669641,10.587021428975277,10.778777638974134,10.7243719669641,10.587021428975277,10.778777638974134,10.686369574454147,10.549590741866268,10.740997850312851,0.0014573970111086965,0.0014555819798260927,0.0015556830330751836,0.00602530495962128,0.006005906034260988,0.0061854959931224585,1430.0,1413.0,1435.0,0.007432577986037359,0.007425143994623795,0.00744317501084879,0.007433300000229792,0.00742596300005971,0.007443526999850292,2.3226806206366746e-05,2.320357498319936e-05,2.325992190890247e-05,0.0068797440035268664,0.006878942484036088,0.006888830481329933,0.006881186000555317,0.006880216000354267,0.006890156999816099,0.0062818095029797405,0.00627977101248689,0.006285798997851089,0.006282948999796645,0.006281169499743555,0.006287165000230743,,,,5.842732281142264,5.84261317539459,5.842865293074948,0.8346760401631805,0.8346590250563699,0.8346950418678497,0.00020812051820611374,0.0001985259654698459,0.0002622521279432736,10.7243719669641,10.587021428975277,10.778777638974134,10.686369574454147,10.549590741866268,10.740997850312851,1430.0,1413.0,1435.0
2,bingham,8,0,full,7,7,0,1,low,0.5,400,bingham__p8__rank-full__conc-low__n400.csv,exp(-x.T@A@x); distinct active eigenvalues,isotropic,0.01,5.0,paired_by_fit_repeat,independent,observations,continuous_euler_quadrature,eigendecomposition_plus_continuous_euler_quadrature,not_applicable,not_applicable,,cpu,float64,3dd392e33da66f38,4,0.2,0.18302954400793603,pass,False,400.0,nan,pass,not_applicable,pass,5,5,5,5,5,5,5,0,0,0,0,0,0,all_observed_attempts_until_stopping,all_fitted_attempts,objective_plateau_fits_only,complete,1.8075681520276703,1.8051806499715894,1.8227654380025342,1.8075681520276703,1.8051806499715894,1.8227654380025342,1.7885906420997344,1.7862471021944657,1.8036391875357367,0.0015621590428054333,0.001508318993728608,0.0015781820402480662,0.0061279129586182535,0.006086801004130393,0.006175379967316985,241.0,241.0,243.0,0.00741581100737676,0.007411919999867678,0.007416909502353519,0.007415808999212459,0.007411589998810086,0.0074170190000586445,2.3174409398052377e-05,2.3162249999586492e-05,2.3177842194854748e-05,0.006876589497551322,0.006857163010863587,0.0068830484815407544,0.006877708500269364,0.006858414500129584,0.006883757500190768,0.0062734209932386875,0.006257795525016263,0.006273919017985463,0.0062745405002715415,0.006258859000354278,0.006275094000102399,,,,0.5816462055669982,0.5816241802242752,0.5816640929085177,0.08309231508099975,0.08308916860346789,0.08309487041550254,3.741240336619418e-05,3.311198719193688e-05,3.9821979160709325e-05,1.8075681520276703,1.8051806499715894,1.8227654380025342,1.7885906420997344,1.7862471021944657,1.8036391875357367,241.0,241.0,243.0
2,fisher_bingham,16,0,full,15,15,1,1,high,0.5,400,fisher_bingham__p16__rank-full__conc-high__n400.csv,exp(kappa*mu.T@x-x.T@A@x); mean curvature matched to vMF/Bingham; trace-free quadratic anisotropy,isotropic,0.01,5.0,paired_by_fit_repeat,independent,observations,continuous_euler_quadrature,continuous_euler_quadrature,not_applicable,not_applicable,,cpu,float64,3dd392e33da66f38,4,0.8,0.8072731067937008,pass,True,368.6117467567013,1.000377224664677,pass,warning,warning,5,5,5,5,5,5,5,0,0,0,0,0,0,all_observed_attempts_until_stopping,all_fitted_attempts,objective_plateau_fits_only,complete,60.92359241703525,60.40486679400783,61.610938436992,60.92359241703525,60.40486679400783,61.610938436992,60.79402825393481,60.27835560234962,61.480276250164025,0.0019559990032576025,0.0019447329686954618,0.002009999006986618,0.005620059033390135,0.005615965987090021,0.005921896023210138,7041.0,6992.0,7122.0,0.008587226504459977,0.008586398005718365,0.008591937512392178,0.00858664050065272,0.008585831499658525,0.00859140650027257,2.683508282643743e-05,2.683249376786989e-05,2.6849804726225557e-05,0.007820797967724502,0.007818375510396436,0.007826381013728678,0.00782191350026551,0.007818590499482525,0.007827598000403668,0.006854183506220579,0.006853677477920428,0.006861550995381549,0.006855321999864827,0.006854991998807236,0.006862868501229968,,,,8.01708422903479,8.017003890577104,8.01713505141036,0.5344722819356527,0.5344669260384737,0.534475670094024,6.461620587837767e-05,5.9984175679120645e-05,6.520706893923769e-05,60.92359241703525,60.40486679400783,61.610938436992,60.79402825393481,60.27835560234962,61.480276250164025,7041.0,6992.0,7122.0
2,fisher_bingham,16,0,full,15,15,1,1,low,0.5,400,fisher_bingham__p16__rank-full__conc-low__n400.csv,exp(kappa*mu.T@x-x.T@A@x); mean curvature matched to vMF/Bingham; trace-free quadratic anisotropy,isotropic,0.01,5.0,paired_by_fit_repeat,independent,observations,continuous_euler_quadrature,continuous_euler_quadrature,not_applicable,not_applicable,,cpu,float64,3dd392e33da66f38,4,0.2,0.222411518403671,pass,False,349.88810387272605,1.0003360795755691,pass,pass,pass,5,5,5,5,5,5,5,0,0,0,0,0,0,all_observed_attempts_until_stopping,all_fitted_attempts,objective_plateau_fits_only,complete,3.0685716550215147,2.9171563230338506,3.0889980160281993,3.0685716550215147,2.9171563230338506,3.0889980160281993,3.047676276648417,2.896388223511167,3.0680207621771842,0.002073840005323291,0.00204505497822538,0.0020898740040138364,0.005796917947009206,0.005776379955932498,0.0058160690241493285,355.0,337.0,358.0,0.008555873500881717,0.008553823980037123,0.008556144020985812,0.008556966000469401,0.00855487999979232,0.008557026500056963,2.6737104690255364e-05,2.6730699937616008e-05,2.6737950065580662e-05,0.007775587524520233,0.007770993484882638,0.007780263520544395,0.007776436499625561,0.007772223500069231,0.007781268499456928,0.006809849030105397,0.006801189039833844,0.00681439702748321,0.006811352000113402,0.006802382000387297,0.006815625500166789,,,,0.25641572092336373,0.2563932874709862,0.25644374350980126,0.017094381394890914,0.01709288583139908,0.017096249567320084,1.2743328903033667e-05,1.0347868291012071e-05,1.2798842400594209e-05,3.0685716550215147,2.9171563230338506,3.0889980160281993,3.047676276648417,2.896388223511167,3.0680207621771842,355.0,337.0,358.0
2,fisher_bingham,32,0,full,31,31,1,1,high,0.5,400,fisher_bingham__p32__rank-full__conc-high__n400.csv,exp(kappa*mu.T@x-x.T@A@x); mean curvature matched to vMF/Bingham; trace-free quadratic anisotropy,isotropic,0.01,5.0,paired_by_fit_repeat,independent,observations,continuous_euler_quadrature,continuous_euler_quadrature,not_applicable,not_applicable,,cpu,float64,3dd392e33da66f38,4,0.8,0.7840464144647064,pass,True,275.8251805194022,1.0085710279473348,pass,warning,warning,5,5,5,5,5,5,5,0,0,0,0,0,0,all_observed_attempts_until_stopping,all_fitted_attempts,objective_plateau_fits_only,complete,145.83871780399932,144.1509872879833,154.32082007901045,145.83871780399932,144.1509872879833,154.32082007901045,145.59371555777034,143.90880889212713,154.06315049686236,0.0020987140014767647,0.002083292987663299,0.002111966023221612,0.00683693599421531,0.006803944997955114,0.00697883398970589,14493.0,14317.0,15321.0,0.010027612996054813,0.010025192983448505,0.010029755998402834,0.010027547001300263,0.010025193998444593,0.010029908000433352,3.133629061267129e-05,3.132872807327658e-05,3.134298749500886e-05,0.009272569528548047,0.00927175849210471,0.009274077485315502,0.009271303499190253,0.009270207499866956,0.009275281498048571,0.008225858502555639,0.00822339000296779,0.008229329017922282,0.008225878500525141,0.008224569000958581,0.008230357499996899,,,,13.734952250189554,13.734902667215522,13.735201437080558,0.44306297581256626,0.44306137636179105,0.44307101409937283,3.35266180200359e-05,3.1255528670547326e-05,4.7500131629132916e-05,145.83871780399932,144.1509872879833,154.32082007901045,145.59371555777034,143.90880889212713,154.06315049686236,14493.0,14317.0,15321.0
2,fisher_bingham,32,0,full,31,31,1,1,low,0.5,400,fisher_bingham__p32__rank-full__conc-low__n400.csv,exp(kappa*mu.T@x-x.T@A@x); mean curvature matched to vMF/Bingham; trace-free quadratic anisotropy,isotropic,0.01,5.0,paired_by_fit_repeat,independent,observations,continuous_euler_quadrature,continuous_euler_quadrature,not_applicable,not_applicable,,cpu,float64,3dd392e33da66f38,4,0.2,0.21760827847712247,pass,False,400.0,0.9931565560390468,pass,pass,pass,5,5,5,5,5,5,5,0,0,0,0,0,0,all_observed_attempts_until_stopping,all_fitted_attempts,objective_plateau_fits_only,complete,7.410735593992285,7.269311308977194,7.586515066970605,7.410735593992285,7.269311308977194,7.586515066970605,7.38200401305221,7.24101349641569,7.557657137862407,0.0021865429589524865,0.002181121031753719,0.002200483053456992,0.006495550973340869,0.006445402977988124,0.0067351090256124735,737.0,723.0,754.0,0.01000830001430586,0.010001418006140739,0.010008896992076188,0.010008778999690549,0.010002114999224432,0.010009713001636555,3.127593754470581e-05,3.125443126918981e-05,3.127780310023809e-05,0.009215558471623808,0.00921480602119118,0.009218770515872166,0.009216110001943889,0.009215260499331634,0.009219422998285154,0.008178824005881324,0.008176370000001043,0.00818088703090325,0.008180110498869908,0.008177519499440677,0.00818211800105928,,,,-0.16049908989992723,-0.16062188498896823,-0.15959980073479407,-0.005177389996771846,-0.005181351128676395,-0.005148380668864325,8.524954661057573e-06,7.953278452652312e-06,9.940979362359591e-06,7.410735593992285,7.269311308977194,7.586515066970605,7.38200401305221,7.24101349641569,7.557657137862407,737.0,723.0,754.0
2,fisher_bingham,4,0,full,3,3,1,1,high,0.5,400,fisher_bingham__p4__rank-full__conc-high__n400.csv,exp(kappa*mu.T@x-x.T@A@x); mean curvature matched to vMF/Bingham; trace-free quadratic anisotropy,isotropic,0.01,5.0,paired_by_fit_repeat,independent,observations,continuous_euler_quadrature,continuous_euler_quadrature,not_applicable,not_applicable,,cpu,float64,3dd392e33da66f38,4,0.8,0.7839269389221968,pass,False,371.6457350517125,0.9984797575685131,pass,pass,pass,5,5,5,5,5,5,5,0,0,0,0,0,0,all_observed_attempts_until_stopping,all_fitted_attempts,objective_plateau_fits_only,complete,10.914005562954117,10.643299909017514,11.1427808200242,10.914005562954117,10.643299909017514,11.1427808200242,10.862611587450374,10.593285091221333,11.090776183293201,0.0020217150449752808,0.0019879330066032708,0.00209276401437819,0.005619363044388592,0.005590432032477111,0.0058337789960205555,1259.0,1245.0,1281.0,0.008611295954324305,0.008372586977202445,0.008675673976540565,0.008609324000005358,0.008375027999591111,0.008673229999999421,2.6910299857263455e-05,2.6164334303757642e-05,2.7111481176689268e-05,0.007592349487822503,0.007390557002509013,0.007653752982150763,0.007596547000005671,0.007393344499860177,0.0076574854999762465,0.006443537480663508,0.006286960502620786,0.006594734528334811,0.006446830499996281,0.006290254000077766,0.006594200999984423,,,,1.5452636724228095,1.5452628848278263,1.5452999631904092,0.5150878908076032,0.5150876282759421,0.5150999877301364,2.88448837282622e-05,2.7259788965649774e-05,5.1618358496318277e-05,10.914005562954117,10.643299909017514,11.1427808200242,10.862611587450374,10.593285091221333,11.090776183293201,1259.0,1245.0,1281.0
2,fisher_bingham,4,0,full,3,3,1,1,low,0.5,400,fisher_bingham__p4__rank-full__conc-low__n400.csv,exp(kappa*mu.T@x-x.T@A@x); mean curvature matched to vMF/Bingham; trace-free quadratic anisotropy,isotropic,0.01,5.0,paired_by_fit_repeat,independent,observations,continuous_euler_quadrature,continuous_euler_quadrature,not_applicable,not_applicable,,cpu,float64,3dd392e33da66f38,4,0.2,0.22411992714449108,pass,False,291.35165303098154,0.9959880297046915,pass,pass,pass,5,5,5,5,5,5,5,0,0,0,0,0,0,all_observed_attempts_until_stopping,all_fitted_attempts,objective_plateau_fits_only,complete,1.7553020819905214,1.7145091980346479,1.7613791940384544,1.7553020819905214,1.7145091980346479,1.7613791940384544,1.734947916585952,1.693308152956888,1.7408172328723595,0.0020593820372596383,0.0020234669791534543,0.002200740040279925,0.005358258029446006,0.00534994900226593,0.005761649983469397,204.0,197.0,205.0,0.008487837971188128,0.008265935495728627,0.00854853045893833,0.008487348000002726,0.008259534499984511,0.008551132500087988,2.65244936599629e-05,2.583104842415196e-05,2.6714157684182283e-05,0.007535872486187145,0.0074739484989549965,0.007573798502562568,0.007540067000000761,0.007478542499939067,0.007573767500048234,0.00639872599276714,0.0062984774995129555,0.006433170987293124,0.006400748499999054,0.006301282000322317,0.006439548000003015,,,,0.12568226734279309,0.12567906979429022,0.12568994712829396,0.041894089114264364,0.04189302326476341,0.041896649042764654,7.3296265008195155e-06,5.6199966153773994e-06,7.349611682230468e-06,1.7553020819905214,1.7145091980346479,1.7613791940384544,1.734947916585952,1.693308152956888,1.7408172328723595,204.0,197.0,205.0
2,fisher_bingham,64,0,full,63,63,1,1,high,0.5,400,fisher_bingham__p64__rank-full__conc-high__n400.csv,exp(kappa*mu.T@x-x.T@A@x); mean curvature matched to vMF/Bingham; trace-free quadratic anisotropy,isotropic,0.01,5.0,paired_by_fit_repeat,independent,observations,continuous_euler_quadrature,continuous_euler_quadrature,not_applicable,not_applicable,,cpu,float64,3dd392e33da66f38,4,0.8,0.8080630611145259,pass,True,267.86984818456,1.0089516238551797,pass,warning,warning,5,5,5,5,5,5,5,0,0,0,0,0,0,all_observed_attempts_until_stopping,all_fitted_attempts,objective_plateau_fits_only,complete,156.5802652000566,155.62024979898706,157.05164612299995,156.5802652000566,155.62024979898706,157.05164612299995,156.26588444213849,155.30787526321365,156.73347427183762,0.002827725955285132,0.0028166460106149316,0.0028364300378598273,0.010040536988526583,0.00987521099159494,0.010108036978635937,10365.0,10356.0,10491.0,0.015126751037314534,0.015122873504878953,0.015146693505812436,0.015106965001905337,0.015104886499102577,0.015127949500310933,4.727109699160792e-05,4.725897970274673e-05,4.7333417205663865e-05,0.01419553198502399,0.014091862482018769,0.014277191483415663,0.014200122499460122,0.014081675999477739,0.014247626000724267,0.012698095000814646,0.012500236480263993,0.012743781495373696,0.012701330502750352,0.012497063999035163,0.012739626998154563,,,,29.156757172310826,29.15655749659542,29.156762358012166,0.46280566940175916,0.462802499945959,0.46280575171447885,1.2895455598088787e-05,1.2428989787017521e-05,1.6078409234249784e-05,156.5802652000566,155.62024979898706,157.05164612299995,156.26588444213849,155.30787526321365,156.73347427183762,10365.0,10356.0,10491.0
2,fisher_bingham,64,0,full,63,63,1,1,low,0.5,400,fisher_bingham__p64__rank-full__conc-low__n400.csv,exp(kappa*mu.T@x-x.T@A@x); mean curvature matched to vMF/Bingham; trace-free quadratic anisotropy,isotropic,0.01,5.0,paired_by_fit_repeat,independent,observations,continuous_euler_quadrature,continuous_euler_quadrature,not_applicable,not_applicable,,cpu,float64,3dd392e33da66f38,4,0.2,0.21384385651974377,pass,True,247.19795333239426,1.0045230419960525,pass,warning,warning,5,5,5,5,5,5,5,0,0,0,0,0,0,all_observed_attempts_until_stopping,all_fitted_attempts,objective_plateau_fits_only,complete,24.868007594021037,24.402590585988946,30.52509711001767,24.868007594021037,24.402590585988946,30.52509711001767,24.79681479104329,24.332859065791126,30.444422674481757,0.002896587015129626,0.0028498689644038677,0.0029295019921846688,0.010030882025603205,0.00967021199176088,0.010039290005806834,1646.0,1620.0,2026.0,0.015088182524777949,0.015066569030750543,0.015092204994289204,0.015067127498696209,0.015046935001009842,0.01507789250172209,4.715057038993109e-05,4.7083028221095446e-05,4.7163140607153764e-05,0.014073248486965895,0.013977555005112663,0.014168434485327452,0.01404558849753812,0.013982781500089914,0.014160464499582304,0.012572227016789839,0.012493382004322484,0.0126412000390701,0.012539802501123631,0.01249208849912975,0.012621499499800848,,,,-2.8047612992734656,-2.8053852155226906,-2.7965379138943405,-0.04452002062338834,-0.04452992405591572,-0.04438949069673556,1.195964945030685e-05,1.156196551751506e-05,1.448897841303781e-05,24.868007594021037,24.402590585988946,30.52509711001767,24.79681479104329,24.332859065791126,30.444422674481757,1646.0,1620.0,2026.0
2,fisher_bingham,8,0,full,7,7,1,1,high,0.5,400,fisher_bingham__p8__rank-full__conc-high__n400.csv,exp(kappa*mu.T@x-x.T@A@x); mean curvature matched to vMF/Bingham; trace-free quadratic anisotropy,isotropic,0.01,5.0,paired_by_fit_repeat,independent,observations,continuous_euler_quadrature,continuous_euler_quadrature,not_applicable,not_applicable,,cpu,float64,3dd392e33da66f38,4,0.8,0.8018360520876743,pass,True,265.8224135185454,1.010300203928938,pass,warning,warning,5,5,5,5,5,5,3,0,0,0,0,0,0,all_observed_attempts_until_stopping,all_fitted_attempts,objective_plateau_fits_only,complete,34.56014088197844,33.66108358098427,34.76128332701046,34.56014088197844,33.66108358098427,34.76128332701046,34.4752915588906,33.57908572384622,34.677363228285685,0.0019136080518364906,0.0019063050276599824,0.0019323720480315387,0.005400458991061896,0.0052012630039826035,0.005469086987432092,4348.0,4250.0,4383.0,0.007890482491347939,0.007889942033216357,0.007893715985119343,0.007891280999956507,0.007890290000432287,0.007893973000136612,2.4657757785462307e-05,2.4656068853801115e-05,2.4667862453497948e-05,0.0071221245161723346,0.007117564498912543,0.007130397512810305,0.007121806000213837,0.007118710001122963,0.007131777000040529,0.006180213502375409,0.006178478477522731,0.006190336513100192,0.006181319000006624,0.006178618500598532,0.006191294000473135,,,,3.799037417527224,3.7989803519424434,3.799045822892802,0.5427196310753177,0.5427114788489205,0.5427208318418288,9.306868901297701e-05,8.944489947184945e-05,0.00013165541643179573,34.56014088197844,33.66108358098427,34.76128332701046,34.4752915588906,33.57908572384622,34.677363228285685,4348.0,4250.0,4383.0
2,fisher_bingham,8,0,full,7,7,1,1,low,0.5,400,fisher_bingham__p8__rank-full__conc-low__n400.csv,exp(kappa*mu.T@x-x.T@A@x); mean curvature matched to vMF/Bingham; trace-free quadratic anisotropy,isotropic,0.01,5.0,paired_by_fit_repeat,independent,observations,continuous_euler_quadrature,continuous_euler_quadrature,not_applicable,not_applicable,,cpu,float64,3dd392e33da66f38,4,0.2,0.18426262220770667,pass,False,336.253722502531,0.9950344213488074,pass,pass,pass,5,5,5,5,5,5,5,0,0,0,0,0,0,all_observed_attempts_until_stopping,all_fitted_attempts,objective_plateau_fits_only,complete,1.4068599340389483,1.3980724069988355,1.4141858390066773,1.4068599340389483,1.3980724069988355,1.4141858390066773,1.3896449829335324,1.3812752380035818,1.3972990949405357,0.001959822024218738,0.0019444209756329656,0.001977413019631058,0.005358228052500635,0.00535631604725495,0.005360227019991726,178.0,177.0,179.0,0.007826307002687827,0.007824136002454907,0.007839448982849717,0.007827523500054667,0.007825234999472741,0.00784063650007738,2.445720938339946e-05,2.4450425007671585e-05,2.4498278071405367e-05,0.0070747949939686805,0.007069858489558101,0.007078174006892368,0.007076044999848818,0.007071096500112617,0.007079278000219347,0.006132557493401691,0.00613060750765726,0.006136331998277456,0.0061339385001701885,0.0061318624998421,0.006136883999715792,,,,0.20722499645388393,0.20721311985862512,0.20724753973592858,0.02960357092198342,0.029601874265517875,0.02960679139084694,7.612070710597926e-06,7.33581500969154e-06,9.031054943957321e-06,1.4068599340389483,1.3980724069988355,1.4141858390066773,1.3896449829335324,1.3812752380035818,1.3972990949405357,178.0,177.0,179.0
2,macg,16,2,full,14,2,0,2,high,0.5,400,macg__p16_q2__rank-full__conc-high__n400.csv,|Omega|^(q/2)*|X.T@Omega@X|^(-p/2),isotropic,0.01,5.0,paired_by_fit_repeat,independent,observations,closed_form_relative_to_normalized_haar,closed_form_log_determinant,not_applicable,not_applicable,,cpu,float64,3dd392e33da66f38,4,0.8,0.799462894824693,pass,False,400.0,nan,pass,not_applicable,pass,5,5,5,5,5,5,5,0,0,0,0,0,0,all_observed_attempts_until_stopping,all_fitted_attempts,objective_plateau_fits_only,complete,4.297743736009579,4.011868632980622,4.434784914017655,4.297743736009579,4.011868632980622,4.434784914017655,4.267042812483851,3.983294743753504,4.403213079262059,0.0015278710052371025,0.001519948011264205,0.0015310549642890692,0.0009966269717551768,0.0009966269717551768,0.001032631960697472,1711.0,1598.0,1766.0,0.002491380990250036,0.0024913129745982587,0.0024916550028137863,0.002492476999577775,0.0024924389999796404,0.0024926410005718935,7.785565594531363e-06,7.785353045619558e-06,7.786421883793082e-06,0.0019252840138506144,0.0019251979829277843,0.00192561699077487,0.001926460999129631,0.0019261974994151387,0.0019267164998382214,0.0004035815072711557,0.0004025655216537416,0.0004042329965159297,0.00040452800021739677,0.0004036450009152759,0.00040532599996367935,,,,34.529270541347,34.529261362106496,34.52931430144817,1.233188233619536,1.2331879057895176,1.2331897964802916,9.894118510653913e-05,7.275890198470443e-05,9.975895869761883e-05,4.297743736009579,4.011868632980622,4.434784914017655,4.267042812483851,3.983294743753504,4.403213079262059,1711.0,1598.0,1766.0
2,macg,16,2,full,14,2,0,2,low,0.5,400,macg__p16_q2__rank-full__conc-low__n400.csv,|Omega|^(q/2)*|X.T@Omega@X|^(-p/2),isotropic,0.01,5.0,paired_by_fit_repeat,independent,observations,closed_form_relative_to_normalized_haar,closed_form_log_determinant,not_applicable,not_applicable,,cpu,float64,3dd392e33da66f38,4,0.2,0.2030732696769527,pass,False,400.0,nan,pass,not_applicable,pass,5,5,5,5,5,5,5,0,0,0,0,0,0,all_observed_attempts_until_stopping,all_fitted_attempts,objective_plateau_fits_only,complete,0.4527751440182328,0.44687333301408216,0.46516367595177144,0.4527751440182328,0.44687333301408216,0.46516367595177144,0.4446242038393393,0.4390872576041147,0.45709042507223785,0.0016234409995377064,0.0015874850214459002,0.001702107023447752,0.0009952039690688252,0.0009946759673766792,0.0009952390100806952,185.0,184.0,189.0,0.002319425519090146,0.002318631042726338,0.0023214579559862614,0.0023207245003504795,0.0023196969996206462,0.00232255700029782,7.248204747156706e-06,7.245722008519806e-06,7.254556112457067e-06,0.0019241414847783744,0.0019240769906900823,0.0019243104907218367,0.001925466001011955,0.001925187999404443,0.0019254984999861335,0.00040357152465730906,0.0004026380192954093,0.00040394399547949433,0.0004044979996251641,0.0004034684998259763,0.0004047149996040389,,,,2.1138275100376758,2.1137838715343107,2.1138352116848695,0.07549383964420271,0.07549228112622539,0.07549411470303105,6.81572533764443e-05,6.068911974770298e-05,7.693097171128125e-05,0.4527751440182328,0.44687333301408216,0.46516367595177144,0.4446242038393393,0.4390872576041147,0.45709042507223785,185.0,184.0,189.0
2,macg,32,2,full,30,2,0,2,high,0.5,400,macg__p32_q2__rank-full__conc-high__n400.csv,|Omega|^(q/2)*|X.T@Omega@X|^(-p/2),isotropic,0.01,5.0,paired_by_fit_repeat,independent,observations,closed_form_relative_to_normalized_haar,closed_form_log_determinant,not_applicable,not_applicable,,cpu,float64,3dd392e33da66f38,4,0.8,0.7967583404162701,pass,False,400.0,nan,pass,not_applicable,pass,5,5,5,5,5,5,3,0,0,0,0,0,0,all_observed_attempts_until_stopping,all_fitted_attempts,objective_plateau_fits_only,complete,6.666879286000039,6.37776693503838,6.837653169000987,6.666879286000039,6.37776693503838,6.837653169000987,6.6230905028642155,6.335430357314181,6.792659779370297,0.0015541649772785604,0.0015380270197056234,0.0016288820188492537,0.0010320509900338948,0.0010259290575049818,0.00104835897218436,2617.0,2504.0,2690.0,0.0025266159791499376,0.0025252035120502114,0.0025281039997935295,0.002527741999074351,0.0025262830004066927,0.0025292549980804324,7.895674934843555e-06,7.89126097515691e-06,7.900324999354779e-06,0.0019595850026234984,0.0019592454482335597,0.0019615665078163147,0.001960744501047884,0.001960333000170067,0.001962808000826044,0.00040669000009074807,0.00040467295912094414,0.00040864149923436344,0.00040737600102147553,0.0004058005015394883,0.00040952999916044064,,,,72.25997757124067,72.25993396086632,72.26000178899426,1.2043329595206778,1.2043322326811052,1.2043333631499042,9.281901899162624e-05,8.63469252754804e-05,0.00011029148009597574,6.666879286000039,6.37776693503838,6.837653169000987,6.6230905028642155,6.335430357314181,6.792659779370297,2617.0,2504.0,2690.0
2,macg,32,2,full,30,2,0,2,low,0.5,400,macg__p32_q2__rank-full__conc-low__n400.csv,|Omega|^(q/2)*|X.T@Omega@X|^(-p/2),isotropic,0.01,5.0,paired_by_fit_repeat,independent,observations,closed_form_relative_to_normalized_haar,closed_form_log_determinant,not_applicable,not_applicable,,cpu,float64,3dd392e33da66f38,4,0.2,0.19202502156792783,pass,False,400.0,nan,pass,not_applicable,pass,5,5,5,5,5,5,3,0,0,0,0,0,0,all_observed_attempts_until_stopping,all_fitted_attempts,objective_plateau_fits_only,complete,0.5080092629650608,0.505592625006102,0.5151011700509116,0.5080092629650608,0.505592625006102,0.5151011700509116,0.4998318562284112,0.49749243538826704,0.5068962101940997,0.0016262300196103752,0.0015755270142108202,0.001630963000934571,0.0010217849630862474,0.0010195589857175946,0.0010218320530839264,203.0,203.0,204.0,0.002514688007067889,0.0025132049922831357,0.002521724032703787,0.0025138239998341305,0.0025134940005955286,0.002522941002098378,7.858400022087152e-06,7.853765600884799e-06,7.880387602199335e-06,0.001961021975148469,0.0019556850020308048,0.0019614429911598563,0.0019620769999164622,0.0019564729991543572,0.0019623250009317417,0.00040541900671087205,0.0004053364973515272,0.00040857348358258605,0.0004063185006089043,0.00040624050052429084,0.0004092835006304085,,,,3.5562564765398577,3.556248494269017,3.5562964865818336,0.0592709412756643,0.05927080823781695,0.05927160810969723,9.636811452805582e-05,8.68076128690078e-05,0.00010205799476920374,0.5080092629650608,0.505592625006102,0.5151011700509116,0.4998318562284112,0.49749243538826704,0.5068962101940997,203.0,203.0,204.0
2,macg,4,2,full,2,2,0,2,high,0.5,400,macg__p4_q2__rank-full__conc-high__n400.csv,|Omega|^(q/2)*|X.T@Omega@X|^(-p/2),isotropic,0.01,5.0,paired_by_fit_repeat,independent,observations,closed_form_relative_to_normalized_haar,closed_form_log_determinant,not_applicable,not_applicable,,cpu,float64,3dd392e33da66f38,4,0.8,0.8019219505874621,pass,False,400.0,nan,pass,not_applicable,pass,5,5,5,5,5,5,5,0,0,0,0,0,0,all_observed_attempts_until_stopping,all_fitted_attempts,objective_plateau_fits_only,complete,2.639666175993625,2.6376043780473992,2.6763749539968558,2.639666175993625,2.6376043780473992,2.6763749539968558,2.61487368674716,2.6127440549316816,2.6522189541719854,0.0016151809832081199,0.0016047019744291902,0.0016338509740307927,0.0010347680072300136,0.0010343320318497717,0.0010758580174297094,981.0,980.0,993.0,0.00264785997569561,0.002639358979649842,0.0026533549826126546,0.0026498204999825248,0.002640793999944435,0.002655677499888043,8.274562424048781e-06,8.247996811405756e-06,8.291734320664546e-06,0.0020152530050836504,0.002001723478315398,0.0020228745124768466,0.0020168245000036222,0.0020029295000085767,0.0020200794999709615,0.0004214310029055923,0.0004186724836472422,0.00042152151581831276,0.00042240900006618176,0.0004214854999418094,0.0004224985000291781,,,,4.446615488167725,4.446609085427243,4.446615824552285,1.1116538720419313,1.1116522713568107,1.1116539561380712,3.6997178467556954e-05,3.569091677680392e-05,4.598559399319868e-05,2.639666175993625,2.6376043780473992,2.6763749539968558,2.61487368674716,2.6127440549316816,2.6522189541719854,981.0,980.0,993.0
2,macg,4,2,full,2,2,0,2,low,0.5,400,macg__p4_q2__rank-full__conc-low__n400.csv,|Omega|^(q/2)*|X.T@Omega@X|^(-p/2),isotropic,0.01,5.0,paired_by_fit_repeat,independent,observations,closed_form_relative_to_normalized_haar,closed_form_log_determinant,not_applicable,not_applicable,,cpu,float64,3dd392e33da66f38,4,0.2,0.20760638731959383,pass,False,400.0,nan,pass,not_applicable,pass,5,5,5,5,5,5,5,0,0,0,0,0,0,all_observed_attempts_until_stopping,all_fitted_attempts,objective_plateau_fits_only,complete,0.3821173550095409,0.3526063180179335,0.404089989955537,0.3821173550095409,0.3526063180179335,0.404089989955537,0.37434990948531777,0.34441509045427665,0.3954618142452091,0.0017238369910046458,0.001621653966140002,0.0017408509738743305,0.0012078619911335409,0.0010327919735573232,0.0012124149943701923,153.0,135.0,156.0,0.002452560991514474,0.0024518949794583023,0.002461266005411744,0.0024543235000464847,0.0024526659999537515,0.0024611989999812067,7.664253098482732e-06,7.662171810807195e-06,7.6914562669117e-06,0.001993982004933059,0.0019868819799739867,0.001998038002057001,0.0019953409999970972,0.0019881144999658318,0.0019990535000147247,0.00041982150287367404,0.0004183455021120608,0.00042119750287383795,0.00042094549985449703,0.00041927799998120463,0.0004217910001216296,,,,0.1672878057056558,0.16728546858636656,0.16729991234979408,0.04182195142641395,0.04182136714659164,0.04182497808744852,2.355689740985798e-05,1.8966611665698236e-05,2.7579903637754818e-05,0.3821173550095409,0.3526063180179335,0.404089989955537,0.37434990948531777,0.34441509045427665,0.3954618142452091,153.0,135.0,156.0
2,macg,64,2,full,62,2,0,2,high,0.5,400,macg__p64_q2__rank-full__conc-high__n400.csv,|Omega|^(q/2)*|X.T@Omega@X|^(-p/2),isotropic,0.01,5.0,paired_by_fit_repeat,independent,observations,closed_form_relative_to_normalized_haar,closed_form_log_determinant,not_applicable,not_applicable,,cpu,float64,3dd392e33da66f38,4,0.8,0.7992983434509895,pass,False,400.0,nan,pass,not_applicable,pass,5,5,5,5,5,5,4,0,0,0,0,0,0,all_observed_attempts_until_stopping,all_fitted_attempts,objective_plateau_fits_only,complete,8.642134950030595,8.351463916013017,9.037883427983616,8.642134950030595,8.351463916013017,9.037883427983616,8.588011029467452,8.298272906278726,8.962521105946507,0.0016210859757848084,0.00160790397785604,0.0016569510335102677,0.0012464880128391087,0.0012412269716151059,0.0012857690453529358,3191.0,3139.0,3312.0,0.0026074580382555723,0.0025961800129152834,0.0027853769715875387,0.0026085299978149123,0.0025973400006478187,0.002781413000775501,8.148306369548663e-06,8.11306254036026e-06,8.704303036211059e-06,0.0020277650037314743,0.0020256355055607855,0.0020312084816396236,0.002028975000939681,0.002026882499194471,0.002031589499893016,0.00040817749686539173,0.00040635550976730883,0.0004090024740435183,0.0004091139999218285,0.0004073410000273725,0.00040948599962575827,,,,153.42035528170535,153.42032702426292,153.4210195849395,1.2372609296911723,1.237260701808572,1.2372662869753186,8.52215972981297e-05,5.270705939036504e-05,8.974860197782026e-05,8.642134950030595,8.351463916013017,9.037883427983616,8.588011029467452,8.298272906278726,8.962521105946507,3191.0,3139.0,3312.0
2,macg,64,2,full,62,2,0,2,low,0.5,400,macg__p64_q2__rank-full__conc-low__n400.csv,|Omega|^(q/2)*|X.T@Omega@X|^(-p/2),isotropic,0.01,5.0,paired_by_fit_repeat,independent,observations,closed_form_relative_to_normalized_haar,closed_form_log_determinant,not_applicable,not_applicable,,cpu,float64,3dd392e33da66f38,4,0.2,0.23399297365507002,pass,False,400.0,nan,pass,not_applicable,pass,5,5,5,5,5,5,2,0,0,0,0,0,0,all_observed_attempts_until_stopping,all_fitted_attempts,objective_plateau_fits_only,complete,0.5762379329535179,0.5554290289874189,0.6308452690136619,0.5762379329535179,0.5554290289874189,0.6308452690136619,0.5673663368215784,0.5466288057505153,0.6201101279584691,0.0017229249933734536,0.0016303930315189064,0.0017273149569518864,0.0010816900175996125,0.0010705250315368176,0.0011641379678621888,214.0,214.0,222.0,0.0026058389921672642,0.0025911590200848877,0.0027746699925046414,0.002606965001177741,0.002592356000604923,0.0027770630003942642,8.1432468505227e-06,8.097371937765274e-06,8.670843726577004e-06,0.002026230504270643,0.0020225495100021362,0.0020820990030188113,0.0020273400004953146,0.0020237784992787056,0.002083304500047234,0.0004085624823346734,0.00040686249849386513,0.0004091279988642782,0.00040948449895950034,0.00040793199877953157,0.0004100980022485601,,,,15.620964364253084,15.620949914974421,15.620993732579697,0.12597551906655713,0.1259754025401163,0.12597575590790078,0.00010056121998054404,5.905366922644615e-05,0.00012373420170524378,0.5762379329535179,0.5554290289874189,0.6308452690136619,0.5673663368215784,0.5466288057505153,0.6201101279584691,214.0,214.0,222.0
2,macg,8,2,full,6,2,0,2,high,0.5,400,macg__p8_q2__rank-full__conc-high__n400.csv,|Omega|^(q/2)*|X.T@Omega@X|^(-p/2),isotropic,0.01,5.0,paired_by_fit_repeat,independent,observations,closed_form_relative_to_normalized_haar,closed_form_log_determinant,not_applicable,not_applicable,,cpu,float64,3dd392e33da66f38,4,0.8,0.8008070150713994,pass,False,400.0,nan,pass,not_applicable,pass,5,5,5,5,5,5,5,0,0,0,0,0,0,all_observed_attempts_until_stopping,all_fitted_attempts,objective_plateau_fits_only,complete,3.1981016960344277,2.94167947297683,3.3623759699985385,3.1981016960344277,2.94167947297683,3.3623759699985385,3.1740616718307137,2.9187225534697063,3.337158794340212,0.0015056279953569174,0.001498802041169256,0.0015138320159167051,0.0011564010055735707,0.0009841019636951387,0.0011630119988694787,1283.0,1180.0,1349.0,0.0024737530038692057,0.0024737190105952322,0.002473848988302052,0.002474897999491077,0.0024748890009504976,0.0024749920003159787,7.730478137091268e-06,7.730371908110101e-06,7.730778088443913e-06,0.0019088425033260137,0.001908550999360159,0.0019091750145889819,0.0019099750002169458,0.0019097399999736808,0.0019101815000794886,0.0004023835062980652,0.00040214549517259,0.00040263248956762254,0.00040349500022784923,0.0004031119997307542,0.000403886999720271,,,,13.978967771936329,13.978956595956342,13.979029679674095,1.164913980994694,1.1649130496630284,1.1649191399728414,6.545138822268202e-05,4.856395064436584e-05,7.24790928539557e-05,3.1981016960344277,2.94167947297683,3.3623759699985385,3.1740616718307137,2.9187225534697063,3.337158794340212,1283.0,1180.0,1349.0
2,macg,8,2,full,6,2,0,2,low,0.5,400,macg__p8_q2__rank-full__conc-low__n400.csv,|Omega|^(q/2)*|X.T@Omega@X|^(-p/2),isotropic,0.01,5.0,paired_by_fit_repeat,independent,observations,closed_form_relative_to_normalized_haar,closed_form_log_determinant,not_applicable,not_applicable,,cpu,float64,3dd392e33da66f38,4,0.2,0.1963422965486474,pass,False,400.0,nan,pass,not_applicable,pass,5,5,5,5,5,5,5,0,0,0,0,0,0,all_observed_attempts_until_stopping,all_fitted_attempts,objective_plateau_fits_only,complete,0.40171444503357634,0.3699706989573315,0.4162597109680064,0.40171444503357634,0.3699706989573315,0.4162597109680064,0.3940603081136942,0.362435536342673,0.40862435777671635,0.0015974559937603772,0.001522707985714078,0.0016010269755497575,0.0009836619719862938,0.0009836580138653517,0.0011541569838300347,165.0,152.0,171.0,0.002311271528014913,0.0023038730141706765,0.0023225120385177433,0.002312383499884163,0.002304942001501331,0.0023199079996629735,7.222723525046604e-06,7.199603169283364e-06,7.257850120367948e-06,0.0019050295231863856,0.0019048425019718707,0.001905128505313769,0.0019060909994550457,0.0019060059998992074,0.0019061984999098058,0.00040250050369650126,0.0004003225185442716,0.0004028489929623902,0.00040342450029129395,0.0004014025003016286,0.0004037845001221285,,,,0.5059530038106228,0.5059292724398062,0.5059585192390657,0.0421627503175519,0.04216077270331719,0.04216320993658881,5.466550153612553e-05,4.876162842843564e-05,6.491797776638725e-05,0.40171444503357634,0.3699706989573315,0.4162597109680064,0.3940603081136942,0.362435536342673,0.40862435777671635,165.0,152.0,171.0
2,matrix_bingham,16,2,full,14,14,0,2,high,0.5,400,matrix_bingham__p16_q2__rank-full__conc-high__n400.csv,exp(-tr(X.T@A@X)); distinct active eigenvalues,isotropic,0.01,5.0,paired_by_fit_repeat,independent,observations,second_order_saddlepoint_relative_to_normalized_haar,second_order_saddlepoint_relative_to_normalized_haar,2,finite_difference,0.005,cpu,float64,3dd392e33da66f38,4,0.8,0.8130290088631149,pass,False,400.0,nan,pass,not_applicable,pass,5,5,5,5,5,5,3,0,0,0,0,0,0,all_observed_attempts_until_stopping,all_fitted_attempts,objective_plateau_fits_only,complete,69.99837084603496,68.1783406509785,70.13858225598233,69.99837084603496,68.1783406509785,70.13858225598233,69.57156339811627,67.82686287141405,69.74194774753414,0.001830007997341454,0.0018183899810537696,0.0018694709870032966,0.13924749195575714,0.13865089300088584,0.1599637449835427,241.0,235.0,241.0,0.28297574099269696,0.2823403039947152,0.28339677897747606,0.2825678509998397,0.28188503100136586,0.2829312089997984,0.000884299190602178,0.0008823134499834851,0.0008856149343046127,0.2711782275000587,0.271139302989468,0.2712105615064502,0.2707578835006643,0.2707259514991165,0.27076751599997806,0.2702371834893711,0.27015194451087154,0.27048318801098503,0.2697800960004315,0.2697693154996159,0.2700239324994982,0.33840892097214237,0.3366103549487889,0.362065427005291,23.36885271773709,23.36884816910387,23.36898095888606,0.8346018827763247,0.8346017203251382,0.8346064628173593,9.881785353903021e-05,9.494310447794709e-05,0.00018154854698764741,69.99837084603496,68.1783406509785,70.13858225598233,69.57156339811627,67.82686287141405,69.74194774753414,241.0,235.0,241.0
2,matrix_bingham,16,2,full,14,14,0,2,low,0.5,400,matrix_bingham__p16_q2__rank-full__conc-low__n400.csv,exp(-tr(X.T@A@X)); distinct active eigenvalues,isotropic,0.01,5.0,paired_by_fit_repeat,independent,observations,second_order_saddlepoint_relative_to_normalized_haar,second_order_saddlepoint_relative_to_normalized_haar,2,finite_difference,0.005,cpu,float64,3dd392e33da66f38,4,0.2,0.2076193683838099,pass,False,400.0,nan,pass,not_applicable,pass,5,5,5,5,5,5,5,0,0,0,0,0,0,all_observed_attempts_until_stopping,all_fitted_attempts,objective_plateau_fits_only,complete,65.69802122499095,64.8887127120397,66.73795929999324,65.69802122499095,64.8887127120397,66.73795929999324,65.36630959191825,64.55444132216508,66.4051721887081,0.001874651003163308,0.0018603779608383775,0.0018838759860955179,0.13840312196407467,0.13833275204524398,0.13948530098423362,226.0,222.0,227.0,0.2905903750215657,0.29056758648948744,0.2908619579975493,0.29014793599981203,0.29013637699972605,0.2904070770000544,0.0009080949219423928,0.0009080237077796482,0.0009089436187423416,0.2713282540207729,0.27111745098955,0.27143808398977853,0.27090892949945555,0.2707472265001343,0.2709871255010512,0.2703013029822614,0.27028345596045256,0.2707096445374191,0.2698615149993202,0.26983111050049047,0.27025467050043517,0.3183418779517524,0.3181993229663931,0.31854087504325435,2.0570006837313084,2.056673991636083,2.0570297761642644,0.07346431013326102,0.07345264255843154,0.07346534914872373,3.429372104397853e-05,3.120154714284785e-05,3.833711598424842e-05,65.69802122499095,64.8887127120397,66.73795929999324,65.36630959191825,64.55444132216508,66.4051721887081,226.0,222.0,227.0
2,matrix_bingham,32,2,full,30,30,0,2,high,0.5,400,matrix_bingham__p32_q2__rank-full__conc-high__n400.csv,exp(-tr(X.T@A@X)); distinct active eigenvalues,isotropic,0.01,5.0,paired_by_fit_repeat,independent,observations,second_order_saddlepoint_relative_to_normalized_haar,second_order_saddlepoint_relative_to_normalized_haar,2,finite_difference,0.005,cpu,float64,3dd392e33da66f38,4,0.8,0.8032673315915801,pass,False,400.0,nan,pass,not_applicable,pass,5,5,5,5,5,5,4,0,0,0,0,0,0,all_observed_attempts_until_stopping,all_fitted_attempts,objective_plateau_fits_only,complete,79.41173121897737,78.90404041402508,81.95717135001905,79.41173121897737,78.90404041402508,81.95717135001905,79.0257623110083,78.51587478053989,81.57002170366468,0.0019562860252335668,0.0019456410082057118,0.0019573800382204354,0.1492416019900702,0.14911910600494593,0.1493819919996895,257.0,255.0,265.0,0.30063775897724554,0.3003700869739987,0.3009953739820048,0.300170424998214,0.29990142150018073,0.30055083600018406,0.0009394929968038924,0.000938656521793746,0.0009406105436937651,0.2891187164641451,0.2888898095116019,0.289129523007432,0.28866734850089415,0.2884566105003614,0.28868073299963726,0.2890670454944484,0.28868244201294146,0.2899166489660274,0.2886209919997782,0.2882143820024794,0.2894884604993422,0.3714383749756962,0.37069515202892944,0.37160550797125325,48.354127027614304,48.35409194219311,48.35423375507285,0.8059021171269051,0.8059015323698852,0.8059038959178808,8.800711489916063e-05,8.417482258561547e-05,9.350569017105761e-05,79.41173121897737,78.90404041402508,81.95717135001905,79.0257623110083,78.51587478053989,81.57002170366468,257.0,255.0,265.0
2,matrix_bingham,32,2,full,30,30,0,2,low,0.5,400,matrix_bingham__p32_q2__rank-full__conc-low__n400.csv,exp(-tr(X.T@A@X)); distinct active eigenvalues,isotropic,0.01,5.0,paired_by_fit_repeat,independent,observations,second_order_saddlepoint_relative_to_normalized_haar,second_order_saddlepoint_relative_to_normalized_haar,2,finite_difference,0.005,cpu,float64,3dd392e33da66f38,4,0.2,0.22503676127864522,pass,False,400.0,nan,pass,not_applicable,pass,5,5,5,5,5,5,5,0,0,0,0,0,0,all_observed_attempts_until_stopping,all_fitted_attempts,objective_plateau_fits_only,complete,69.253202892025,68.65934700402431,70.89116466598352,69.253202892025,68.65934700402431,70.89116466598352,68.89610620017629,68.30430225579767,70.53385707183043,0.001992816978599876,0.001987509022001177,0.0020171229843981564,0.15066978603135794,0.1489644609973766,0.15183204098138958,224.0,222.0,228.0,0.30292445997474715,0.30188696598634124,0.3086798540025484,0.3024740209984884,0.30141767999884905,0.3082406755002012,0.0009466389374210848,0.0009433967687073163,0.0009646245437579636,0.28910434848512523,0.28906043598544784,0.2893304034951143,0.2887376860016957,0.2885911195007793,0.28887708599904727,0.2890681089775171,0.2885289450059645,0.28919337049592286,0.2886148454981594,0.288084064000941,0.2887513034984295,0.33971811895025894,0.33953242702409625,0.3403290059650317,5.455803196187587,5.455648683051093,5.455922429009985,0.09093005326979312,0.09092747805085155,0.09093204048349975,2.1005222831552648e-05,1.95581154100987e-05,2.9899553865222887e-05,69.253202892025,68.65934700402431,70.89116466598352,68.89610620017629,68.30430225579767,70.53385707183043,224.0,222.0,228.0
2,matrix_bingham,4,2,full,2,2,0,2,high,0.5,400,matrix_bingham__p4_q2__rank-full__conc-high__n400.csv,exp(-tr(X.T@A@X)); distinct active eigenvalues,isotropic,0.01,5.0,paired_by_fit_repeat,independent,observations,second_order_saddlepoint_relative_to_normalized_haar,second_order_saddlepoint_relative_to_normalized_haar,2,finite_difference,0.005,cpu,float64,3dd392e33da66f38,4,0.8,0.828819047670863,pass,False,400.0,nan,pass,not_applicable,pass,5,5,5,5,5,5,0,0,0,0,0,0,0,all_observed_attempts_until_stopping,all_fitted_attempts,objective_plateau_fits_only,complete,70.25727395300055,57.27337700600037,71.23252437799238,70.25727395300055,57.27337700600037,71.23252437799238,69.91303276177496,56.881261384347454,70.884755284118,0.002093166986014694,0.002045803004875779,0.002120547986123711,0.14873816299950704,0.14698805200168863,0.14909216802334413,228.0,186.0,231.0,0.3017494895029813,0.29956479801330715,0.3018488480011001,0.3011004510000248,0.29910962700023447,0.30136329799984196,0.0009429671546968166,0.0009361399937915848,0.0009432776500034379,0.2848408020217903,0.2828256924985908,0.2867375565110706,0.28437962799966954,0.28236508899999535,0.2862252215000467,0.2884133239858784,0.2870839860406704,0.2888418269867543,0.2879586405000225,0.28660309600002165,0.28838675850010986,0.3263571409625001,0.3250832519843243,0.3282461029593833,3.8478879787667024,3.8478111521714524,3.847928492594666,0.9619719946916756,0.9619527880428631,0.9619821231486665,0.00015685797285497417,0.0001310192275793332,0.00017913822743537397,70.25727395300055,57.27337700600037,71.23252437799238,69.91303276177496,56.881261384347454,70.884755284118,228.0,186.0,231.0
2,matrix_bingham,4,2,full,2,2,0,2,low,0.5,400,matrix_bingham__p4_q2__rank-full__conc-low__n400.csv,exp(-tr(X.T@A@X)); distinct active eigenvalues,isotropic,0.01,5.0,paired_by_fit_repeat,independent,observations,second_order_saddlepoint_relative_to_normalized_haar,second_order_saddlepoint_relative_to_normalized_haar,2,finite_difference,0.005,cpu,float64,3dd392e33da66f38,4,0.2,0.1738332971659796,pass,False,400.0,nan,pass,not_applicable,pass,5,5,5,5,5,5,4,0,0,0,0,0,0,all_observed_attempts_until_stopping,all_fitted_attempts,objective_plateau_fits_only,complete,56.47384685504949,51.594867308973335,57.42137765296502,56.47384685504949,51.594867308973335,57.42137765296502,56.123468747828156,51.241691089526284,57.059791971056256,0.002099757024552673,0.001990796998143196,0.002128196007106453,0.14867870399029925,0.14708711102139205,0.1510403929860331,180.0,166.0,184.0,0.3076719180098735,0.3049419139861129,0.30975447449600324,0.3071681069999954,0.304492461999871,0.30926410300003226,0.0009614747437808546,0.0009529434812066029,0.0009679827328000102,0.2871769854973536,0.2836988295021001,0.2882268035027664,0.28678351499991095,0.2832486904999314,0.2877524050000062,0.2890316524717491,0.28420092398300767,0.29227268250542693,0.28855190000001585,0.2837573755000449,0.29187879750000434,0.33614595397375524,0.33304834802402183,0.34047211502911523,0.17897026251393,0.1789086163952729,0.1789980320300804,0.0447425656284825,0.04472715409881822,0.0447495080075201,4.461694768057165e-05,4.236791921614584e-05,5.937972076533671e-05,56.47384685504949,51.594867308973335,57.42137765296502,56.123468747828156,51.241691089526284,57.059791971056256,180.0,166.0,184.0
2,matrix_bingham,64,2,full,62,62,0,2,high,0.5,400,matrix_bingham__p64_q2__rank-full__conc-high__n400.csv,exp(-tr(X.T@A@X)); distinct active eigenvalues,isotropic,0.01,5.0,paired_by_fit_repeat,independent,observations,second_order_saddlepoint_relative_to_normalized_haar,second_order_saddlepoint_relative_to_normalized_haar,2,finite_difference,0.005,cpu,float64,3dd392e33da66f38,4,0.8,0.8090326016335401,pass,False,400.0,nan,pass,not_applicable,pass,5,5,5,5,5,5,5,0,0,0,0,0,0,all_observed_attempts_until_stopping,all_fitted_attempts,objective_plateau_fits_only,complete,106.60309915000107,102.51123524096329,109.60757068300154,106.60309915000107,102.51123524096329,109.60757068300154,106.13185440812958,102.03854529396631,109.14052431192249,0.0027109970105811954,0.0026710039819590747,0.0027252280269749463,0.18673370900796726,0.18480827199527994,0.1867475640028715,273.0,264.0,283.0,0.37874108002870344,0.37770441352040507,0.3792252559796907,0.37817930950041045,0.3770895060006296,0.3786251240017009,0.0011835658750896983,0.001180326292251266,0.0011850789249365334,0.362541730486555,0.3619412500120234,0.36281823497847654,0.36198520949983504,0.3613922504991933,0.3622648729979119,0.36431203701067716,0.36332868700264953,0.364377247489756,0.36365890100023535,0.36271753499931947,0.3637427625035343,0.45414007402723655,0.452040181029588,0.4557163059944287,100.61034833365454,100.6102161184788,100.6105257067945,0.8113737768843108,0.8113727106328936,0.811375207312859,8.79766418487392e-05,8.747163113447272e-05,9.016599933078396e-05,106.60309915000107,102.51123524096329,109.60757068300154,106.13185440812958,102.03854529396631,109.14052431192249,273.0,264.0,283.0
2,matrix_bingham,64,2,full,62,62,0,2,low,0.5,400,matrix_bingham__p64_q2__rank-full__conc-low__n400.csv,exp(-tr(X.T@A@X)); distinct active eigenvalues,isotropic,0.01,5.0,paired_by_fit_repeat,independent,observations,second_order_saddlepoint_relative_to_normalized_haar,second_order_saddlepoint_relative_to_normalized_haar,2,finite_difference,0.005,cpu,float64,3dd392e33da66f38,4,0.2,0.19992053586904387,pass,False,400.0,nan,pass,not_applicable,pass,5,5,5,5,5,5,5,0,0,0,0,0,0,all_observed_attempts_until_stopping,all_fitted_attempts,objective_plateau_fits_only,complete,87.91511142702075,87.86293992499122,91.25765336398035,87.91511142702075,87.86293992499122,91.25765336398035,87.4725839405437,87.42181750381133,90.81561964796856,0.0027856570086441934,0.00278013403294608,0.002849748998414725,0.18631543399533257,0.18506627704482526,0.18648773804306984,226.0,225.0,235.0,0.3800334639963694,0.37980762249208055,0.38122751301852986,0.37940317600077833,0.3792017884989036,0.3807491650004522,0.0011876045749886544,0.0011868988202877518,0.0011913359781829057,0.3630157535080798,0.362129240995273,0.3630639730254188,0.3624846835009521,0.3616748269996606,0.36252137049996236,0.36254778699367307,0.36195316902012564,0.3631596830091439,0.3620818674971815,0.36140757799876155,0.36259110550054174,0.42753724101930857,0.42703937500482425,0.4285361669608392,11.37980735203333,11.37980126000854,11.380459459776866,0.09177263993575266,0.09177259080652048,0.09177789886916828,2.0494770527049714e-05,1.09051100100061e-05,3.16311978865975e-05,87.91511142702075,87.86293992499122,91.25765336398035,87.4725839405437,87.42181750381133,90.81561964796856,226.0,225.0,235.0
2,matrix_bingham,8,2,full,6,6,0,2,high,0.5,400,matrix_bingham__p8_q2__rank-full__conc-high__n400.csv,exp(-tr(X.T@A@X)); distinct active eigenvalues,isotropic,0.01,5.0,paired_by_fit_repeat,independent,observations,second_order_saddlepoint_relative_to_normalized_haar,second_order_saddlepoint_relative_to_normalized_haar,2,finite_difference,0.005,cpu,float64,3dd392e33da66f38,4,0.8,0.7915405829010521,pass,False,400.0,nan,pass,not_applicable,pass,5,5,5,5,5,5,2,0,0,0,0,0,0,all_observed_attempts_until_stopping,all_fitted_attempts,objective_plateau_fits_only,complete,62.44419452699367,61.65726338495733,66.38104554603342,62.44419452699367,61.65726338495733,66.38104554603342,62.11547590716509,61.32877370365895,66.05122593935812,0.0017600759747438133,0.001750948023982346,0.001766746980138123,0.13353741000173613,0.13323861901881173,0.1335484019946307,224.0,220.0,238.0,0.2721062204800546,0.2719639830174856,0.2724315520026721,0.2717993890009893,0.2716036579995489,0.2719772760001433,0.0008503319390001707,0.0008498874469296425,0.0008513486000083503,0.26112717151409015,0.26100351801142097,0.26141447050031275,0.26070270800028084,0.2606278289999864,0.26096030950020577,0.26055672150687315,0.26040887998533435,0.2607665945251938,0.26017774249976355,0.2599618379995263,0.26030267850023847,0.3159103720099665,0.3158878440153785,0.3159641880192794,9.469000219186842,9.468854255915975,9.469004331713132,0.7890833515989035,0.7890711879929979,0.7890836943094276,0.0001009543511148594,8.4059581490347e-05,0.00011476647853868333,62.44419452699367,61.65726338495733,66.38104554603342,62.11547590716509,61.32877370365895,66.05122593935812,224.0,220.0,238.0
2,matrix_bingham,8,2,full,6,6,0,2,low,0.5,400,matrix_bingham__p8_q2__rank-full__conc-low__n400.csv,exp(-tr(X.T@A@X)); distinct active eigenvalues,isotropic,0.01,5.0,paired_by_fit_repeat,independent,observations,second_order_saddlepoint_relative_to_normalized_haar,second_order_saddlepoint_relative_to_normalized_haar,2,finite_difference,0.005,cpu,float64,3dd392e33da66f38,4,0.2,0.21694855796855275,pass,False,400.0,nan,pass,not_applicable,pass,5,5,5,5,5,5,5,0,0,0,0,0,0,all_observed_attempts_until_stopping,all_fitted_attempts,objective_plateau_fits_only,complete,60.63820728502469,58.36225689901039,61.12788293400081,60.63820728502469,58.36225689901039,61.12788293400081,60.327685372612905,58.051578526909,60.817148736619856,0.0017973370268009603,0.001779784040991217,0.001811326015740633,0.1335077760159038,0.13319041003705934,0.1350292669958435,215.0,208.0,217.0,0.27986186399357393,0.27970549900783226,0.27998179351561703,0.2794388610000169,0.2792604814999322,0.27959587650002504,0.0008745683249799186,0.0008740796843994758,0.0008749431047363032,0.2611911265121307,0.26103965600486845,0.26121558650629595,0.26078953449996334,0.260675529999844,0.26081410649976533,0.2607075620035175,0.26059200649615377,0.26074163100565784,0.26034225700004754,0.2602293859999918,0.2603680385000189,0.2976553670014255,0.2974299840279855,0.2978072009864263,0.8451770206496668,0.8451069225097626,0.8452732707346332,0.07043141838747223,0.07042557687581355,0.0704394392278861,4.472765897694995e-05,3.11509629371149e-05,6.128107654244363e-05,60.63820728502469,58.36225689901039,61.12788293400081,60.327685372612905,58.051578526909,60.817148736619856,215.0,208.0,217.0
2,matrix_fisher,16,2,full,2,2,2,0,high,0.5,400,matrix_fisher__p16_q2__rank-full__conc-high__n400.csv,exp(tr(F.T@X)),isotropic,0.01,5.0,paired_by_fit_repeat,independent,observations,second_order_saddlepoint_relative_to_normalized_haar,second_order_saddlepoint_relative_to_normalized_haar,2,finite_difference,0.005,cpu,float64,3dd392e33da66f38,4,0.8,0.8033580049322258,pass,True,325.3249112986991,0.9921787969394295,pass,warning,warning,5,5,5,5,5,5,0,0,0,0,0,0,0,all_observed_attempts_until_stopping,all_fitted_attempts,objective_plateau_fits_only,complete,140.29863574303454,138.68063151597744,140.34451564296614,140.29863574303454,138.68063151597744,140.34451564296614,140.09737911599223,138.48002687713597,140.14255126932403,0.0017737929592840374,0.0016615029890090227,0.00179503601975739,0.0689012809889391,0.06857036199653521,0.06906136602628976,1199.0,1185.0,1200.0,0.11661943496437743,0.11654739698860794,0.11663133994443342,0.11643680799897993,0.11635729800036643,0.1164375430016662,0.00036443573426367946,0.00036421061558939983,0.00036447293732635446,0.10766803252045065,0.10763740801485255,0.10768997948616743,0.10751886750040285,0.1074010365000504,0.10753711400138855,0.10721339198062196,0.10720705051789992,0.10737924301065505,0.10706702500101528,0.10704596700088587,0.10722116099987034,0.13624164700740948,0.13622413703706115,0.13633626798400655,15.571283745155762,15.571163465460092,15.573485546128662,0.5369408187984746,0.5369366712227618,0.5370167429699538,0.000737470063164745,0.0007254581451766981,0.000798807944724091,140.29863574303454,138.68063151597744,140.34451564296614,140.09737911599223,138.48002687713597,140.14255126932403,1199.0,1185.0,1200.0
2,matrix_fisher,16,2,full,2,2,2,0,low,0.5,400,matrix_fisher__p16_q2__rank-full__conc-low__n400.csv,exp(tr(F.T@X)),isotropic,0.01,5.0,paired_by_fit_repeat,independent,observations,second_order_saddlepoint_relative_to_normalized_haar,second_order_saddlepoint_relative_to_normalized_haar,2,finite_difference,0.005,cpu,float64,3dd392e33da66f38,4,0.2,0.1909790531033002,pass,True,400.0,1.0026066673270544,pass,warning,warning,5,5,5,5,5,5,5,0,0,0,0,0,0,all_observed_attempts_until_stopping,all_fitted_attempts,objective_plateau_fits_only,complete,20.467808254994452,19.54306972998893,21.342713150021154,20.467808254994452,19.54306972998893,21.342713150021154,20.311427807842847,19.388400523224846,21.187020104494877,0.0017747560050338507,0.0017626479966565967,0.0017853760509751737,0.06861909298459068,0.06854652799665928,0.06903460598550737,178.0,170.0,186.0,0.11283071248908527,0.11268193047726527,0.11289097549160942,0.11262735249965772,0.11253547500018612,0.11273560449899378,0.0003525959765283915,0.00035213103274145396,0.00035278429841127944,0.10761900848592632,0.10761763251502998,0.10762762950616889,0.10747308749978401,0.10738834849962586,0.10747596400051407,0.10719319098279811,0.10710775651386939,0.1072194394946564,0.1070316309996997,0.10693347599953995,0.1070618169997033,0.11996244499459863,0.119635007053148,0.12013102101627737,0.6156948238242966,0.6155694851064443,0.6160009358670608,0.021230855993941262,0.021226533969187732,0.021241411581622786,1.2822646553369847e-05,9.277534425360475e-06,2.1307078974976984e-05,20.467808254994452,19.54306972998893,21.342713150021154,20.311427807842847,19.388400523224846,21.187020104494877,178.0,170.0,186.0
2,matrix_fisher,32,2,full,2,2,2,0,high,0.5,400,matrix_fisher__p32_q2__rank-full__conc-high__n400.csv,exp(tr(F.T@X)),isotropic,0.01,5.0,paired_by_fit_repeat,independent,observations,second_order_saddlepoint_relative_to_normalized_haar,second_order_saddlepoint_relative_to_normalized_haar,2,finite_difference,0.005,cpu,float64,3dd392e33da66f38,4,0.8,0.7995790394945038,pass,True,292.8130707037397,1.0008880358979675,pass,warning,warning,5,5,5,5,5,5,0,0,0,0,0,0,0,all_observed_attempts_until_stopping,all_fitted_attempts,objective_plateau_fits_only,complete,177.79743041202892,173.11752636102028,181.78441111301072,177.79743041202892,173.11752636102028,181.78441111301072,177.5886774190585,172.91493186657317,181.58029507042374,0.0017709800158627331,0.0017509669996798038,0.0017918060184456408,0.06743088597431779,0.06735393503913656,0.06755975703708827,1538.0,1500.0,1574.0,0.11486448848154396,0.11484350799582899,0.1150019170017913,0.11469002199919487,0.11467269399872748,0.11481945749983424,0.00035895152650482486,0.0003588859624869656,0.0003593809906305978,0.10610459497547708,0.10608927850262262,0.10631487000500783,0.1059370589991886,0.10588257550080016,0.10616657049831701,0.10554254648741335,0.10552640998503193,0.1055895299941767,0.10538902450025489,0.10537672200007364,0.10543250899900158,0.13440934603568166,0.13440587505465373,0.13454886799445376,32.3953695469069,32.389764393251895,32.3959199402925,0.5310716319165065,0.5309797441516704,0.5310806547588934,0.0013418874305661146,0.0012559009624072183,0.001521323242927618,177.79743041202892,173.11752636102028,181.78441111301072,177.5886774190585,172.91493186657317,181.58029507042374,1538.0,1500.0,1574.0
2,matrix_fisher,32,2,full,2,2,2,0,low,0.5,400,matrix_fisher__p32_q2__rank-full__conc-low__n400.csv,exp(tr(F.T@X)),isotropic,0.01,5.0,paired_by_fit_repeat,independent,observations,second_order_saddlepoint_relative_to_normalized_haar,second_order_saddlepoint_relative_to_normalized_haar,2,finite_difference,0.005,cpu,float64,3dd392e33da66f38,4,0.2,0.1974770871894148,pass,False,340.4611435982846,1.001028767851139,pass,pass,pass,5,5,5,5,5,5,4,0,0,0,0,0,0,all_observed_attempts_until_stopping,all_fitted_attempts,objective_plateau_fits_only,complete,21.718138046970125,19.85631800198462,23.51838535600109,21.718138046970125,19.85631800198462,23.51838535600109,21.56161572790006,19.704517401987687,23.365693159634247,0.0017180389841087162,0.0017146530444733799,0.001804444007575512,0.0684193639899604,0.06753539998317137,0.06862770102452487,191.0,174.0,207.0,0.11197687999811023,0.1117856340133585,0.11231228400720283,0.11171160699814209,0.11161655500109191,0.11216152700035309,0.0003499277499940945,0.00034933010629174533,0.00035097588752250883,0.10609780900995247,0.10603924750466831,0.10612154798582196,0.10595123300117848,0.105895471499025,0.10596869949949905,0.10547981498530135,0.1053972699737642,0.10554104699986055,0.10533039950132661,0.10524908200022765,0.10538716200062481,0.11766074498882517,0.11760812101420015,0.11771978699835017,1.2170328470053273,1.216781644776355,1.2175503823451828,0.019951358147628318,0.019947240078300902,0.019959842333527586,8.403780214758596e-06,4.38678419778327e-06,2.8017055681166986e-05,21.718138046970125,19.85631800198462,23.51838535600109,21.56161572790006,19.704517401987687,23.365693159634247,191.0,174.0,207.0
2,matrix_fisher,4,2,full,2,2,2,0,high,0.5,400,matrix_fisher__p4_q2__rank-full__conc-high__n400.csv,exp(tr(F.T@X)),isotropic,0.01,5.0,paired_by_fit_repeat,independent,observations,second_order_saddlepoint_relative_to_normalized_haar,second_order_saddlepoint_relative_to_normalized_haar,2,finite_difference,0.005,cpu,float64,3dd392e33da66f38,4,0.8,0.8102809183846957,pass,False,400.0,0.9971371754705198,pass,pass,pass,5,5,5,5,5,5,2,0,0,0,0,0,0,all_observed_attempts_until_stopping,all_fitted_attempts,objective_plateau_fits_only,complete,66.95901845197659,66.92877194599714,68.84615862404462,66.95901845197659,66.92877194599714,68.84615862404462,66.76751745451475,66.74116798472824,68.65689093450783,0.0020637880079448223,0.0019565699622035027,0.00207414198666811,0.07286554801976308,0.07217853399924934,0.07330076996004209,540.0,531.0,550.0,0.1244851005030796,0.12307476048590615,0.1244999545160681,0.12425576049999876,0.12285789299994576,0.12428700599991771,0.0003890159390721237,0.00038460862651845673,0.0003890623578627128,0.11454419200890698,0.11427053200895898,0.11471632798202336,0.11432110200000523,0.1140505764997215,0.1145094280000194,0.11556748897419311,0.11513918152195401,0.11576623751898296,0.11531352749999257,0.11494426000012936,0.1155977820001226,0.14077900600386783,0.14053834497462958,0.14105531299719587,3.298567321672337,3.2985145169855032,3.2989411017701507,0.6597134643344674,0.6597029033971007,0.6597882203540302,0.00026842653197487994,2.038942829927044e-05,0.00030932019621454247,66.95901845197659,66.92877194599714,68.84615862404462,66.76751745451475,66.74116798472824,68.65689093450783,540.0,531.0,550.0
2,matrix_fisher,4,2,full,2,2,2,0,low,0.5,400,matrix_fisher__p4_q2__rank-full__conc-low__n400.csv,exp(tr(F.T@X)),isotropic,0.01,5.0,paired_by_fit_repeat,independent,observations,second_order_saddlepoint_relative_to_normalized_haar,second_order_saddlepoint_relative_to_normalized_haar,2,finite_difference,0.005,cpu,float64,3dd392e33da66f38,4,0.2,0.22972646638408803,pass,False,272.5287866125447,0.9957429843214433,pass,pass,pass,5,5,5,5,5,5,3,0,0,0,0,0,0,all_observed_attempts_until_stopping,all_fitted_attempts,objective_plateau_fits_only,complete,23.398975596996024,18.716650809976272,23.418131361017004,23.398975596996024,18.716650809976272,23.418131361017004,23.235042187036015,18.551754717947915,23.252289118652698,0.0018410030170343816,0.001824624021537602,0.0019296469981782138,0.07293289504013956,0.07285556598799303,0.07300399203086272,189.0,150.0,189.0,0.1238406189950183,0.12328083999454975,0.1240398624795489,0.1236755689999427,0.12309285200035447,0.12380795549999846,0.0003870019343594322,0.000385252624982968,0.0003876245702485903,0.11467367346631363,0.11378671901184134,0.11504664848325774,0.114494760999996,0.113642324500006,0.1148357299999816,0.11449941800674424,0.11434531401027925,0.11556608200771734,0.11433300549999359,0.1141964145001566,0.1153881164999575,0.12710642296588048,0.12649523001164198,0.12792683503357694,0.18412919503235864,0.1840696595153475,0.1841504714267094,0.036825839006471725,0.0368139319030695,0.03683009428534188,7.683351111903834e-05,5.143743886956609e-05,0.0002010896600362478,23.398975596996024,18.716650809976272,23.418131361017004,23.235042187036015,18.551754717947915,23.252289118652698,189.0,150.0,189.0
2,matrix_fisher,64,2,full,2,2,2,0,high,0.5,400,matrix_fisher__p64_q2__rank-full__conc-high__n400.csv,exp(tr(F.T@X)),isotropic,0.01,5.0,paired_by_fit_repeat,independent,observations,second_order_saddlepoint_relative_to_normalized_haar,second_order_saddlepoint_relative_to_normalized_haar,2,finite_difference,0.005,cpu,float64,3dd392e33da66f38,4,0.8,0.7987720164098772,pass,True,158.93175317993254,1.042057762401778,pass,warning,warning,5,5,5,5,5,5,0,0,0,0,0,0,0,all_observed_attempts_until_stopping,all_fitted_attempts,objective_plateau_fits_only,complete,223.63421663298504,220.73178750602528,225.80214080400765,223.63421663298504,220.73178750602528,225.80214080400765,223.40725617075805,220.50538324780064,225.57291745499242,0.0018590249819681048,0.0018581809708848596,0.0018677989719435573,0.07249237800715491,0.07242803502595052,0.07277852098923177,1818.0,1796.0,1835.0,0.12280928395921364,0.12272989348275587,0.12285040653659962,0.12260342899389798,0.12254777700036357,0.12264149099792121,0.00038377901237254266,0.0003835309171336121,0.0003839075204268738,0.11360616350430064,0.11336237349314615,0.11372445448068902,0.11339833599959093,0.11320766799690318,0.11349869049990957,0.11268336052307859,0.11240777801140212,0.11289136201958172,0.1125265840018983,0.11224291299913602,0.11271545899944613,0.14282769802957773,0.14199306099908426,0.14302128000417724,62.78071872270637,62.77331801270729,62.7874858933346,0.5022457497816509,0.5021865441016583,0.5022998871466767,0.001280013111909811,0.0012059604984461718,0.001354581077528696,223.63421663298504,220.73178750602528,225.80214080400765,223.40725617075805,220.50538324780064,225.57291745499242,1818.0,1796.0,1835.0
2,matrix_fisher,64,2,full,2,2,2,0,low,0.5,400,matrix_fisher__p64_q2__rank-full__conc-low__n400.csv,exp(tr(F.T@X)),isotropic,0.01,5.0,paired_by_fit_repeat,independent,observations,second_order_saddlepoint_relative_to_normalized_haar,second_order_saddlepoint_relative_to_normalized_haar,2,finite_difference,0.005,cpu,float64,3dd392e33da66f38,4,0.2,0.17219331289435566,pass,True,382.37586380649805,0.9927297104479456,pass,warning,warning,5,5,5,5,5,5,3,0,0,0,0,0,0,all_observed_attempts_until_stopping,all_fitted_attempts,objective_plateau_fits_only,complete,22.306123065005522,22.182418985001277,24.89807983097853,22.306123065005522,22.182418985001277,24.89807983097853,22.147202068706974,22.016962069959845,24.73462328023743,0.0018146630027331412,0.001806201005820185,0.0019182160031050444,0.07184540299931541,0.07152420602506027,0.0726240259828046,189.0,183.0,206.0,0.11887702348758467,0.11887065699556842,0.11990006698761135,0.11871679899923038,0.11871332999726292,0.11974893600199721,0.0003714906983987021,0.0003714708031111513,0.00037468770933628547,0.11358845498762093,0.11032098098075949,0.11364414051058702,0.1134430850015633,0.11017731700121658,0.11349058549967594,0.11282176349777728,0.1127220050257165,0.11286479499540292,0.11266533199886908,0.11257078899870976,0.11271477999980561,0.1250223449897021,0.12484094296814874,0.12516730598872527,1.8237376937979817,1.8231601621600635,1.8258130172559408,0.014589901550383854,0.014585281297280508,0.014606504138047526,7.258385704016224e-06,5.426856712503158e-06,0.0002117145265665581,22.306123065005522,22.182418985001277,24.89807983097853,22.147202068706974,22.016962069959845,24.73462328023743,189.0,183.0,206.0
2,matrix_fisher,8,2,full,2,2,2,0,high,0.5,400,matrix_fisher__p8_q2__rank-full__conc-high__n400.csv,exp(tr(F.T@X)),isotropic,0.01,5.0,paired_by_fit_repeat,independent,observations,second_order_saddlepoint_relative_to_normalized_haar,second_order_saddlepoint_relative_to_normalized_haar,2,finite_difference,0.005,cpu,float64,3dd392e33da66f38,4,0.8,0.790427825671222,pass,True,400.0,1.0051013449962543,pass,warning,warning,5,5,5,5,5,5,0,0,0,0,0,0,0,all_observed_attempts_until_stopping,all_fitted_attempts,objective_plateau_fits_only,complete,92.47721669997554,88.62256332894322,92.5129284550203,92.47721669997554,88.62256332894322,92.5129284550203,92.29450348892715,88.44045311055379,92.33056664816104,0.0017557339742779732,0.0017172570223920047,0.0017682340112514794,0.06781255197711289,0.0674399359850213,0.06789304601261392,805.0,774.0,807.0,0.11416764900786802,0.11415551195386797,0.11429884698009118,0.11398483949960792,0.11398187000122562,0.11412617600035446,0.00035677390314958757,0.0003567359748558374,0.00035718389681278496,0.10547494399361312,0.10528992599574849,0.10548338896478526,0.10525086199959333,0.10509903850106639,0.10533915199948751,0.10494092447333969,0.10482378650340252,0.10529310398851521,0.1047970970012102,0.10467810050022308,0.10514000300054249,0.12913827801821753,0.12902572297025472,0.12925094598904252,6.91615849185925,6.916107911392895,6.917244100388155,0.5320121916814807,0.5320083008763765,0.5320957000298581,0.0005894395846434835,0.00029765899568512524,0.0006096312241020486,92.47721669997554,88.62256332894322,92.5129284550203,92.29450348892715,88.44045311055379,92.33056664816104,805.0,774.0,807.0
2,matrix_fisher,8,2,full,2,2,2,0,low,0.5,400,matrix_fisher__p8_q2__rank-full__conc-low__n400.csv,exp(tr(F.T@X)),isotropic,0.01,5.0,paired_by_fit_repeat,independent,observations,second_order_saddlepoint_relative_to_normalized_haar,second_order_saddlepoint_relative_to_normalized_haar,2,finite_difference,0.005,cpu,float64,3dd392e33da66f38,4,0.2,0.20762461907179217,pass,False,400.0,1.0018352849955159,pass,pass,pass,5,5,5,5,5,5,5,0,0,0,0,0,0,all_observed_attempts_until_stopping,all_fitted_attempts,objective_plateau_fits_only,complete,20.413385009975173,19.442426567024086,22.09932336001657,20.413385009975173,19.442426567024086,22.09932336001657,20.26095224439632,19.289836908574216,21.9463255283772,0.0017511550104245543,0.0016803229809738696,0.0017582389991730452,0.06722224003169686,0.06706135702552274,0.06777292001061141,181.0,172.0,196.0,0.11104029498528689,0.11094412201782688,0.11142520303837955,0.11087338300012561,0.11072940750000271,0.11119218249996266,0.0003470009218290215,0.00034670038130570904,0.00034820375949493607,0.10546005552168936,0.105387683986919,0.10546303750015795,0.10531486450008742,0.1052382679999937,0.10531792849997146,0.10517039851401933,0.10503431252436712,0.10527931599062867,0.10501794499987227,0.10488482849996217,0.10512944149968462,0.1170040059951134,0.11690676602302119,0.11715381598332897,0.20919143491333442,0.2091908378649257,0.2096009799477446,0.016091648839487264,0.016091602912686593,0.01612315230367266,1.1174558279588916e-05,1.0619007143525803e-05,4.345344227980593e-05,20.413385009975173,19.442426567024086,22.09932336001657,20.26095224439632,19.289836908574216,21.9463255283772,181.0,172.0,196.0
2,matrix_fisher_bingham,16,2,full,15,15,2,2,high,0.5,400,matrix_fisher_bingham__p16_q2__rank-full__conc-high__n400.csv,exp(tr(F.T@X)-tr(X.T@A@X)); mean curvature matched to matrix Fisher/Bingham; trace-free quadratic anisotropy,isotropic,0.01,5.0,paired_by_fit_repeat,independent,observations,second_order_saddlepoint_relative_to_normalized_haar,second_order_saddlepoint_relative_to_normalized_haar,2,finite_difference,0.005,cpu,float64,3dd392e33da66f38,4,0.8,0.8111090379050467,pass,True,287.2241211139215,1.0022200637025933,pass,warning,warning,5,5,5,5,5,5,0,0,0,0,0,0,0,all_observed_attempts_until_stopping,all_fitted_attempts,objective_plateau_fits_only,complete,666.173913976003,650.448124048009,697.8001985769952,666.173913976003,650.448124048009,697.8001985769952,665.7771918214858,649.9872712855577,697.4046124765882,0.0025129049899987876,0.002493286971002817,0.0026394770247861743,0.1417954369680956,0.1410106309922412,0.14299287600442767,2112.0,2062.0,2213.0,0.31404100853251293,0.3140036030090414,0.31404167698929086,0.3135657380007615,0.3135366349997639,0.31357243999991624,0.000981378151664103,0.0009812612594032543,0.000981380240591534,0.2939289655187167,0.2936319759755861,0.29394614149350673,0.29346580450055626,0.2931678514996747,0.2934954544998618,0.2929389320197515,0.29244746995391324,0.29301096001290716,0.29249286350022885,0.29199446699931286,0.29254148400104896,0.3403364960104227,0.3400900359847583,0.3404580279602669,16.31319306068183,16.310853654099606,16.316615207381588,0.562523898644201,0.5624432294517105,0.5626419037028134,0.00028332617206734565,0.0002477480098446099,0.0002928131832092751,666.173913976003,650.448124048009,697.8001985769952,665.7771918214858,649.9872712855577,697.4046124765882,2112.0,2062.0,2213.0
2,matrix_fisher_bingham,16,2,full,15,15,2,2,low,0.5,400,matrix_fisher_bingham__p16_q2__rank-full__conc-low__n400.csv,exp(tr(F.T@X)-tr(X.T@A@X)); mean curvature matched to matrix Fisher/Bingham; trace-free quadratic anisotropy,isotropic,0.01,5.0,paired_by_fit_repeat,independent,observations,second_order_saddlepoint_relative_to_normalized_haar,second_order_saddlepoint_relative_to_normalized_haar,2,finite_difference,0.005,cpu,float64,3dd392e33da66f38,4,0.2,0.19489858513554237,pass,False,275.84795148797576,0.9961415106392707,pass,pass,pass,5,5,5,5,5,5,5,0,0,0,0,0,0,all_observed_attempts_until_stopping,all_fitted_attempts,objective_plateau_fits_only,complete,61.084013394021895,59.47510359802982,61.641002407006454,61.084013394021895,59.47510359802982,61.641002407006454,60.75677090609679,59.15097294957377,61.313039204105735,0.002498871006537229,0.002492933999747038,0.0026297520380467176,0.14155168901197612,0.14118953002616763,0.14165615901583806,194.0,191.0,195.0,0.31346679804846644,0.31328332249540836,0.31353369751013815,0.3129792069994437,0.31281431450042874,0.3130870880004295,0.0009795837439014576,0.000979010382798151,0.0009797928047191816,0.29368295552558266,0.29343635152326897,0.29387310953461565,0.293264015499517,0.2929997615001412,0.2934208434999164,0.2929626845289022,0.2926802299916744,0.2931564584723674,0.29249979500036716,0.2922290549995523,0.29268744149976555,0.33077027898980305,0.32997938204789534,0.3311479850090109,0.388115597228484,0.3879658405928167,0.3881938392116883,0.01338329645615462,0.013378132434235059,0.01338599445557546,1.1229426443684347e-05,1.0340065588835682e-05,1.1318097333244035e-05,61.084013394021895,59.47510359802982,61.641002407006454,60.75677090609679,59.15097294957377,61.313039204105735,194.0,191.0,195.0
2,matrix_fisher_bingham,32,2,full,31,31,2,2,high,0.5,400,matrix_fisher_bingham__p32_q2__rank-full__conc-high__n400.csv,exp(tr(F.T@X)-tr(X.T@A@X)); mean curvature matched to matrix Fisher/Bingham; trace-free quadratic anisotropy,isotropic,0.01,5.0,paired_by_fit_repeat,independent,observations,second_order_saddlepoint_relative_to_normalized_haar,second_order_saddlepoint_relative_to_normalized_haar,2,finite_difference,0.005,cpu,float64,3dd392e33da66f38,4,0.8,0.7874517540317422,pass,True,197.92933094953702,1.0048438655186993,pass,warning,warning,5,5,5,5,5,5,0,0,0,0,0,0,0,all_observed_attempts_until_stopping,all_fitted_attempts,objective_plateau_fits_only,complete,885.8654335089959,839.9666486369679,898.8357712600264,885.8654335089959,839.9666486369679,898.8357712600264,885.4446627567522,839.5497989327414,898.4016511369846,0.0026602339930832386,0.0026465010014362633,0.002724139019846916,0.15382637997390702,0.15220328199211508,0.15883220604155213,2600.0,2512.0,2650.0,0.33357137796701863,0.33295510048628785,0.3340698180254549,0.3330757040021126,0.33246411549953336,0.33355326400123886,0.0010424105561469333,0.0010404846890196494,0.0010439681813295466,0.31180316998506896,0.3117006095126271,0.31202662203577347,0.31134358999952383,0.3112308955005574,0.31149046050086326,0.3141985354886856,0.31254327698843554,0.31559257599292323,0.31373910250113113,0.312095995499476,0.31511401099851355,0.3553224849747494,0.35502247797558084,0.3553611539537087,30.677645463977832,30.674687350890544,30.681157738232958,0.5029122207209481,0.5028637270637794,0.5029697989874256,0.0001530471885593264,0.00014805463956855635,0.0001636828384609079,885.8654335089959,839.9666486369679,898.8357712600264,885.4446627567522,839.5497989327414,898.4016511369846,2600.0,2512.0,2650.0
2,matrix_fisher_bingham,32,2,full,31,31,2,2,low,0.5,400,matrix_fisher_bingham__p32_q2__rank-full__conc-low__n400.csv,exp(tr(F.T@X)-tr(X.T@A@X)); mean curvature matched to matrix Fisher/Bingham; trace-free quadratic anisotropy,isotropic,0.01,5.0,paired_by_fit_repeat,independent,observations,second_order_saddlepoint_relative_to_normalized_haar,second_order_saddlepoint_relative_to_normalized_haar,2,finite_difference,0.005,cpu,float64,3dd392e33da66f38,4,0.2,0.20254551417282976,pass,True,364.37857341033487,1.0019701642352288,pass,warning,warning,5,5,5,5,5,5,5,0,0,0,0,0,0,all_observed_attempts_until_stopping,all_fitted_attempts,objective_plateau_fits_only,complete,80.49912333599059,79.71355859702453,81.47088780999184,80.49912333599059,79.71355859702453,81.47088780999184,80.13538125855848,79.35088117909618,81.1055092481547,0.002653772011399269,0.0026412479928694665,0.002730356005486101,0.15254358702804893,0.15230386500479653,0.153716697008349,241.0,239.0,244.0,0.33288098202319816,0.33275911200325936,0.3330536824942101,0.33242596099808,0.3322898330006865,0.3325268545013387,0.0010402530688224942,0.0010398722250101855,0.0010407927577944065,0.31168380749295466,0.31139516847906634,0.31170517101418227,0.3112330860003567,0.31092838649783516,0.31124190549962805,0.31462246598675847,0.3143332894833293,0.31511196750216186,0.3141662335001456,0.3137934559981659,0.3146345340010157,0.36737059795996174,0.36450854502618313,0.3687927389983088,0.3952377737096008,0.39376425540603893,0.395670532785369,0.00647930776573116,0.006455151727967851,0.006486402176809328,2.8090528377181005e-05,9.798713417074797e-06,3.21375407992956e-05,80.49912333599059,79.71355859702453,81.47088780999184,80.13538125855848,79.35088117909618,81.1055092481547,241.0,239.0,244.0
2,matrix_fisher_bingham,4,2,full,3,3,2,2,high,0.5,400,matrix_fisher_bingham__p4_q2__rank-full__conc-high__n400.csv,exp(tr(F.T@X)-tr(X.T@A@X)); mean curvature matched to matrix Fisher/Bingham; trace-free quadratic anisotropy,isotropic,0.01,5.0,paired_by_fit_repeat,independent,observations,second_order_saddlepoint_relative_to_normalized_haar,second_order_saddlepoint_relative_to_normalized_haar,2,finite_difference,0.005,cpu,float64,3dd392e33da66f38,4,0.8,0.8043078468877315,pass,False,350.7917419416319,1.0017054934247398,pass,pass,pass,5,5,5,5,5,5,0,0,0,0,0,0,0,all_observed_attempts_until_stopping,all_fitted_attempts,objective_plateau_fits_only,complete,271.5633885609568,267.7708411270287,275.7688260379946,271.5633885609568,267.7708411270287,275.7688260379946,271.1899549688678,267.39007108286023,275.37952348432736,0.0027070040232501924,0.002562188950832933,0.0027571189566515386,0.15424914297182113,0.15217907901387662,0.15513955004280433,815.0,790.0,825.0,0.33573273103684187,0.33441773505182937,0.33651197352446616,0.33524613400004455,0.3338508809999894,0.33597636400008923,0.0010491647844901308,0.0010450554220369668,0.0010515999172639567,0.312053524015937,0.311804174532881,0.31364923500223085,0.3115547925000328,0.31127433500000734,0.3131798560000334,0.31287927899393253,0.3128514524723869,0.3129469665000215,0.31235655349996705,0.3117874645000711,0.3124924100000044,0.35906547401100397,0.35778858500998467,0.3610996820498258,3.246185502688352,3.2449996453923804,3.246345591408435,0.6492371005376704,0.648999929078476,0.649269118281687,0.00023673520103240507,0.0001892948219080409,0.00025962429752470563,271.5633885609568,267.7708411270287,275.7688260379946,271.1899549688678,267.39007108286023,275.37952348432736,815.0,790.0,825.0
2,matrix_fisher_bingham,4,2,full,3,3,2,2,low,0.5,400,matrix_fisher_bingham__p4_q2__rank-full__conc-low__n400.csv,exp(tr(F.T@X)-tr(X.T@A@X)); mean curvature matched to matrix Fisher/Bingham; trace-free quadratic anisotropy,isotropic,0.01,5.0,paired_by_fit_repeat,independent,observations,second_order_saddlepoint_relative_to_normalized_haar,second_order_saddlepoint_relative_to_normalized_haar,2,finite_difference,0.005,cpu,float64,3dd392e33da66f38,4,0.2,0.1896549995531823,pass,False,400.0,1.0062154844502742,pass,pass,pass,5,5,5,5,5,5,5,0,0,0,0,0,0,all_observed_attempts_until_stopping,all_fitted_attempts,objective_plateau_fits_only,complete,58.61910957895452,54.892758711997885,60.14288962504361,58.61910957895452,54.892758711997885,60.14288962504361,58.27693217759952,54.55005646974314,59.79369098128518,0.0026799970073625445,0.002646333014126867,0.0028262269916012883,0.1527715409756638,0.15239208895945922,0.15433408197714016,177.0,164.0,179.0,0.3343297240207903,0.33318176501779817,0.33556703705107793,0.33367823399998997,0.33272744650025743,0.33498342899997624,0.0010447803875649696,0.0010411930156806193,0.0010486469907846185,0.31199073648895137,0.3101320394780487,0.3135408209927846,0.3113797830000067,0.3096713835000173,0.3130564130000266,0.31411395251052454,0.31350651549291797,0.31696636200649664,0.31365558099992086,0.31296033499998543,0.31582952750000004,0.33755925396690145,0.3364819860435091,0.3388628890388645,0.07193654919400218,0.0718969014583726,0.07196074444608844,0.014387309838800436,0.01437938029167452,0.014392148889217688,2.0746254703005886e-05,1.8494006427326305e-05,2.2722803683424563e-05,58.61910957895452,54.892758711997885,60.14288962504361,58.27693217759952,54.55005646974314,59.79369098128518,177.0,164.0,179.0
2,matrix_fisher_bingham,64,2,full,63,63,2,2,high,0.5,400,matrix_fisher_bingham__p64_q2__rank-full__conc-high__n400.csv,exp(tr(F.T@X)-tr(X.T@A@X)); mean curvature matched to matrix Fisher/Bingham; trace-free quadratic anisotropy,isotropic,0.01,5.0,paired_by_fit_repeat,independent,observations,second_order_saddlepoint_relative_to_normalized_haar,second_order_saddlepoint_relative_to_normalized_haar,2,finite_difference,0.005,cpu,float64,3dd392e33da66f38,4,0.8,0.7995806545680942,pass,True,253.5322307562472,1.0064240283299228,pass,warning,warning,5,5,5,5,1,1,0,4,4,0,0,0,0,all_observed_attempts_until_stopping,all_fitted_attempts,objective_plateau_fits_only,complete_with_limits,1000.5776782929897,1000.433402581024,1000.6629794230103,1000.5776782929897,1000.433402581024,1000.6629794230103,1000.0584255089634,999.9510728149908,1000.1677996728104,0.0033981019514612854,0.0033853239729069173,0.003452021977864206,0.19562724401475862,0.1901862999657169,0.20327438600361347,2395.0,2395.0,2429.0,0.41681723500369117,0.4138032749760896,0.4169771349988878,0.4161669189998065,0.41315611000027275,0.41632798399950843,0.001302553859386535,0.00129313523430028,0.0013030535468715244,0.3882721244881395,0.3816247099894099,0.39086774553288706,0.387673637998887,0.38103330549893144,0.39031212449845043,0.3904537925263867,0.3867608244763687,0.39204896899173036,0.3898347915019258,0.38615171349920274,0.3913888955012226,0.45253586099715903,0.4454165859497152,0.45296340802451596,60.17371837609092,60.17350355480146,60.17593248956068,0.48138974700872733,0.48138802843841166,0.4814074599164854,0.00010934141151876174,0.00010497243840833287,0.00010955232045287426,985.0540568099823,985.0540568099823,985.0540568099823,984.526301178732,984.526301178732,984.526301178732,2361.0,2361.0,2361.0
2,matrix_fisher_bingham,64,2,full,63,63,2,2,low,0.5,400,matrix_fisher_bingham__p64_q2__rank-full__conc-low__n400.csv,exp(tr(F.T@X)-tr(X.T@A@X)); mean curvature matched to matrix Fisher/Bingham; trace-free quadratic anisotropy,isotropic,0.01,5.0,paired_by_fit_repeat,independent,observations,second_order_saddlepoint_relative_to_normalized_haar,second_order_saddlepoint_relative_to_normalized_haar,2,finite_difference,0.005,cpu,float64,3dd392e33da66f38,4,0.2,0.20512410743521772,pass,True,400.0,1.0182640093747684,pass,warning,warning,5,5,5,5,5,5,5,0,0,0,0,0,0,all_observed_attempts_until_stopping,all_fitted_attempts,objective_plateau_fits_only,complete,147.305611659016,143.99656211794354,149.3445830749697,147.305611659016,143.99656211794354,149.3445830749697,146.8537692972459,143.54398309648968,148.89337883336702,0.0034289140021428466,0.003414534032344818,0.003430329030379653,0.1887103320332244,0.18754310498479754,0.1903014190029353,356.0,346.0,360.0,0.4142168104881421,0.4116135489894077,0.4148461805016268,0.41358031549680163,0.41096994600229664,0.4141785029987659,0.001294427532775444,0.0012862923405918992,0.0012963943140675838,0.3905450930178631,0.38935251548537053,0.3906911049853079,0.38990409950019966,0.38873965550192224,0.3900497850008833,0.39228903700131923,0.3890365780098364,0.3935267249762546,0.3916412604958168,0.38844478399914806,0.39292520849994617,0.4604864729917608,0.460427860962227,0.4607721510110423,-0.9832121919634597,-0.9879926932342086,-0.9830255577905413,-0.007865697535707677,-0.007903941545873669,-0.007864204462324331,3.524245358234153e-05,2.707627961188113e-05,3.613282938074741e-05,147.305611659016,143.99656211794354,149.3445830749697,146.8537692972459,143.54398309648968,148.89337883336702,356.0,346.0,360.0
2,matrix_fisher_bingham,8,2,full,7,7,2,2,high,0.5,400,matrix_fisher_bingham__p8_q2__rank-full__conc-high__n400.csv,exp(tr(F.T@X)-tr(X.T@A@X)); mean curvature matched to matrix Fisher/Bingham; trace-free quadratic anisotropy,isotropic,0.01,5.0,paired_by_fit_repeat,independent,observations,second_order_saddlepoint_relative_to_normalized_haar,second_order_saddlepoint_relative_to_normalized_haar,2,finite_difference,0.005,cpu,float64,3dd392e33da66f38,4,0.8,0.8073376421298939,pass,True,265.0723259997318,0.9993374027798873,pass,warning,warning,5,5,5,5,5,5,0,0,0,0,0,0,0,all_observed_attempts_until_stopping,all_fitted_attempts,objective_plateau_fits_only,complete,455.6290821710136,436.1131471499684,488.6553394579678,455.6290821710136,436.1131471499684,488.6553394579678,455.26430670375703,435.7483724861522,488.28625375503907,0.002482881012838334,0.002386079984717071,0.0025419120211154222,0.13797286100452766,0.13790029397932813,0.13807122502475977,1496.0,1432.0,1606.0,0.30284409649902955,0.30278210900723934,0.30289279398857616,0.3023837050000111,0.302331994999804,0.3024331405003977,0.0009463878015594674,0.0009461940906476229,0.0009465399812143005,0.28333994300919585,0.2831664514960721,0.2833436655055266,0.282934641499196,0.28272455050000644,0.2829813514995294,0.28287601249758154,0.28229843752342276,0.28341428900603205,0.2824293454996223,0.2819434514999557,0.2829652125001303,0.32826440496137366,0.32780401303898543,0.32847553299507126,7.984470138719345,7.983225983053174,7.98552031924262,0.6141900106707189,0.6140943063887057,0.6142707937878938,0.0004007548366670834,0.00035321008470931613,0.00044170179206265886,455.6290821710136,436.1131471499684,488.6553394579678,455.26430670375703,435.7483724861522,488.28625375503907,1496.0,1432.0,1606.0
2,matrix_fisher_bingham,8,2,full,7,7,2,2,low,0.5,400,matrix_fisher_bingham__p8_q2__rank-full__conc-low__n400.csv,exp(tr(F.T@X)-tr(X.T@A@X)); mean curvature matched to matrix Fisher/Bingham; trace-free quadratic anisotropy,isotropic,0.01,5.0,paired_by_fit_repeat,independent,observations,second_order_saddlepoint_relative_to_normalized_haar,second_order_saddlepoint_relative_to_normalized_haar,2,finite_difference,0.005,cpu,float64,3dd392e33da66f38,4,0.2,0.21004895427269513,pass,False,381.47288059257284,1.006559305459244,pass,pass,pass,5,5,5,5,5,5,4,0,0,0,0,0,0,all_observed_attempts_until_stopping,all_fitted_attempts,objective_plateau_fits_only,complete,53.154075087979436,47.09277113695862,58.7337743989774,53.154075087979436,47.09277113695862,58.7337743989774,52.82663762016455,46.767109259264544,58.41581900214078,0.002454461995512247,0.0024359009694308043,0.0024586409563198686,0.13856412400491536,0.1376822500023991,0.14648589701391757,174.0,154.0,194.0,0.3022205550223589,0.3021799040143378,0.3024463615147397,0.3017754879997483,0.30172317649953584,0.30200376650009275,0.0009444392344448715,0.0009443122000448057,0.0009451448797335616,0.28338614452513866,0.28307422998477705,0.28374969150172547,0.28293648750013745,0.28263675949983735,0.283288904499841,0.2830745199753437,0.2827384324918967,0.28307520199450664,0.28261864400019476,0.28234571800021513,0.28268089550056175,0.3188357679755427,0.31849006604170427,0.3188705330248922,0.33681514797361567,0.33664864187352234,0.3368554363532002,0.025908857536431976,0.025896049374886335,0.02591195664255386,4.01084148413498e-05,1.3751924295094963e-05,4.582589164731436e-05,53.154075087979436,47.09277113695862,58.7337743989774,52.82663762016455,46.767109259264544,58.41581900214078,174.0,154.0,194.0
2,vmf,16,0,rank1,1,1,1,1,high,0.5,400,vmf__p16__rank-rank1__conc-high__n400.csv,exp(kappa*mu.T@x),isotropic,0.01,5.0,paired_by_fit_repeat,independent,observations,scaled_modified_bessel_function_cpu,scaled_modified_bessel_function_cpu,not_applicable,not_applicable,,cpu,float64,3dd392e33da66f38,4,0.8,0.7936647099159393,pass,False,400.0,nan,pass,not_applicable,pass,5,5,5,5,5,5,3,0,0,0,0,0,0,all_observed_attempts_until_stopping,all_fitted_attempts,objective_plateau_fits_only,complete,4.237512363004498,4.191544946981594,4.249699105974287,4.237512363004498,4.191544946981594,4.249699105974287,4.196547367959283,4.151412869337946,4.208653951063752,0.0010751920053735375,0.0010515719768591225,0.001089347992092371,0.0005831869784742594,0.0005828209687024355,0.000591826974414289,2474.0,2445.0,2485.0,0.0017138629918918014,0.0017135095258709043,0.0017147730104625225,0.0017149839986814186,0.0017146050004157587,0.0017158899991045473,5.35582184966188e-06,5.354717268346576e-06,5.358665657695383e-06,0.0010411760013084859,0.0010409974784124643,0.0010417105222586542,0.0010422304994790466,0.0010417489993415074,0.001042414000039571,0.0003094355051871389,0.00030938602867536247,0.0003098459856119007,0.0003102865002801991,0.00031015150125313085,0.00031079900054464815,,,,7.67449261594129,7.674492265140404,7.6745191309048195,0.5116328410627526,0.5116328176760269,0.511634608726988,9.663928290841559e-05,9.493815587546705e-05,0.00011203992563567995,4.237512363004498,4.191544946981594,4.249699105974287,4.196547367959283,4.151412869337946,4.208653951063752,2474.0,2445.0,2485.0
2,vmf,16,0,rank1,1,1,1,1,low,0.5,400,vmf__p16__rank-rank1__conc-low__n400.csv,exp(kappa*mu.T@x),isotropic,0.01,5.0,paired_by_fit_repeat,independent,observations,scaled_modified_bessel_function_cpu,scaled_modified_bessel_function_cpu,not_applicable,not_applicable,,cpu,float64,3dd392e33da66f38,4,0.2,0.1905918383612866,pass,False,400.0,nan,pass,not_applicable,pass,5,5,5,5,5,5,5,0,0,0,0,0,0,all_observed_attempts_until_stopping,all_fitted_attempts,objective_plateau_fits_only,complete,0.3290811089682393,0.32844841899350286,0.3292809909908101,0.3290811089682393,0.32844841899350286,0.3292809909908101,0.3220309313037433,0.3218375635333359,0.3226142260245979,0.001092457037884742,0.0010484670056030154,0.0011025400017388165,0.0005920869880355895,0.0005840059602633119,0.000812623999081552,195.0,194.0,196.0,0.0017076189978979528,0.0017060090031009167,0.001708190015051514,0.001708788500764058,0.0017071890006263857,0.0017092219986807322,5.336309368431103e-06,5.331278134690365e-06,5.338093797035981e-06,0.0010416054865345359,0.0010407039953861386,0.0010416294680908322,0.0010426364997329074,0.0010418579995530308,0.0010427395000078832,0.00031016452703624964,0.00030991301173344254,0.00031065449002198875,0.000311094499011233,0.0003108569999312749,0.0003116134994343156,,,,0.23960903120998922,0.23958333660691578,0.23961715953900709,0.01597393541399928,0.01597222244046105,0.015974477302600473,8.648186384980413e-06,8.194905652455433e-06,1.0042713301329015e-05,0.3290811089682393,0.32844841899350286,0.3292809909908101,0.3220309313037433,0.3218375635333359,0.3226142260245979,195.0,194.0,196.0
2,vmf,32,0,rank1,1,1,1,1,high,0.5,400,vmf__p32__rank-rank1__conc-high__n400.csv,exp(kappa*mu.T@x),isotropic,0.01,5.0,paired_by_fit_repeat,independent,observations,scaled_modified_bessel_function_cpu,scaled_modified_bessel_function_cpu,not_applicable,not_applicable,,cpu,float64,3dd392e33da66f38,4,0.8,0.7976397440930368,pass,False,400.0,nan,pass,not_applicable,pass,5,5,5,5,5,5,5,0,0,0,0,0,0,all_observed_attempts_until_stopping,all_fitted_attempts,objective_plateau_fits_only,complete,7.61257126898272,7.592595996975433,7.710139586997684,7.61257126898272,7.592595996975433,7.710139586997684,7.543420294008683,7.523835550353397,7.639787535939831,0.001054338994435966,0.0010533020249567926,0.0010876910528168082,0.0008118170080706477,0.0006031160010024905,0.0008161740261130035,4393.0,4387.0,4457.0,0.0017225609626621008,0.0017223019967786968,0.0017233030521310866,0.0017236849998880643,0.001723428002151195,0.0017244419977942016,5.383003008319065e-06,5.382193739933427e-06,5.385322037909646e-06,0.0010551435116212815,0.00105404102941975,0.001056397974025458,0.0010561920007603476,0.0010551854993536836,0.0010575524993328145,0.00031359048443846405,0.00031310648773796856,0.000314205011818558,0.0003147830011585029,0.0003140615008305758,0.00031513349949818803,,,,15.605125253134553,15.605059943939452,15.605150804891572,0.5033911371978887,0.5033890304496598,0.5033919614481153,7.152778810675788e-05,3.2655378897962625e-05,7.532207000229324e-05,7.61257126898272,7.592595996975433,7.710139586997684,7.543420294008683,7.523835550353397,7.639787535939831,4393.0,4387.0,4457.0
2,vmf,32,0,rank1,1,1,1,1,low,0.5,400,vmf__p32__rank-rank1__conc-low__n400.csv,exp(kappa*mu.T@x),isotropic,0.01,5.0,paired_by_fit_repeat,independent,observations,scaled_modified_bessel_function_cpu,scaled_modified_bessel_function_cpu,not_applicable,not_applicable,,cpu,float64,3dd392e33da66f38,4,0.2,0.2045586297632149,pass,False,400.0,nan,pass,not_applicable,pass,5,5,5,5,5,5,5,0,0,0,0,0,0,all_observed_attempts_until_stopping,all_fitted_attempts,objective_plateau_fits_only,complete,0.5867797359824181,0.5774088850012049,0.5885097489808686,0.5867797359824181,0.5774088850012049,0.5885097489808686,0.5779401363106444,0.5682972209178843,0.5796763990074396,0.0010707969777286053,0.001053360989317298,0.0011050449684262276,0.0006015480030328035,0.0005972580402158201,0.0006025260081514716,342.0,335.0,343.0,0.001716121012577787,0.001715701015200466,0.0017168589984066784,0.0017173005016957177,0.0017165609988296637,0.0017180329996335786,5.362878164305585e-06,5.361565672501456e-06,5.36518437002087e-06,0.001049195503583178,0.0010477289906702936,0.0010494084854144603,0.0010502834993530996,0.001048760001140181,0.0010505694990570191,0.00030965846963226795,0.00030927101033739746,0.000309926486806944,0.0003107075008301763,0.0003102195005340036,0.0003110724992438918,,,,0.9164711710179354,0.9164547804128969,0.9164831711861119,0.029563586161868886,0.02956305743267409,0.029563973264068125,9.535564150643204e-06,9.521841645825891e-06,9.679170605055255e-06,0.5867797359824181,0.5774088850012049,0.5885097489808686,0.5779401363106444,0.5682972209178843,0.5796763990074396,342.0,335.0,343.0
2,vmf,4,0,rank1,1,1,1,1,high,0.5,400,vmf__p4__rank-rank1__conc-high__n400.csv,exp(kappa*mu.T@x),isotropic,0.01,5.0,paired_by_fit_repeat,independent,observations,scaled_modified_bessel_function_cpu,scaled_modified_bessel_function_cpu,not_applicable,not_applicable,,cpu,float64,3dd392e33da66f38,4,0.8,0.781758133515331,pass,False,400.0,nan,pass,not_applicable,pass,5,5,5,5,5,5,5,0,0,0,0,0,0,all_observed_attempts_until_stopping,all_fitted_attempts,objective_plateau_fits_only,complete,0.9158383719623089,0.9000791579601355,0.9697616660268977,0.9158383719623089,0.9000791579601355,0.9697616660268977,0.9034417618531734,0.8878337398637086,0.9556240625097416,0.0011461250251159072,0.0011116209789179265,0.0011767760151997209,0.0006260080263018608,0.0006246620323508978,0.0006743889534845948,495.0,491.0,510.0,0.0018138070008717477,0.0017962395213544369,0.001871483982540667,0.0018150490000010677,0.0017974029999550112,0.0018733800000063638,5.668146877724212e-06,5.613248504232615e-06,5.8483874454395846e-06,0.0010964544781018049,0.0010962219967041165,0.001096868043532595,0.0010978694999987937,0.001097445000141306,0.0010985889999801657,0.0003256385098211467,0.00032517750514671206,0.0003273794718552381,0.0003266385000415539,0.00032627749999925015,0.000328381000031186,,,,1.7508225425687092,1.7508184775535023,1.7508394984480236,0.5836075141895697,0.5836061591845008,0.5836131661493412,3.082859035366193e-05,2.508261349776378e-05,5.0274634894269374e-05,0.9158383719623089,0.9000791579601355,0.9697616660268977,0.9034417618531734,0.8878337398637086,0.9556240625097416,495.0,491.0,510.0
2,vmf,4,0,rank1,1,1,1,1,low,0.5,400,vmf__p4__rank-rank1__conc-low__n400.csv,exp(kappa*mu.T@x),isotropic,0.01,5.0,paired_by_fit_repeat,independent,observations,scaled_modified_bessel_function_cpu,scaled_modified_bessel_function_cpu,not_applicable,not_applicable,,cpu,float64,3dd392e33da66f38,4,0.2,0.19648507257817754,pass,False,400.0,nan,pass,not_applicable,pass,5,5,5,5,5,5,5,0,0,0,0,0,0,all_observed_attempts_until_stopping,all_fitted_attempts,objective_plateau_fits_only,complete,0.3267553379992023,0.3219289810513146,0.3449500410351902,0.3267553379992023,0.3219289810513146,0.3449500410351902,0.31941994302906096,0.31374113191850483,0.3369113547960296,0.0012131439871154726,0.0011348070111125708,0.0012533459812402725,0.0007129549630917609,0.0006372539792209864,0.0008809969876892865,180.0,173.0,185.0,0.0018087850185111165,0.0018007085309363902,0.0018252850277349353,0.0018098169999980485,0.0018020294999132602,0.0018278999998528889,5.652453182847239e-06,5.62721415917622e-06,5.704015711671672e-06,0.0010977185156662017,0.00109235750278458,0.0011214935220777988,0.001098900000215508,0.0010936995000019323,0.0011228949999804172,0.000324574502883479,0.0003229169815313071,0.00032476402702741325,0.00032555300003878074,0.00032400350005445944,0.00032568650000186494,,,,0.052530891925862466,0.05253004238771819,0.052538272302926625,0.01751029730862082,0.017510014129239398,0.017512757434308874,2.4670457566711654e-06,2.2926966407763677e-06,2.515050169540132e-06,0.3267553379992023,0.3219289810513146,0.3449500410351902,0.31941994302906096,0.31374113191850483,0.3369113547960296,180.0,173.0,185.0
2,vmf,64,0,rank1,1,1,1,1,high,0.5,400,vmf__p64__rank-rank1__conc-high__n400.csv,exp(kappa*mu.T@x),isotropic,0.01,5.0,paired_by_fit_repeat,independent,observations,scaled_modified_bessel_function_cpu,scaled_modified_bessel_function_cpu,not_applicable,not_applicable,,cpu,float64,3dd392e33da66f38,4,0.8,0.7990768354741905,pass,False,400.0,nan,pass,not_applicable,pass,5,5,5,5,5,5,5,0,0,0,0,0,0,all_observed_attempts_until_stopping,all_fitted_attempts,objective_plateau_fits_only,complete,13.230215710995253,13.093107124965172,13.274276721000206,13.230215710995253,13.093107124965172,13.274276721000206,13.093631635187194,12.96318831667304,13.13930718821939,0.0011015079799108207,0.0010760219884105027,0.0011093399953097105,0.0008397639612667263,0.0008325770031660795,0.0008650139789097011,7105.0,7085.0,7117.0,0.0017909749876707792,0.00178127150866203,0.0017991980421356857,0.0017905709974002093,0.0017818500000430504,0.0017993550063692965,5.596796836471185e-06,5.566473464568844e-06,5.622493881674018e-06,0.0010878060129471123,0.0010856075095944107,0.0010887480166275054,0.0010889955010497943,0.0010868844983633608,0.001089697499992326,0.00031421449966728687,0.0003137144958600402,0.0003143295180052519,0.00031510000189882703,0.0003145435002807062,0.0003151380005874671,,,,32.62255830546,32.62255395595218,32.622564763911946,0.5178183858009523,0.5178183167611456,0.5178184883160626,5.649613300866297e-05,5.545263629734735e-05,5.88599210381185e-05,13.230215710995253,13.093107124965172,13.274276721000206,13.093631635187194,12.96318831667304,13.13930718821939,7105.0,7085.0,7117.0
2,vmf,64,0,rank1,1,1,1,1,low,0.5,400,vmf__p64__rank-rank1__conc-low__n400.csv,exp(kappa*mu.T@x),isotropic,0.01,5.0,paired_by_fit_repeat,independent,observations,scaled_modified_bessel_function_cpu,scaled_modified_bessel_function_cpu,not_applicable,not_applicable,,cpu,float64,3dd392e33da66f38,4,0.2,0.19780972479969283,pass,False,400.0,nan,pass,not_applicable,pass,5,5,5,5,5,5,5,0,0,0,0,0,0,all_observed_attempts_until_stopping,all_fitted_attempts,objective_plateau_fits_only,complete,1.3444018999580294,1.3203708379878663,1.3743412070325576,1.3444018999580294,1.3203708379878663,1.3743412070325576,1.3264495220500976,1.3030164007213898,1.3566215540049598,0.0011141730356030166,0.0010881460038945079,0.0011239820159971714,0.0008445529965683818,0.0008260119939222932,0.0009348259773105383,714.0,710.0,733.0,0.0018046159530058503,0.0017903554835356772,0.0018097814754582942,0.0018056480039376765,0.0017905675013025757,0.0018094115002895705,5.639424853143282e-06,5.594860886048991e-06,5.655567110807169e-06,0.0010903780057560652,0.0010817689762916416,0.001091709011234343,0.0010916870014625601,0.0010823874999914551,0.001092897498892853,0.0003150340053252876,0.00031420550658367574,0.0003152299905195832,0.0003159924981446238,0.00031512150235357694,0.0003161705026286654,,,,1.1137917516612035,1.1137882809784045,1.1137986743028705,0.017679234153352437,0.017679179063149277,0.0176793440365535,9.862543925916082e-06,8.167212772290931e-06,1.0981656169676235e-05,1.3444018999580294,1.3203708379878663,1.3743412070325576,1.3264495220500976,1.3030164007213898,1.3566215540049598,714.0,710.0,733.0
2,vmf,8,0,rank1,1,1,1,1,high,0.5,400,vmf__p8__rank-rank1__conc-high__n400.csv,exp(kappa*mu.T@x),isotropic,0.01,5.0,paired_by_fit_repeat,independent,observations,scaled_modified_bessel_function_cpu,scaled_modified_bessel_function_cpu,not_applicable,not_applicable,,cpu,float64,3dd392e33da66f38,4,0.8,0.7948631907874778,pass,False,400.0,nan,pass,not_applicable,pass,5,5,5,5,5,5,3,0,0,0,0,0,0,all_observed_attempts_until_stopping,all_fitted_attempts,objective_plateau_fits_only,complete,2.134455908962991,2.0565171049674973,2.155966551974416,2.134455908962991,2.0565171049674973,2.155966551974416,2.1118241825024597,2.0346350030740723,2.1332938433042727,0.0010724000167101622,0.0010706419707275927,0.0010898900218307972,0.0008163849706761539,0.0006006530020385981,0.0008186050108633935,1247.0,1199.0,1256.0,0.0017097039963118732,0.0017096479423344135,0.0017145134625025094,0.0017108789998019347,0.0017108009997173212,0.0017156684998553828,5.342824988474604e-06,5.342649819795042e-06,5.357854570320342e-06,0.0010456610179971904,0.0010420244943816215,0.0010482244833838195,0.0010466760004419484,0.0010433749998810526,0.0010497470002519549,0.00031461298931390047,0.00031395850237458944,0.00031473604030907154,0.0003154639998683706,0.00031496750034420984,0.00031561249943479197,,,,3.5442172202122038,3.5442106359560133,3.5442407680963393,0.5063167457446005,0.5063158051365734,0.5063201097280484,9.67663592069134e-05,9.494638257557687e-05,0.00011666303992556462,2.134455908962991,2.0565171049674973,2.155966551974416,2.1118241825024597,2.0346350030740723,2.1332938433042727,1247.0,1199.0,1256.0
2,vmf,8,0,rank1,1,1,1,1,low,0.5,400,vmf__p8__rank-rank1__conc-low__n400.csv,exp(kappa*mu.T@x),isotropic,0.01,5.0,paired_by_fit_repeat,independent,observations,scaled_modified_bessel_function_cpu,scaled_modified_bessel_function_cpu,not_applicable,not_applicable,,cpu,float64,3dd392e33da66f38,4,0.2,0.1790917662729142,pass,False,400.0,nan,pass,not_applicable,pass,5,5,5,5,5,5,5,0,0,0,0,0,0,all_observed_attempts_until_stopping,all_fitted_attempts,objective_plateau_fits_only,complete,0.28390089195454493,0.2791114790015854,0.289462320972234,0.28390089195454493,0.2791114790015854,0.289462320972234,0.2773812781670131,0.2726492473157123,0.2831447590724565,0.0010872000129893422,0.0010583890252746642,0.0011350350105203688,0.0005903450073674321,0.0005891629843972623,0.000798830995336175,169.0,168.0,174.0,0.0016995054902508855,0.0016992685268633068,0.0017007930437102914,0.0017006099997161073,0.0017004785004246514,0.0017021050007315353,5.3109546570340175e-06,5.310214146447834e-06,5.314978261594661e-06,0.0010406860092189163,0.0010403635096736252,0.0010409815004095435,0.0010418589995424554,0.0010416899995107087,0.001042193999637675,0.0003104934876319021,0.00030964703182689846,0.0003105314972344786,0.0003113305006081646,0.00031050200004756334,0.00031152549945545616,,,,0.09470421809852514,0.09469710155857936,0.0947049236492763,0.01352917401407502,0.013528157365511337,0.01352927480703947,6.258498683026972e-06,5.1478546735628505e-06,6.509685420089715e-06,0.28390089195454493,0.2791114790015854,0.289462320972234,0.2773812781670131,0.2726492473157123,0.2831447590724565,169.0,168.0,174.0
2,watson,16,0,rank1,1,1,0,1,high,0.5,400,watson__p16__rank-rank1__conc-high__n400.csv,exp(kappa*(mu.T@x)^2),isotropic,0.01,5.0,paired_by_fit_repeat,independent,observations,kummer_series,kummer_series,not_applicable,not_applicable,,cpu,float64,3dd392e33da66f38,4,0.8,0.8002224608849187,pass,False,400.0,nan,pass,not_applicable,pass,5,5,5,5,5,5,0,0,0,0,0,0,0,all_observed_attempts_until_stopping,all_fitted_attempts,objective_plateau_fits_only,complete,39.450355320004746,38.57416561595164,55.86983228800818,39.450355320004746,38.57416561595164,55.86983228800818,39.37891581997974,38.50407266995171,55.78450695856009,0.0008328160038217902,0.0008313300204463303,0.0008537470130249858,0.00880571996094659,0.008427763998042792,0.011277880985289812,3259.0,3199.0,3663.0,0.013282052997965366,0.013232297962531447,0.01655517698964104,0.013263177999760956,0.013229157999376184,0.016551431999687338,4.150641561864177e-05,4.1350931132910775e-05,5.173492809262825e-05,0.014282326505053788,0.014256532507715747,0.019281983491964638,0.014269296000748,0.01425739650039759,0.019281499499811616,0.013527037517633289,0.013503204478183761,0.01850984647171572,0.013527972500014585,0.013504095999451238,0.018489689000489307,,,,11.888529585355721,0.2650749123554781,11.888602325532501,0.7925686390237148,0.01767166082369854,0.7925734883688335,0.00019688192284325574,0.00015673777512571156,0.00025855510106887294,39.450355320004746,38.57416561595164,55.86983228800818,39.37891581997974,38.50407266995171,55.78450695856009,3259.0,3199.0,3663.0
2,watson,16,0,rank1,1,1,0,1,low,0.5,400,watson__p16__rank-rank1__conc-low__n400.csv,exp(kappa*(mu.T@x)^2),isotropic,0.01,5.0,paired_by_fit_repeat,independent,observations,kummer_series,kummer_series,not_applicable,not_applicable,,cpu,float64,3dd392e33da66f38,4,0.2,0.1975143639689081,pass,False,400.0,nan,pass,not_applicable,pass,5,5,5,5,5,5,5,0,0,0,0,0,0,all_observed_attempts_until_stopping,all_fitted_attempts,objective_plateau_fits_only,complete,2.3372895820066333,2.3135075949830934,2.3481345790205523,2.3372895820066333,2.3135075949830934,2.3481345790205523,2.321273658948485,2.2984113245620392,2.332636071369052,0.0008803419768810272,0.0008538330439478159,0.0008877770160324872,0.0032046870328485966,0.003067970974370837,0.003219089994672686,466.0,417.0,480.0,0.005423513503046706,0.005410780984675512,0.0060683650081045926,0.00541665600030683,0.005327987501004827,0.0060683270003210055,1.6948479697020957e-05,1.6908690577110973e-05,1.896364065032685e-05,0.005025383492466062,0.005021742981625721,0.005647944490192458,0.005026414500207466,0.00502289749965712,0.005649066500154731,0.004308893519919366,0.004294332989957184,0.00495358748594299,0.00431006400140177,0.004295302999707928,0.0049545445008334354,,,,1.1818123183209148,-0.08014114026952801,1.1818442405164977,0.07878748788806099,-0.005342742684635201,0.07878961603443319,5.2097413336551895e-05,3.7424031504577816e-06,6.0105860948715296e-05,2.3372895820066333,2.3135075949830934,2.3481345790205523,2.321273658948485,2.2984113245620392,2.332636071369052,466.0,417.0,480.0
2,watson,32,0,rank1,1,1,0,1,high,0.5,400,watson__p32__rank-rank1__conc-high__n400.csv,exp(kappa*(mu.T@x)^2),isotropic,0.01,5.0,paired_by_fit_repeat,independent,observations,kummer_series,kummer_series,not_applicable,not_applicable,,cpu,float64,3dd392e33da66f38,4,0.8,0.7959125121077361,pass,False,400.0,nan,pass,not_applicable,pass,5,5,5,5,5,5,2,0,0,0,0,0,0,all_observed_attempts_until_stopping,all_fitted_attempts,objective_plateau_fits_only,complete,89.42860906996066,89.25150435999967,89.55062098399503,89.42860906996066,89.25150435999967,89.55062098399503,89.31971441186033,89.14384107041406,89.44150479038944,0.0008479300304315984,0.0008324310183525085,0.0008508000173605978,0.0130079590016976,0.012897379987407476,0.013181412010453641,5127.0,5107.0,5132.0,0.019335330987814814,0.0192932209756691,0.01939892495283857,0.019289057499918272,0.019286010499854456,0.019339017999300268,6.042290933692129e-05,6.029131554896594e-05,6.062164047762053e-05,0.022451542492490262,0.022424399008741602,0.02305449702544138,0.022437510000600014,0.02242515350189933,0.022984436000115238,0.021649127535056323,0.02163322950946167,0.021836228988831863,0.021641796000039903,0.02161917800003721,0.02181939850015624,,,,24.862765407662017,24.862751467685825,24.86286941224308,0.8020246905697425,0.8020242408930911,0.8020280455562283,0.00010089229421267534,9.42217024480247e-05,0.00020605356862746582,89.42860906996066,89.25150435999967,89.55062098399503,89.31971441186033,89.14384107041406,89.44150479038944,5127.0,5107.0,5132.0
2,watson,32,0,rank1,1,1,0,1,low,0.5,400,watson__p32__rank-rank1__conc-low__n400.csv,exp(kappa*(mu.T@x)^2),isotropic,0.01,5.0,paired_by_fit_repeat,independent,observations,kummer_series,kummer_series,not_applicable,not_applicable,,cpu,float64,3dd392e33da66f38,4,0.2,0.209279580210738,pass,False,400.0,nan,pass,not_applicable,pass,5,5,5,5,5,5,5,0,0,0,0,0,0,all_observed_attempts_until_stopping,all_fitted_attempts,objective_plateau_fits_only,complete,5.3004290030221455,5.277506407001056,5.4738253689720295,5.3004290030221455,5.277506407001056,5.4738253689720295,5.276578430959489,5.25391579256393,5.450041611678898,0.0008553290390409529,0.0008505440200679004,0.0008774460293352604,0.004169475985690951,0.004116618016269058,0.004172422981355339,883.0,881.0,909.0,0.006739522970747203,0.006731214991305023,0.006740218959748745,0.006740615001035621,0.006731879999279045,0.006741372999385931,2.106100928358501e-05,2.10350468478282e-05,2.1063184249214828e-05,0.006908342475071549,0.00689832100761123,0.006910006981343031,0.006909426499987603,0.006899540001541027,0.006910478999998304,0.006213643995579332,0.006212244014022872,0.006215206492925063,0.006213378001120873,0.0062128930003382266,0.0062161160003597615,,,,2.6610080319287093,2.660998396356579,2.661026681434624,0.08583896877189384,0.08583865794698642,0.08583957036885884,6.987874080345273e-05,6.027720928007788e-05,7.377743556504086e-05,5.3004290030221455,5.277506407001056,5.4738253689720295,5.276578430959489,5.25391579256393,5.450041611678898,883.0,881.0,909.0
2,watson,4,0,rank1,1,1,0,1,high,0.5,400,watson__p4__rank-rank1__conc-high__n400.csv,exp(kappa*(mu.T@x)^2),isotropic,0.01,5.0,paired_by_fit_repeat,independent,observations,kummer_series,kummer_series,not_applicable,not_applicable,,cpu,float64,3dd392e33da66f38,4,0.8,0.7913846652262349,pass,False,400.0,nan,pass,not_applicable,pass,5,5,5,5,5,5,3,0,0,0,0,0,0,all_observed_attempts_until_stopping,all_fitted_attempts,objective_plateau_fits_only,complete,7.602404616016429,7.523867190990131,7.695758206013124,7.602404616016429,7.523867190990131,7.695758206013124,7.562886825297028,7.484291342494544,7.655055748124141,0.0009233009768649936,0.0008911210461519659,0.0009340720134787261,0.004161337041296065,0.0041518320213072,0.004413841001223773,1023.0,993.0,1035.0,0.007838573976187035,0.007745076960418373,0.008010862045921385,0.007828408000023046,0.007741837999674317,0.00800818099999745,2.4495543675584487e-05,2.4203365501307417e-05,2.5033943893504328e-05,0.007267389999469742,0.007197011000243947,0.007399583992082626,0.0072709470000518195,0.0071998615001120925,0.007403054499999229,0.00637230250868015,0.0063636200211476535,0.006449890963267535,0.006368656000176998,0.006357660500043494,0.00645356749999948,,,,2.188821755671291,0.47011000670844316,2.188824699255628,0.7296072518904303,0.15670333556948104,0.7296082330852093,6.917331473057709e-05,4.15947615162615e-05,0.00012585715747922025,7.602404616016429,7.523867190990131,7.695758206013124,7.562886825297028,7.484291342494544,7.655055748124141,1023.0,993.0,1035.0
2,watson,4,0,rank1,1,1,0,1,low,0.5,400,watson__p4__rank-rank1__conc-low__n400.csv,exp(kappa*(mu.T@x)^2),isotropic,0.01,5.0,paired_by_fit_repeat,independent,observations,kummer_series,kummer_series,not_applicable,not_applicable,,cpu,float64,3dd392e33da66f38,4,0.2,0.1724567342675661,pass,False,400.0,nan,pass,not_applicable,pass,5,5,5,5,5,5,5,0,0,0,0,0,0,all_observed_attempts_until_stopping,all_fitted_attempts,objective_plateau_fits_only,complete,0.44610838004155084,0.43660345097305253,0.5642233259859495,0.44610838004155084,0.43660345097305253,0.5642233259859495,0.437123701791279,0.4280467088101432,0.5541884385165758,0.0009304839768446982,0.0008964429725892842,0.0009583189967088401,0.001763487991411239,0.001705469039734453,0.0020100449910387397,121.0,120.0,141.0,0.003656276996480301,0.003575130016542971,0.003802963998168707,0.0036606614999996623,0.0035706640001080814,0.003784516999985499,1.142586561400094e-05,1.1172281301696784e-05,1.188426249427721e-05,0.003071229992201552,0.0030313030001707375,0.0031738590041641146,0.0030721865000487014,0.003034597999999278,0.003175725500000226,0.0022899225004948676,0.0021614370052702725,0.002308612485649064,0.0022911695000402688,0.0021436534998429124,0.00230976649999981,,,,0.12172846587370101,0.04078238893587427,0.12173358120869615,0.04057615529123367,0.013594129645291423,0.040577860402898715,7.753013963838029e-06,2.2837593455379433e-06,8.354082207103253e-06,0.44610838004155084,0.43660345097305253,0.5642233259859495,0.437123701791279,0.4280467088101432,0.5541884385165758,121.0,120.0,141.0
2,watson,64,0,rank1,1,1,0,1,high,0.5,400,watson__p64__rank-rank1__conc-high__n400.csv,exp(kappa*(mu.T@x)^2),isotropic,0.01,5.0,paired_by_fit_repeat,independent,observations,kummer_series,kummer_series,not_applicable,not_applicable,,cpu,float64,3dd392e33da66f38,4,0.8,0.7998816642654696,pass,False,400.0,nan,pass,not_applicable,pass,5,5,5,5,5,5,1,0,0,0,0,0,0,all_observed_attempts_until_stopping,all_fitted_attempts,objective_plateau_fits_only,complete,238.4290650819894,238.33591497398447,238.7666002829792,238.4290650819894,238.33591497398447,238.7666002829792,238.16110743233003,238.0632809632807,238.49527198879514,0.0008934839861467481,0.0008720930200070143,0.0009047869825735688,0.024022760975640267,0.023935360950417817,0.024170107033569366,8050.0,8040.0,8057.0,0.032679207040928304,0.03266417249687947,0.03275323749403469,0.03265525699680438,0.03262736049873638,0.03271708849570132,0.00010212252200290096,0.00010207553905274835,0.00010235386716885841,0.04247323499293998,0.042187835526419804,0.042546500015305355,0.0424134455024614,0.04209066499788605,0.04248974149777496,0.0414988455013372,0.04132146650226787,0.041638025984866545,0.04142224099996383,0.04124394099926576,0.04160760850209044,,,,51.22113582284073,51.22107827551125,51.22128632482811,0.8130339019498528,0.8130329885001786,0.8130362908702874,0.0001691669815624488,0.00012584708146290863,0.00017895970479424629,238.4290650819894,238.33591497398447,238.7666002829792,238.16110743233003,238.0632809632807,238.49527198879514,8050.0,8040.0,8057.0
2,watson,64,0,rank1,1,1,0,1,low,0.5,400,watson__p64__rank-rank1__conc-low__n400.csv,exp(kappa*(mu.T@x)^2),isotropic,0.01,5.0,paired_by_fit_repeat,independent,observations,kummer_series,kummer_series,not_applicable,not_applicable,,cpu,float64,3dd392e33da66f38,4,0.2,0.20343158385693008,pass,False,400.0,nan,pass,not_applicable,pass,5,5,5,5,5,5,5,0,0,0,0,0,0,all_observed_attempts_until_stopping,all_fitted_attempts,objective_plateau_fits_only,complete,12.087704737961758,11.999132924014702,12.366448309039697,12.087704737961758,11.999132924014702,12.366448309039697,12.032767809170764,11.949042284977622,12.31282410764834,0.0008824740070849657,0.0008717809687368572,0.0009061190066859126,0.00583129603182897,0.00579087994992733,0.005880827025976032,1533.0,1502.0,1547.0,0.009013235481688753,0.008950657967943698,0.009089083003345877,0.009002925002278062,0.008934999001212418,0.009088047001569066,2.8166360880277353e-05,2.7970806149824058e-05,2.8403384385455864e-05,0.010018875502282754,0.009946448524715379,0.010290120990248397,0.010009541498220642,0.009904921000270406,0.010275133499817457,0.009251580981072038,0.009052445006091148,0.009370390034746379,0.009225137000612449,0.009038543999849935,0.009370028001285391,,,,6.41001491090109,6.409947878023331,6.410069738581477,0.10174626842700144,0.10174520441306875,0.10174713870764249,3.997712833484596e-05,3.8350024714235186e-05,4.154625622561517e-05,12.087704737961758,11.999132924014702,12.366448309039697,12.032767809170764,11.949042284977622,12.31282410764834,1533.0,1502.0,1547.0
2,watson,8,0,rank1,1,1,0,1,high,0.5,400,watson__p8__rank-rank1__conc-high__n400.csv,exp(kappa*(mu.T@x)^2),isotropic,0.01,5.0,paired_by_fit_repeat,independent,observations,kummer_series,kummer_series,not_applicable,not_applicable,,cpu,float64,3dd392e33da66f38,4,0.8,0.798511896473125,pass,False,400.0,nan,pass,not_applicable,pass,5,5,5,5,5,5,2,0,0,0,0,0,0,all_observed_attempts_until_stopping,all_fitted_attempts,objective_plateau_fits_only,complete,20.157062323996797,15.283978131017648,20.249052473984193,20.157062323996797,15.283978131017648,20.249052473984193,20.109071656828746,15.24314608273562,20.200303727469873,0.000835938029922545,0.0008279739995487034,0.0008428549626842141,0.006384544947650284,0.005240280006546527,0.0065838879672810435,2064.0,1796.0,2074.0,0.010505562036996707,0.009240863990271464,0.010514645982766524,0.010499969499505823,0.009241493000217815,0.010514098500152613,3.282988136561471e-05,2.8877699969598324e-05,3.285826869614539e-05,0.011082605487899855,0.00920925399987027,0.011088747007306665,0.011083630500252184,0.009209366499817406,0.011091400000168505,0.010366196976974607,0.008539349480997771,0.010370729985879734,0.010367067000515817,0.00854040850003912,0.010371859500082792,,,,0.2821974797303275,0.28173465565004063,5.459235015604275,0.04031392567576107,0.04024780795000581,0.7798907165148964,0.00015400207293959244,4.2325196720739415e-05,0.0001953920732357881,20.157062323996797,15.283978131017648,20.249052473984193,20.109071656828746,15.24314608273562,20.200303727469873,2064.0,1796.0,2074.0
2,watson,8,0,rank1,1,1,0,1,low,0.5,400,watson__p8__rank-rank1__conc-low__n400.csv,exp(kappa*(mu.T@x)^2),isotropic,0.01,5.0,paired_by_fit_repeat,independent,observations,kummer_series,kummer_series,not_applicable,not_applicable,,cpu,float64,3dd392e33da66f38,4,0.2,0.1845732217347554,pass,False,400.0,nan,pass,not_applicable,pass,5,5,5,5,5,5,5,0,0,0,0,0,0,all_observed_attempts_until_stopping,all_fitted_attempts,objective_plateau_fits_only,complete,0.6356153350207023,0.6208591040340252,0.902615336002782,0.6356153350207023,0.6208591040340252,0.902615336002782,0.6266797388670966,0.6118784587015398,0.8924911865033209,0.0008629690273664892,0.0008563760202378035,0.0008688290254212916,0.002110271016135812,0.0020318669849075377,0.002142841985914856,159.0,156.0,223.0,0.004018161038402468,0.00401161250192672,0.004202738986350596,0.004018292000182555,0.004012966999653145,0.004203741999845079,1.2556753245007712e-05,1.2536289068521e-05,1.3133559332345612e-05,0.0035624890006147325,0.0035601774870883673,0.003768169495742768,0.003563317000043753,0.0035612744995887624,0.0037692289997721673,0.00285414099926129,0.0028537710022646934,0.0030524854955729097,0.0028552009998747963,0.002854875499906484,0.0030535104997397866,,,,0.02161667811548229,0.02160101190113206,0.254304703722001,0.0030880968736403274,0.003085858843018866,0.036329243388857284,2.9410231058349557e-06,2.366717069311864e-06,1.7765617328942112e-05,0.6356153350207023,0.6208591040340252,0.902615336002782,0.6266797388670966,0.6118784587015398,0.8924911865033209,159.0,156.0,223.0
2,wrapped_normal,16,0,full,16,16,0,0,high,0.5,400,wrapped_normal__p16__rank-full__conc-high__n400.csv,"wrap(N(0,Sigma)); active precision=concentration_strength*active_rank",isotropic,0.01,5.0,paired_by_fit_repeat,independent,observations,intractable_winding_lattice_skipped,,not_applicable,not_applicable,,cpu,float64,3dd392e33da66f38,4,0.8,0.8005740656534732,pass,False,400.0,nan,pass,not_applicable,pass,5,5,0,0,0,0,0,0,0,0,0,0,5,all_observed_attempts_until_stopping,all_fitted_attempts,objective_plateau_fits_only,structurally_unavailable,,,,,,,,,,,,,,,,,,,,,,,,,,,,,,,,,,,,,,,,,,,,,,,,,,,,,,,,,,,,
2,wrapped_normal,16,0,full,16,16,0,0,low,0.5,400,wrapped_normal__p16__rank-full__conc-low__n400.csv,"wrap(N(0,Sigma)); active precision=concentration_strength*active_rank",isotropic,0.01,5.0,paired_by_fit_repeat,independent,observations,intractable_winding_lattice_skipped,,not_applicable,not_applicable,,cpu,float64,3dd392e33da66f38,4,0.2,0.19569670077281154,pass,False,400.0,nan,pass,not_applicable,pass,5,5,0,0,0,0,0,0,0,0,0,0,5,all_observed_attempts_until_stopping,all_fitted_attempts,objective_plateau_fits_only,structurally_unavailable,,,,,,,,,,,,,,,,,,,,,,,,,,,,,,,,,,,,,,,,,,,,,,,,,,,,,,,,,,,,
2,wrapped_normal,32,0,full,32,32,0,0,high,0.5,400,wrapped_normal__p32__rank-full__conc-high__n400.csv,"wrap(N(0,Sigma)); active precision=concentration_strength*active_rank",isotropic,0.01,5.0,paired_by_fit_repeat,independent,observations,intractable_winding_lattice_skipped,,not_applicable,not_applicable,,cpu,float64,3dd392e33da66f38,4,0.8,0.7996318078942182,pass,False,400.0,nan,pass,not_applicable,pass,5,5,0,0,0,0,0,0,0,0,0,0,5,all_observed_attempts_until_stopping,all_fitted_attempts,objective_plateau_fits_only,structurally_unavailable,,,,,,,,,,,,,,,,,,,,,,,,,,,,,,,,,,,,,,,,,,,,,,,,,,,,,,,,,,,,
2,wrapped_normal,32,0,full,32,32,0,0,low,0.5,400,wrapped_normal__p32__rank-full__conc-low__n400.csv,"wrap(N(0,Sigma)); active precision=concentration_strength*active_rank",isotropic,0.01,5.0,paired_by_fit_repeat,independent,observations,intractable_winding_lattice_skipped,,not_applicable,not_applicable,,cpu,float64,3dd392e33da66f38,4,0.2,0.19925838196593823,pass,False,400.0,nan,pass,not_applicable,pass,5,5,0,0,0,0,0,0,0,0,0,0,5,all_observed_attempts_until_stopping,all_fitted_attempts,objective_plateau_fits_only,structurally_unavailable,,,,,,,,,,,,,,,,,,,,,,,,,,,,,,,,,,,,,,,,,,,,,,,,,,,,,,,,,,,,
2,wrapped_normal,4,0,full,4,4,0,0,high,0.5,400,wrapped_normal__p4__rank-full__conc-high__n400.csv,"wrap(N(0,Sigma)); active precision=concentration_strength*active_rank",isotropic,0.01,5.0,paired_by_fit_repeat,independent,observations,finite_winding_lattice_radius_1,closed_form_gaussian_log_determinant,not_applicable,not_applicable,,cpu,float64,3dd392e33da66f38,4,0.8,0.7967120287816006,pass,False,400.0,nan,pass,not_applicable,pass,5,5,5,5,5,5,3,0,0,0,0,0,0,all_observed_attempts_until_stopping,all_fitted_attempts,objective_plateau_fits_only,complete,2.2880288930027746,2.226309764024336,2.32069310604129,2.2880288930027746,2.226309764024336,2.32069310604129,2.2700559579534456,2.207840797607787,2.3021816285909154,0.0015454660169780254,0.0015384180005639791,0.0016983159584924579,0.0035889389691874385,0.003442743036430329,0.0036446769954636693,230.0,229.0,249.0,0.009338993055280298,0.009080114017706364,0.009656989481300116,0.009338684999999458,0.009064419000424095,0.009654963499997393,2.9184353297750932e-05,2.8375356305332388e-05,3.017809212906286e-05,0.008309945988003165,0.0080580654903315,0.008577024476835504,0.008290736999999382,0.008049796500017692,0.008582236000052035,0.0006601285131182522,0.0006581379857379943,0.000662043021293357,0.0006613074999677337,0.0006594220000124551,0.0006632475001424609,,,,2.949986210890123,2.949945573508547,2.9499888906411655,0.7374965527225308,0.7374863933771367,0.7374972226602914,8.524475682623528e-05,7.580771282894709e-05,0.00010558753563113408,2.2880288930027746,2.226309764024336,2.32069310604129,2.2700559579534456,2.207840797607787,2.3021816285909154,230.0,229.0,249.0
2,wrapped_normal,4,0,full,4,4,0,0,low,0.5,400,wrapped_normal__p4__rank-full__conc-low__n400.csv,"wrap(N(0,Sigma)); active precision=concentration_strength*active_rank",isotropic,0.01,5.0,paired_by_fit_repeat,independent,observations,finite_winding_lattice_radius_1,closed_form_gaussian_log_determinant,not_applicable,not_applicable,,cpu,float64,3dd392e33da66f38,4,0.2,0.21013946932662136,pass,False,400.0,nan,pass,not_applicable,pass,5,5,5,5,5,5,5,0,0,0,0,0,0,all_observed_attempts_until_stopping,all_fitted_attempts,objective_plateau_fits_only,complete,2.2718893429846503,2.084402153035626,2.400134939001873,2.2718893429846503,2.084402153035626,2.400134939001873,2.2533676229650155,2.0675170242902823,2.381852450023871,0.0015012439689598978,0.001500033016782254,0.0015077150310389698,0.003510706010274589,0.0033856939990073442,0.0037881509633734822,232.0,229.0,235.0,0.009530775510938838,0.009039796015713364,0.00968020551954396,0.009525283999998635,0.00904224800024167,0.009675033500116115,2.978367347168387e-05,2.8249362549104263e-05,3.0250642248574876e-05,0.008224557008361444,0.008058776002144441,0.00861616650945507,0.00822838349999877,0.008045355499916695,0.008621487499908653,0.0006592164863832295,0.0006585450028069317,0.000660452526062727,0.0006604550001156895,0.0006599719999940135,0.0006621275000497917,,,,0.12407331689517243,0.12406898164121216,0.12410962295254446,0.031018329223793106,0.03101724541030304,0.031027405738136116,9.995073075419319e-06,9.522253487395023e-06,1.0196742281310076e-05,2.2718893429846503,2.084402153035626,2.400134939001873,2.2533676229650155,2.0675170242902823,2.381852450023871,232.0,229.0,235.0
2,wrapped_normal,64,0,full,64,64,0,0,high,0.5,400,wrapped_normal__p64__rank-full__conc-high__n400.csv,"wrap(N(0,Sigma)); active precision=concentration_strength*active_rank",isotropic,0.01,5.0,paired_by_fit_repeat,independent,observations,intractable_winding_lattice_skipped,,not_applicable,not_applicable,,cpu,float64,3dd392e33da66f38,4,0.8,0.8013669812483424,pass,False,400.0,nan,pass,not_applicable,pass,5,5,0,0,0,0,0,0,0,0,0,0,5,all_observed_attempts_until_stopping,all_fitted_attempts,objective_plateau_fits_only,structurally_unavailable,,,,,,,,,,,,,,,,,,,,,,,,,,,,,,,,,,,,,,,,,,,,,,,,,,,,,,,,,,,,
2,wrapped_normal,64,0,full,64,64,0,0,low,0.5,400,wrapped_normal__p64__rank-full__conc-low__n400.csv,"wrap(N(0,Sigma)); active precision=concentration_strength*active_rank",isotropic,0.01,5.0,paired_by_fit_repeat,independent,observations,intractable_winding_lattice_skipped,,not_applicable,not_applicable,,cpu,float64,3dd392e33da66f38,4,0.2,0.1997066358895954,pass,False,400.0,nan,pass,not_applicable,pass,5,5,0,0,0,0,0,0,0,0,0,0,5,all_observed_attempts_until_stopping,all_fitted_attempts,objective_plateau_fits_only,structurally_unavailable,,,,,,,,,,,,,,,,,,,,,,,,,,,,,,,,,,,,,,,,,,,,,,,,,,,,,,,,,,,,
2,wrapped_normal,8,0,full,8,8,0,0,high,0.5,400,wrapped_normal__p8__rank-full__conc-high__n400.csv,"wrap(N(0,Sigma)); active precision=concentration_strength*active_rank",isotropic,0.01,5.0,paired_by_fit_repeat,independent,observations,finite_winding_lattice_radius_1,closed_form_gaussian_log_determinant,not_applicable,not_applicable,,cpu,float64,3dd392e33da66f38,4,0.8,0.7941970593051686,pass,False,400.0,nan,pass,not_applicable,pass,5,5,5,5,5,5,0,0,0,0,0,0,0,all_observed_attempts_until_stopping,all_fitted_attempts,objective_plateau_fits_only,complete,155.7850032139686,152.64775590901263,162.53072052798234,155.7850032139686,152.64775590901263,162.53072052798234,155.30514323472744,152.17222085618414,162.05192590982188,0.001556670991703868,0.0015232620062306523,0.0015740960370749235,0.23100220900960267,0.23073342302814126,0.23122667102143168,250.0,246.0,261.0,0.6151305015082471,0.6122779464931227,0.6162569250154775,0.6139584325001124,0.6112632380009018,0.6152462379995995,0.0019222828172132723,0.0019133685827910085,0.001925802890673367,0.6111851159948856,0.6101913080201484,0.6132904579862952,0.6101703039985296,0.6091635939992557,0.6122906390000935,0.0006581490160897374,0.0006577484891749918,0.0006586639792658389,0.0006592854997506947,0.0006586720000996138,0.000659684999845922,,,,6.04271867790205,6.042716664766129,6.042915322738223,0.7553398347377562,0.7553395830957661,0.7553644153422778,0.0001236049151966373,0.00011495126916104899,0.00016103822976089218,155.7850032139686,152.64775590901263,162.53072052798234,155.30514323472744,152.17222085618414,162.05192590982188,250.0,246.0,261.0
2,wrapped_normal,8,0,full,8,8,0,0,low,0.5,400,wrapped_normal__p8__rank-full__conc-low__n400.csv,"wrap(N(0,Sigma)); active precision=concentration_strength*active_rank",isotropic,0.01,5.0,paired_by_fit_repeat,independent,observations,finite_winding_lattice_radius_1,closed_form_gaussian_log_determinant,not_applicable,not_applicable,,cpu,float64,3dd392e33da66f38,4,0.2,0.19782785810171646,pass,False,400.0,nan,pass,not_applicable,pass,5,5,5,5,5,5,5,0,0,0,0,0,0,all_observed_attempts_until_stopping,all_fitted_attempts,objective_plateau_fits_only,complete,224.1515594579978,218.9596102979849,241.10746564198053,224.1515594579978,218.9596102979849,241.10746564198053,223.65131108282367,218.46583436778747,240.62917679955717,0.001562886987812817,0.0015483609749935567,0.0015779589884914458,0.2305052849696949,0.22970533999614418,0.23119715496432036,364.0,353.0,379.0,0.6144865704991389,0.6142431709449738,0.6167185775120743,0.613441932999649,0.6132021320008789,0.6156218924998029,0.001920270532809809,0.0019195099092030432,0.001927245554725232,0.6116493149893358,0.6112191009451635,0.6120869910228066,0.6106245080009103,0.6102097190005225,0.6110819510004148,0.0006589239928871393,0.0006585139781236649,0.0006603670190088451,0.0006598639997719147,0.0006596165003429633,0.0006611495000470313,,,,0.31788637043541534,0.3178681960405765,0.318001581328037,0.03973579630442692,0.03973352450507206,0.03975019766600463,2.1105941601988856e-05,1.752701332575792e-05,2.2197054785793528e-05,224.1515594579978,218.9596102979849,241.10746564198053,223.65131108282367,218.46583436778747,240.62917679955717,364.0,353.0,379.0
