model,rank,set,subject,NMI
Complex ACG,1.0,train,0,0.3037652007926147
Complex ACG,1.0,train,1,0.2298912228797968
Complex ACG,1.0,train,2,0.1669293152721166
Complex ACG,1.0,train,3,0.1961138615124376
Complex ACG,1.0,train,4,0.2809831894907011
Complex ACG,1.0,train,5,0.2504137048303382
Complex ACG,1.0,train,6,0.2109742110176121
Complex ACG,1.0,train,7,0.2294286207706084
Complex ACG,1.0,train,8,0.2638602116506239
Complex ACG,1.0,train,9,0.3008309121771892
Complex ACG,1.0,train,10,0.267896974238955
Complex ACG,1.0,train,11,0.2818923222337958
Complex ACG,1.0,train,12,0.2487502832481417
Complex ACG,1.0,train,13,0.314149545637079
Complex ACG,1.0,train,14,0.1829269232944156
Complex ACG,1.0,train,15,0.2464957603114748
Complex ACG,1.0,train,16,0.2828792734540106
Complex ACG,1.0,train,17,0.1917520469830547
Complex ACG,1.0,train,18,0.3206189526144595
Complex ACG,1.0,train,19,0.155849611229988
Complex ACG,1.0,train,20,0.2121152981488629
Complex ACG,1.0,train,21,0.1986613927421242
Complex ACG,1.0,train,22,0.2342085102626969
Complex ACG,1.0,train,23,0.2564157449885444
Complex ACG,1.0,train,24,0.331158829908379
Complex ACG,1.0,train,25,0.3438604703304787
Complex ACG,1.0,train,26,0.2403269656772629
Complex ACG,1.0,train,27,0.2388464535165075
Complex ACG,1.0,train,28,0.2488077325476782
Complex ACG,1.0,train,29,0.1732282521506912
Complex ACG,1.0,train,30,0.2330055532595465
Complex ACG,1.0,train,31,0.1821924832734976
Complex ACG,1.0,train,32,0.2625361138159714
Complex ACG,1.0,train,33,0.2648976156509403
Complex ACG,1.0,train,34,0.3204511583158139
Complex ACG,1.0,train,35,0.2721546747029079
Complex ACG,1.0,train,36,0.2267944378322276
Complex ACG,1.0,train,37,0.2200180637559563
Complex ACG,1.0,train,38,0.2171132133596197
Complex ACG,1.0,train,39,0.1949797576524223
Complex ACG,1.0,train,40,0.1806950480550813
Complex ACG,1.0,train,41,0.2464595649274147
Complex ACG,1.0,train,42,0.1463975771287289
Complex ACG,1.0,train,43,0.2112187053815355
Complex ACG,1.0,train,44,0.2737592055945448
Complex ACG,1.0,train,45,0.2908970417187438
Complex ACG,1.0,train,46,0.2128170763263649
Complex ACG,1.0,train,47,0.1529155999549706
Complex ACG,1.0,train,48,0.2666972996066324
Complex ACG,1.0,train,49,0.2670297449842442
Complex ACG,1.0,train,50,0.315896403878843
Complex ACG,1.0,train,51,0.1918506843277088
Complex ACG,1.0,train,52,0.313349086001614
Complex ACG,1.0,train,53,0.2726120003876052
Complex ACG,1.0,train,54,0.2188056662297614
Complex ACG,1.0,train,55,0.2152201176416883
Complex ACG,1.0,train,56,0.2428730348444346
Complex ACG,1.0,train,57,0.3449236782658749
Complex ACG,1.0,train,58,0.2229480695676391
Complex ACG,1.0,train,59,0.1775689549977551
Complex ACG,1.0,train,60,0.1551042752004774
Complex ACG,1.0,train,61,0.2395816841487709
Complex ACG,1.0,train,62,0.133713109423856
Complex ACG,1.0,train,63,0.2108882730043831
Complex ACG,1.0,train,64,0.1884723981833408
Complex ACG,1.0,train,65,0.2133646720434606
Complex ACG,1.0,train,66,0.2223532907493011
Complex ACG,1.0,train,67,0.2149477633717975
Complex ACG,1.0,train,68,0.2527767650712153
Complex ACG,1.0,train,69,0.3155409490153224
Complex ACG,1.0,train,70,0.2942038586392275
Complex ACG,1.0,train,71,0.2124342728035202
Complex ACG,1.0,train,72,0.2203677722562744
Complex ACG,1.0,train,73,0.2025550683984515
Complex ACG,1.0,train,74,0.2807727092000724
Complex ACG,1.0,train,75,0.1664635220583167
Complex ACG,1.0,train,76,0.2113172278241362
Complex ACG,1.0,train,77,0.2347572087911057
Complex ACG,1.0,train,78,0.2445653990874778
Complex ACG,1.0,train,79,0.2800488718980543
Complex ACG,1.0,train,80,0.2022325503572051
Complex ACG,1.0,train,81,0.237415367881165
Complex ACG,1.0,train,82,0.2049821173043144
Complex ACG,1.0,train,83,0.2023368253143471
Complex ACG,1.0,train,84,0.2311434730523716
Complex ACG,1.0,train,85,0.2440822040852619
Complex ACG,1.0,train,86,0.2376899226392582
Complex ACG,1.0,train,87,0.3460436044214435
Complex ACG,1.0,train,88,0.1856229260702392
Complex ACG,1.0,train,89,0.2876872792567218
Complex ACG,1.0,train,90,0.2277519639789408
Complex ACG,1.0,train,91,0.2841359270779638
Complex ACG,1.0,train,92,0.2127962830517888
Complex ACG,1.0,train,93,0.3006035331226058
Complex ACG,1.0,train,94,0.2427567646040705
Complex ACG,1.0,train,95,0.2319041291249767
Complex ACG,1.0,train,96,0.3102871277993069
Complex ACG,1.0,train,97,0.2462151071544198
Complex ACG,1.0,train,98,0.2426454849689117
Complex ACG,1.0,train,99,0.2395865163833618
Complex ACG,1.0,train,100,0.267351389863291
Complex ACG,1.0,train,101,0.1638833044967868
Complex ACG,1.0,train,102,0.2177512159601707
Complex ACG,1.0,train,103,0.2053724244917672
Complex ACG,1.0,train,104,0.2878090962916538
Complex ACG,1.0,train,105,0.1883675743370755
Complex ACG,1.0,train,106,0.2172729580675005
Complex ACG,1.0,train,107,0.1634777413964175
Complex ACG,1.0,train,108,0.2057662054205935
Complex ACG,1.0,train,109,0.193674567312764
Complex ACG,1.0,train,110,0.2531209341976027
Complex ACG,1.0,train,111,0.2274929324016155
Complex ACG,1.0,train,112,0.2793212791939763
Complex ACG,1.0,train,113,0.3100127583701572
Complex ACG,1.0,train,114,0.1531299904741705
Complex ACG,1.0,train,115,0.296377657695151
Complex ACG,1.0,train,116,0.3077651864760256
Complex ACG,1.0,train,117,0.1793802975424295
Complex ACG,1.0,train,118,0.3000774819485456
Complex ACG,1.0,train,119,0.3071426216175826
Complex ACG,1.0,train,120,0.1902400872070588
Complex ACG,1.0,train,121,0.2109229067524696
Complex ACG,1.0,train,122,0.2770018235012875
Complex ACG,1.0,train,123,0.2305414074889161
Complex ACG,1.0,train,124,0.2418084599393521
Complex ACG,1.0,train,125,0.3214952943383852
Complex ACG,1.0,train,126,0.2492204498032861
Complex ACG,1.0,train,127,0.2560802696438897
Complex ACG,1.0,train,128,0.1774714143120078
Complex ACG,1.0,train,129,0.3129745759991922
Complex ACG,1.0,train,130,0.2387836627915214
Complex ACG,1.0,train,131,0.1684475021477294
Complex ACG,1.0,train,132,0.1630268717891188
Complex ACG,1.0,train,133,0.2434026687969455
Complex ACG,1.0,train,134,0.2250681537883852
Complex ACG,1.0,train,135,0.2487135137479231
Complex ACG,1.0,train,136,0.2507066342482713
Complex ACG,1.0,train,137,0.2883141250368375
Complex ACG,1.0,train,138,0.2831608462788121
Complex ACG,1.0,train,139,0.2858622489945681
Complex ACG,1.0,train,140,0.2212123544160362
Complex ACG,1.0,train,141,0.2032937124008645
Complex ACG,1.0,train,142,0.1810716003974366
Complex ACG,1.0,train,143,0.1719420055588949
Complex ACG,1.0,train,144,0.299872362697997
Complex ACG,1.0,train,145,0.2626933358104191
Complex ACG,1.0,train,146,0.2015769444707077
Complex ACG,1.0,train,147,0.2652560162600038
Complex ACG,1.0,train,148,0.2291858082458296
Complex ACG,1.0,train,149,0.2707631275113952
Complex ACG,1.0,train,150,0.2584359562015507
Complex ACG,1.0,train,151,0.2727671154483917
Complex ACG,1.0,train,152,0.2071871446494588
Complex ACG,1.0,train,153,0.2170930892447403
Complex ACG,1.0,train,154,0.2768554793362298
Complex ACG,1.0,test,0,0.2129231542420253
Complex ACG,1.0,test,1,0.3007509544921241
Complex ACG,1.0,test,2,0.2564615911994247
Complex ACG,1.0,test,3,0.2308389292284449
Complex ACG,1.0,test,4,0.2252195282988979
Complex ACG,1.0,test,5,0.2489581771846913
Complex ACG,1.0,test,6,0.16920249593318
Complex ACG,1.0,test,7,0.2562847214000575
Complex ACG,1.0,test,8,0.2775555366840369
Complex ACG,1.0,test,9,0.2512921143154292
Complex ACG,1.0,test,10,0.2552857382806573
Complex ACG,1.0,test,11,0.216449630801003
Complex ACG,1.0,test,12,0.2598396302478122
Complex ACG,1.0,test,13,0.2645077112079943
Complex ACG,1.0,test,14,0.2645139422962753
Complex ACG,1.0,test,15,0.2483564894712754
Complex ACG,1.0,test,16,0.2471330098275462
Complex ACG,1.0,test,17,0.2097552244864083
Complex ACG,1.0,test,18,0.2225778114434828
Complex ACG,1.0,test,19,0.2797995983553447
Complex ACG,1.0,test,20,0.2309931797083438
Complex ACG,1.0,test,21,0.2555136637203059
Complex ACG,1.0,test,22,0.2656660582787642
Complex ACG,1.0,test,23,0.2346886854422223
Complex ACG,1.0,test,24,0.1781601882571276
Complex ACG,1.0,test,25,0.2632394122262405
Complex ACG,1.0,test,26,0.180283969176051
Complex ACG,1.0,test,27,0.2374871253728447
Complex ACG,1.0,test,28,0.3029121228081946
Complex ACG,1.0,test,29,0.2384750970994024
Complex ACG,1.0,test,30,0.309382341428685
Complex ACG,1.0,test,31,0.2359126225103879
Complex ACG,1.0,test,32,0.2059601554745137
Complex ACG,1.0,test,33,0.236019529794853
Complex ACG,1.0,test,34,0.2114123232191231
Complex ACG,1.0,test,35,0.2448105480016544
Complex ACG,1.0,test,36,0.1883211461539845
Complex ACG,1.0,test,37,0.2620677907837976
Complex ACG,1.0,test,38,0.2081164864104232
Complex ACG,1.0,test,39,0.2507259558396658
Complex ACG,1.0,test,40,0.2741498983629515
Complex ACG,1.0,test,41,0.2654528143384759
Complex ACG,1.0,test,42,0.3319324451478048
Complex ACG,1.0,test,43,0.2442488123747212
Complex ACG,1.0,test,44,0.2606254874751565
Complex ACG,1.0,test,45,0.1968182723327459
Complex ACG,1.0,test,46,0.2381379281463101
Complex ACG,1.0,test,47,0.2171577596517708
Complex ACG,1.0,test,48,0.2481272327954954
Complex ACG,1.0,test,49,0.2156407430085532
Complex ACG,1.0,test,50,0.2122252963553228
Complex ACG,1.0,test,51,0.2124327241947193
Complex ACG,1.0,test,52,0.2423613183198114
Complex ACG,1.0,test,53,0.3008867976742967
Complex ACG,1.0,test,54,0.2884572185287207
Complex ACG,1.0,test,55,0.2949943211735132
Complex ACG,1.0,test,56,0.2494026805444238
Complex ACG,1.0,test,57,0.2878912467089631
Complex ACG,1.0,test,58,0.2479223632975056
Complex ACG,1.0,test,59,0.2474741025203459
Complex ACG,1.0,test,60,0.2349478856580223
Complex ACG,1.0,test,61,0.1818438356312544
Complex ACG,1.0,test,62,0.2176984749455404
Complex ACG,1.0,test,63,0.3037575583332743
Complex ACG,1.0,test,64,0.2365876978588454
Complex ACG,1.0,test,65,0.2387136960515825
Complex ACG,1.0,test,66,0.1761167267208906
Complex ACG,1.0,test,67,0.2246390517760328
Complex ACG,1.0,test,68,0.315050669356445
Complex ACG,1.0,test,69,0.2915645521166523
Complex ACG,1.0,test,70,0.1828455829142344
Complex ACG,1.0,test,71,0.1905353634600616
Complex ACG,1.0,test,72,0.2288356506098526
Complex ACG,1.0,test,73,0.1819939868679688
Complex ACG,1.0,test,74,0.2958521867855768
Complex ACG,1.0,test,75,0.2985642500477842
Complex ACG,1.0,test,76,0.2382700823161344
Complex ACG,1.0,test,77,0.2633496383086657
Complex ACG,1.0,test,78,0.2436400945121375
Complex ACG,1.0,test,79,0.2589309945677441
Complex ACG,1.0,test,80,0.1603848111364129
Complex ACG,1.0,test,81,0.2932292931912372
Complex ACG,1.0,test,82,0.2520526057866534
Complex ACG,1.0,test,83,0.2366812080292549
Complex ACG,1.0,test,84,0.2264010446488754
Complex ACG,1.0,test,85,0.2679283639163042
Complex ACG,1.0,test,86,0.2562290948515467
Complex ACG,1.0,test,87,0.2314969770523974
Complex ACG,1.0,test,88,0.2073683715245525
Complex ACG,1.0,test,89,0.2324623900042476
Complex ACG,1.0,test,90,0.2402002423519542
Complex ACG,1.0,test,91,0.2091902893863593
Complex ACG,1.0,test,92,0.2988633861757911
Complex ACG,1.0,test,93,0.2911519553151053
Complex ACG,1.0,test,94,0.2746513585652367
Complex ACG,1.0,test,95,0.2429235036232468
Complex ACG,1.0,test,96,0.2602831998907092
Complex ACG,1.0,test,97,0.1242746860599524
Complex ACG,1.0,test,98,0.2271984680541003
Complex ACG,5.0,train,0,0.3770179704203951
Complex ACG,5.0,train,1,0.290948865567179
Complex ACG,5.0,train,2,0.4034379982212944
Complex ACG,5.0,train,3,0.4274011107018369
Complex ACG,5.0,train,4,0.3399462065906371
Complex ACG,5.0,train,5,0.3327747338236835
Complex ACG,5.0,train,6,0.4340320550151332
Complex ACG,5.0,train,7,0.4675334728922715
Complex ACG,5.0,train,8,0.3066332633451653
Complex ACG,5.0,train,9,0.353014878601546
Complex ACG,5.0,train,10,0.3769992602216563
Complex ACG,5.0,train,11,0.4071387407490864
Complex ACG,5.0,train,12,0.4249169933391304
Complex ACG,5.0,train,13,0.2763321749389035
Complex ACG,5.0,train,14,0.3547372070166424
Complex ACG,5.0,train,15,0.2447196746432494
Complex ACG,5.0,train,16,0.3883317947205454
Complex ACG,5.0,train,17,0.3735140948902489
Complex ACG,5.0,train,18,0.3682923868478528
Complex ACG,5.0,train,19,0.4215317077106242
Complex ACG,5.0,train,20,0.374286095006717
Complex ACG,5.0,train,21,0.3365554390861885
Complex ACG,5.0,train,22,0.4110290722564566
Complex ACG,5.0,train,23,0.2606862215631386
Complex ACG,5.0,train,24,0.4316286285672639
Complex ACG,5.0,train,25,0.3718831132739704
Complex ACG,5.0,train,26,0.5225779750875876
Complex ACG,5.0,train,27,0.4086353420729703
Complex ACG,5.0,train,28,0.3855615995268217
Complex ACG,5.0,train,29,0.2323282339523902
Complex ACG,5.0,train,30,0.397588289961899
Complex ACG,5.0,train,31,0.3612369716989425
Complex ACG,5.0,train,32,0.3852800701320916
Complex ACG,5.0,train,33,0.4953761923707939
Complex ACG,5.0,train,34,0.4373095974754928
Complex ACG,5.0,train,35,0.3337268330689402
Complex ACG,5.0,train,36,0.3276717666734486
Complex ACG,5.0,train,37,0.411035572314054
Complex ACG,5.0,train,38,0.3585097827416456
Complex ACG,5.0,train,39,0.4040481520086492
Complex ACG,5.0,train,40,0.3835863522625594
Complex ACG,5.0,train,41,0.2057253546982001
Complex ACG,5.0,train,42,0.5169081240852547
Complex ACG,5.0,train,43,0.3226593189264475
Complex ACG,5.0,train,44,0.4321522831329159
Complex ACG,5.0,train,45,0.4519932457041943
Complex ACG,5.0,train,46,0.4056686444006516
Complex ACG,5.0,train,47,0.3373467762296897
Complex ACG,5.0,train,48,0.3035705806605533
Complex ACG,5.0,train,49,0.4089742144236263
Complex ACG,5.0,train,50,0.4010793496908408
Complex ACG,5.0,train,51,0.3205904276830332
Complex ACG,5.0,train,52,0.4681704936686117
Complex ACG,5.0,train,53,0.3156515405635484
Complex ACG,5.0,train,54,0.399445807737214
Complex ACG,5.0,train,55,0.3728275542947907
Complex ACG,5.0,train,56,0.4316836046899339
Complex ACG,5.0,train,57,0.4895711301784667
Complex ACG,5.0,train,58,0.3837568112853156
Complex ACG,5.0,train,59,0.4409130442328933
Complex ACG,5.0,train,60,0.3728918341164343
Complex ACG,5.0,train,61,0.480500680049847
Complex ACG,5.0,train,62,0.3932419758128052
Complex ACG,5.0,train,63,0.5160123710132692
Complex ACG,5.0,train,64,0.3652566125667664
Complex ACG,5.0,train,65,0.4483629190203733
Complex ACG,5.0,train,66,0.2343664153784297
Complex ACG,5.0,train,67,0.3344071285820363
Complex ACG,5.0,train,68,0.4691347440468907
Complex ACG,5.0,train,69,0.3685214142424726
Complex ACG,5.0,train,70,0.5029135611765436
Complex ACG,5.0,train,71,0.275002762146029
Complex ACG,5.0,train,72,0.3247749557954048
Complex ACG,5.0,train,73,0.3515850366816481
Complex ACG,5.0,train,74,0.4480517933416796
Complex ACG,5.0,train,75,0.3286242945522682
Complex ACG,5.0,train,76,0.2451151809653247
Complex ACG,5.0,train,77,0.4294854426629195
Complex ACG,5.0,train,78,0.3658843183793408
Complex ACG,5.0,train,79,0.34952571924622
Complex ACG,5.0,train,80,0.3796036367184282
Complex ACG,5.0,train,81,0.4436978058750976
Complex ACG,5.0,train,82,0.3642064484051536
Complex ACG,5.0,train,83,0.2866491023292554
Complex ACG,5.0,train,84,0.3733002679051498
Complex ACG,5.0,train,85,0.4452634866588026
Complex ACG,5.0,train,86,0.3502082021483175
Complex ACG,5.0,train,87,0.489609156506773
Complex ACG,5.0,train,88,0.4005483509613083
Complex ACG,5.0,train,89,0.4041189596980904
Complex ACG,5.0,train,90,0.3872890618829948
Complex ACG,5.0,train,91,0.4032631980305128
Complex ACG,5.0,train,92,0.4368930138331166
Complex ACG,5.0,train,93,0.3620582689489036
Complex ACG,5.0,train,94,0.3763332274428105
Complex ACG,5.0,train,95,0.3436805216309276
Complex ACG,5.0,train,96,0.3852284065751717
Complex ACG,5.0,train,97,0.3822503000635932
Complex ACG,5.0,train,98,0.2953579756672487
Complex ACG,5.0,train,99,0.2476067480814104
Complex ACG,5.0,train,100,0.3725783470365474
Complex ACG,5.0,train,101,0.3963771656203829
Complex ACG,5.0,train,102,0.4676892488466466
Complex ACG,5.0,train,103,0.2394670954142957
Complex ACG,5.0,train,104,0.4362626336304883
Complex ACG,5.0,train,105,0.3038131474879836
Complex ACG,5.0,train,106,0.3310459534113476
Complex ACG,5.0,train,107,0.322072544143402
Complex ACG,5.0,train,108,0.3714330186574641
Complex ACG,5.0,train,109,0.3826067575075603
Complex ACG,5.0,train,110,0.3196215786779603
Complex ACG,5.0,train,111,0.4296298414691761
Complex ACG,5.0,train,112,0.4560706373701763
Complex ACG,5.0,train,113,0.4544148460927786
Complex ACG,5.0,train,114,0.3665722940681278
Complex ACG,5.0,train,115,0.3401471699835502
Complex ACG,5.0,train,116,0.4268478699185988
Complex ACG,5.0,train,117,0.4096273644811569
Complex ACG,5.0,train,118,0.4437718416780257
Complex ACG,5.0,train,119,0.4151025006963306
Complex ACG,5.0,train,120,0.3837193741802038
Complex ACG,5.0,train,121,0.4128411954177345
Complex ACG,5.0,train,122,0.3842962821615679
Complex ACG,5.0,train,123,0.3727978471903942
Complex ACG,5.0,train,124,0.3576227947791271
Complex ACG,5.0,train,125,0.5146970540488174
Complex ACG,5.0,train,126,0.5199078972118173
Complex ACG,5.0,train,127,0.4168631438295178
Complex ACG,5.0,train,128,0.3178763813703528
Complex ACG,5.0,train,129,0.4484899680791128
Complex ACG,5.0,train,130,0.3373685054987367
Complex ACG,5.0,train,131,0.2915184652998831
Complex ACG,5.0,train,132,0.3444226258040391
Complex ACG,5.0,train,133,0.4047771383947288
Complex ACG,5.0,train,134,0.4577584264438727
Complex ACG,5.0,train,135,0.3877992631524046
Complex ACG,5.0,train,136,0.3058432352080613
Complex ACG,5.0,train,137,0.3036374594117714
Complex ACG,5.0,train,138,0.3418185538919513
Complex ACG,5.0,train,139,0.523690560041825
Complex ACG,5.0,train,140,0.3892284048887452
Complex ACG,5.0,train,141,0.2557907367295958
Complex ACG,5.0,train,142,0.4208004666780318
Complex ACG,5.0,train,143,0.397908416712169
Complex ACG,5.0,train,144,0.3275358594606902
Complex ACG,5.0,train,145,0.3489830928012966
Complex ACG,5.0,train,146,0.3570315908251597
Complex ACG,5.0,train,147,0.5152916058849362
Complex ACG,5.0,train,148,0.3031167511068328
Complex ACG,5.0,train,149,0.2740655233848802
Complex ACG,5.0,train,150,0.3010468146722175
Complex ACG,5.0,train,151,0.3918270893107
Complex ACG,5.0,train,152,0.2695842368773313
Complex ACG,5.0,train,153,0.4006186199322863
Complex ACG,5.0,train,154,0.4142819464167495
Complex ACG,5.0,test,0,0.2532238746183448
Complex ACG,5.0,test,1,0.4305226353558778
Complex ACG,5.0,test,2,0.4331696097765537
Complex ACG,5.0,test,3,0.3327521289316654
Complex ACG,5.0,test,4,0.35926201546909
Complex ACG,5.0,test,5,0.4451577515392643
Complex ACG,5.0,test,6,0.2662794172419037
Complex ACG,5.0,test,7,0.2741298764870781
Complex ACG,5.0,test,8,0.4626178321808344
Complex ACG,5.0,test,9,0.422450271812248
Complex ACG,5.0,test,10,0.4611514350381116
Complex ACG,5.0,test,11,0.3390229569478249
Complex ACG,5.0,test,12,0.3958826037890251
Complex ACG,5.0,test,13,0.407648172841895
Complex ACG,5.0,test,14,0.3573703124527653
Complex ACG,5.0,test,15,0.3504959203730378
Complex ACG,5.0,test,16,0.2138941080300027
Complex ACG,5.0,test,17,0.3064399259111608
Complex ACG,5.0,test,18,0.4061602974500323
Complex ACG,5.0,test,19,0.4744789017812782
Complex ACG,5.0,test,20,0.3265218793720781
Complex ACG,5.0,test,21,0.3530072138029161
Complex ACG,5.0,test,22,0.4164390274330871
Complex ACG,5.0,test,23,0.4099443374638554
Complex ACG,5.0,test,24,0.3933707193704525
Complex ACG,5.0,test,25,0.4275300330469027
Complex ACG,5.0,test,26,0.4864631008705131
Complex ACG,5.0,test,27,0.325396327327499
Complex ACG,5.0,test,28,0.4126990916498477
Complex ACG,5.0,test,29,0.3921257365470927
Complex ACG,5.0,test,30,0.4433349066915682
Complex ACG,5.0,test,31,0.3544772373377306
Complex ACG,5.0,test,32,0.3634280964036674
Complex ACG,5.0,test,33,0.4038468317851955
Complex ACG,5.0,test,34,0.3401382580909578
Complex ACG,5.0,test,35,0.4250921425332793
Complex ACG,5.0,test,36,0.1820583256000284
Complex ACG,5.0,test,37,0.3847833295390742
Complex ACG,5.0,test,38,0.3733237106388354
Complex ACG,5.0,test,39,0.5068506356425112
Complex ACG,5.0,test,40,0.4035256971784737
Complex ACG,5.0,test,41,0.2836275638193566
Complex ACG,5.0,test,42,0.3333780612609652
Complex ACG,5.0,test,43,0.2893692221763236
Complex ACG,5.0,test,44,0.4356137559490737
Complex ACG,5.0,test,45,0.4689982464067184
Complex ACG,5.0,test,46,0.3782670058946736
Complex ACG,5.0,test,47,0.293035327166305
Complex ACG,5.0,test,48,0.4095598959006339
Complex ACG,5.0,test,49,0.4855022187501454
Complex ACG,5.0,test,50,0.3278242741544319
Complex ACG,5.0,test,51,0.3015005350641861
Complex ACG,5.0,test,52,0.3384700047166705
Complex ACG,5.0,test,53,0.415109398554393
Complex ACG,5.0,test,54,0.4875418146637757
Complex ACG,5.0,test,55,0.37751745974371
Complex ACG,5.0,test,56,0.4731879797029807
Complex ACG,5.0,test,57,0.4177560973591544
Complex ACG,5.0,test,58,0.4388600182157098
Complex ACG,5.0,test,59,0.3526919305968269
Complex ACG,5.0,test,60,0.2982969038872319
Complex ACG,5.0,test,61,0.2696518764701593
Complex ACG,5.0,test,62,0.3386012860462053
Complex ACG,5.0,test,63,0.3733735094411138
Complex ACG,5.0,test,64,0.4456565545065271
Complex ACG,5.0,test,65,0.3638991567900392
Complex ACG,5.0,test,66,0.3721216527404701
Complex ACG,5.0,test,67,0.5183024183576157
Complex ACG,5.0,test,68,0.3731863129653166
Complex ACG,5.0,test,69,0.3504513774850071
Complex ACG,5.0,test,70,0.3110822788064458
Complex ACG,5.0,test,71,0.3860512930100059
Complex ACG,5.0,test,72,0.2235592018669293
Complex ACG,5.0,test,73,0.4068966256876343
Complex ACG,5.0,test,74,0.4372097755138117
Complex ACG,5.0,test,75,0.2674103946018003
Complex ACG,5.0,test,76,0.3519015247439525
Complex ACG,5.0,test,77,0.2332444640397352
Complex ACG,5.0,test,78,0.4697891469806003
Complex ACG,5.0,test,79,0.3667988520759774
Complex ACG,5.0,test,80,0.2249840462974059
Complex ACG,5.0,test,81,0.4422075788140567
Complex ACG,5.0,test,82,0.4784393846084439
Complex ACG,5.0,test,83,0.2998501852864603
Complex ACG,5.0,test,84,0.3433487271835557
Complex ACG,5.0,test,85,0.3859315210931773
Complex ACG,5.0,test,86,0.2905410150638867
Complex ACG,5.0,test,87,0.406302483209982
Complex ACG,5.0,test,88,0.3851197859338329
Complex ACG,5.0,test,89,0.3559542872802075
Complex ACG,5.0,test,90,0.3340124576620099
Complex ACG,5.0,test,91,0.4103422391239309
Complex ACG,5.0,test,92,0.3684820160934308
Complex ACG,5.0,test,93,0.382311214208843
Complex ACG,5.0,test,94,0.3649381556599574
Complex ACG,5.0,test,95,0.3562215373648535
Complex ACG,5.0,test,96,0.3388059481127573
Complex ACG,5.0,test,97,0.2637481978661902
Complex ACG,5.0,test,98,0.503301741374473
Complex ACG,10.0,train,0,0.3443830292442469
Complex ACG,10.0,train,1,0.402071232458413
Complex ACG,10.0,train,2,0.4392823311412377
Complex ACG,10.0,train,3,0.4305094032295363
Complex ACG,10.0,train,4,0.5380900720922123
Complex ACG,10.0,train,5,0.4304504118774892
Complex ACG,10.0,train,6,0.4590951019633868
Complex ACG,10.0,train,7,0.5070838801048474
Complex ACG,10.0,train,8,0.3926311864328488
Complex ACG,10.0,train,9,0.4912219995853108
Complex ACG,10.0,train,10,0.4591352489865123
Complex ACG,10.0,train,11,0.4558397715170901
Complex ACG,10.0,train,12,0.5539943794673444
Complex ACG,10.0,train,13,0.3298748465054003
Complex ACG,10.0,train,14,0.4453650644289496
Complex ACG,10.0,train,15,0.4375094311601424
Complex ACG,10.0,train,16,0.5232165835406509
Complex ACG,10.0,train,17,0.536595634061927
Complex ACG,10.0,train,18,0.4978572690306568
Complex ACG,10.0,train,19,0.6378821729542714
Complex ACG,10.0,train,20,0.5416069423051878
Complex ACG,10.0,train,21,0.4463124041457552
Complex ACG,10.0,train,22,0.4754791156053517
Complex ACG,10.0,train,23,0.5216897897442456
Complex ACG,10.0,train,24,0.5978712126617778
Complex ACG,10.0,train,25,0.6095821025158767
Complex ACG,10.0,train,26,0.6047605829152864
Complex ACG,10.0,train,27,0.5316084387457938
Complex ACG,10.0,train,28,0.4949889374470456
Complex ACG,10.0,train,29,0.2624899289830129
Complex ACG,10.0,train,30,0.4844422586690121
Complex ACG,10.0,train,31,0.4434989535397728
Complex ACG,10.0,train,32,0.4831203190868823
Complex ACG,10.0,train,33,0.5988107681302941
Complex ACG,10.0,train,34,0.6529222608913275
Complex ACG,10.0,train,35,0.4069905911643642
Complex ACG,10.0,train,36,0.3457524974045548
Complex ACG,10.0,train,37,0.4534758989016295
Complex ACG,10.0,train,38,0.4363004801628393
Complex ACG,10.0,train,39,0.5317130753004101
Complex ACG,10.0,train,40,0.6352060479058748
Complex ACG,10.0,train,41,0.2776474015900083
Complex ACG,10.0,train,42,0.5237048020082441
Complex ACG,10.0,train,43,0.2935996597366214
Complex ACG,10.0,train,44,0.5333917824781191
Complex ACG,10.0,train,45,0.5584955525959645
Complex ACG,10.0,train,46,0.5245160209369397
Complex ACG,10.0,train,47,0.493386839587121
Complex ACG,10.0,train,48,0.3964132174127345
Complex ACG,10.0,train,49,0.5365985900182364
Complex ACG,10.0,train,50,0.4622746656264307
Complex ACG,10.0,train,51,0.4550517072248734
Complex ACG,10.0,train,52,0.3948171867513488
Complex ACG,10.0,train,53,0.3110099508671392
Complex ACG,10.0,train,54,0.5490844321897497
Complex ACG,10.0,train,55,0.4657667368923442
Complex ACG,10.0,train,56,0.4742208498961819
Complex ACG,10.0,train,57,0.5907960831310612
Complex ACG,10.0,train,58,0.5608949720845539
Complex ACG,10.0,train,59,0.4821409705823048
Complex ACG,10.0,train,60,0.4665574034409014
Complex ACG,10.0,train,61,0.5318445136883966
Complex ACG,10.0,train,62,0.4806834567902383
Complex ACG,10.0,train,63,0.5853992165342812
Complex ACG,10.0,train,64,0.5037939206734774
Complex ACG,10.0,train,65,0.6330344783081444
Complex ACG,10.0,train,66,0.4339641649913022
Complex ACG,10.0,train,67,0.4798654936842881
Complex ACG,10.0,train,68,0.6132691943787345
Complex ACG,10.0,train,69,0.5355541863718819
Complex ACG,10.0,train,70,0.6178837776531355
Complex ACG,10.0,train,71,0.3351448305916548
Complex ACG,10.0,train,72,0.4299491780846467
Complex ACG,10.0,train,73,0.3985272907436227
Complex ACG,10.0,train,74,0.5222719536207708
Complex ACG,10.0,train,75,0.3767954459662113
Complex ACG,10.0,train,76,0.3572370667708387
Complex ACG,10.0,train,77,0.6034147720852989
Complex ACG,10.0,train,78,0.5708781258815906
Complex ACG,10.0,train,79,0.4613380890403439
Complex ACG,10.0,train,80,0.4455872594626102
Complex ACG,10.0,train,81,0.3739355081886555
Complex ACG,10.0,train,82,0.5161203853170797
Complex ACG,10.0,train,83,0.480973791697233
Complex ACG,10.0,train,84,0.4676270076791143
Complex ACG,10.0,train,85,0.466135951127976
Complex ACG,10.0,train,86,0.3823340277511123
Complex ACG,10.0,train,87,0.6068657480981299
Complex ACG,10.0,train,88,0.5251770864380999
Complex ACG,10.0,train,89,0.4953200955988448
Complex ACG,10.0,train,90,0.531993008307406
Complex ACG,10.0,train,91,0.4130821228594789
Complex ACG,10.0,train,92,0.5019283864765219
Complex ACG,10.0,train,93,0.4622875827368186
Complex ACG,10.0,train,94,0.5560222182083419
Complex ACG,10.0,train,95,0.487167609904724
Complex ACG,10.0,train,96,0.5591758025829913
Complex ACG,10.0,train,97,0.520414271440752
Complex ACG,10.0,train,98,0.3272845118617942
Complex ACG,10.0,train,99,0.2930692304593378
Complex ACG,10.0,train,100,0.5330190493177381
Complex ACG,10.0,train,101,0.4469959784178552
Complex ACG,10.0,train,102,0.5234747991750888
Complex ACG,10.0,train,103,0.3859068225628814
Complex ACG,10.0,train,104,0.6558502924370756
Complex ACG,10.0,train,105,0.3428037590692454
Complex ACG,10.0,train,106,0.525091645026503
Complex ACG,10.0,train,107,0.4043687516393954
Complex ACG,10.0,train,108,0.4479291239852729
Complex ACG,10.0,train,109,0.5005065306274429
Complex ACG,10.0,train,110,0.5165128042707176
Complex ACG,10.0,train,111,0.5020042853640277
Complex ACG,10.0,train,112,0.5617584162836634
Complex ACG,10.0,train,113,0.5584640930441072
Complex ACG,10.0,train,114,0.4301983326067944
Complex ACG,10.0,train,115,0.4636471425128726
Complex ACG,10.0,train,116,0.4788313175116926
Complex ACG,10.0,train,117,0.5026697234872971
Complex ACG,10.0,train,118,0.4606560008985272
Complex ACG,10.0,train,119,0.5210159709435198
Complex ACG,10.0,train,120,0.524471578118823
Complex ACG,10.0,train,121,0.5310579433351769
Complex ACG,10.0,train,122,0.5631345936542844
Complex ACG,10.0,train,123,0.5244437768539073
Complex ACG,10.0,train,124,0.497606598727852
Complex ACG,10.0,train,125,0.5868241550587904
Complex ACG,10.0,train,126,0.6387317032455134
Complex ACG,10.0,train,127,0.3748062366550094
Complex ACG,10.0,train,128,0.3810683604779751
Complex ACG,10.0,train,129,0.6608850943773746
Complex ACG,10.0,train,130,0.3800319299967087
Complex ACG,10.0,train,131,0.4042741948054123
Complex ACG,10.0,train,132,0.5870830562423109
Complex ACG,10.0,train,133,0.5586773432032569
Complex ACG,10.0,train,134,0.5356932131454465
Complex ACG,10.0,train,135,0.6307092082157408
Complex ACG,10.0,train,136,0.4466723453891287
Complex ACG,10.0,train,137,0.4442775150182418
Complex ACG,10.0,train,138,0.5265783008678504
Complex ACG,10.0,train,139,0.5936531244698597
Complex ACG,10.0,train,140,0.5129340196486052
Complex ACG,10.0,train,141,0.4385197824712459
Complex ACG,10.0,train,142,0.461565142039946
Complex ACG,10.0,train,143,0.4869038364783293
Complex ACG,10.0,train,144,0.4383479998323648
Complex ACG,10.0,train,145,0.5031206253710853
Complex ACG,10.0,train,146,0.5463190472710745
Complex ACG,10.0,train,147,0.5204619394347625
Complex ACG,10.0,train,148,0.4530182983364461
Complex ACG,10.0,train,149,0.4793397428156129
Complex ACG,10.0,train,150,0.5364717903215497
Complex ACG,10.0,train,151,0.4754316383196312
Complex ACG,10.0,train,152,0.3322086694119108
Complex ACG,10.0,train,153,0.5046004715758042
Complex ACG,10.0,train,154,0.5145023925317291
Complex ACG,10.0,test,0,0.3307534521292922
Complex ACG,10.0,test,1,0.5130458091920572
Complex ACG,10.0,test,2,0.4383605148053572
Complex ACG,10.0,test,3,0.3377262955029076
Complex ACG,10.0,test,4,0.4399746949796747
Complex ACG,10.0,test,5,0.5604831319328729
Complex ACG,10.0,test,6,0.415551881334074
Complex ACG,10.0,test,7,0.3435466074745683
Complex ACG,10.0,test,8,0.4954855895495699
Complex ACG,10.0,test,9,0.5605194864006666
Complex ACG,10.0,test,10,0.5198014183984365
Complex ACG,10.0,test,11,0.4621809483699238
Complex ACG,10.0,test,12,0.466715448668998
Complex ACG,10.0,test,13,0.3812584351169777
Complex ACG,10.0,test,14,0.6284885663411643
Complex ACG,10.0,test,15,0.4590328898302286
Complex ACG,10.0,test,16,0.316669025455682
Complex ACG,10.0,test,17,0.3920505004736327
Complex ACG,10.0,test,18,0.523163428257515
Complex ACG,10.0,test,19,0.4314477818734813
Complex ACG,10.0,test,20,0.3950542079081429
Complex ACG,10.0,test,21,0.4254671190121949
Complex ACG,10.0,test,22,0.5546266269271445
Complex ACG,10.0,test,23,0.6066635725269405
Complex ACG,10.0,test,24,0.4269648742042465
Complex ACG,10.0,test,25,0.5196204838378176
Complex ACG,10.0,test,26,0.4419448562320794
Complex ACG,10.0,test,27,0.4301290901745163
Complex ACG,10.0,test,28,0.5095600585951526
Complex ACG,10.0,test,29,0.623652007967922
Complex ACG,10.0,test,30,0.515125522233099
Complex ACG,10.0,test,31,0.3935283489225581
Complex ACG,10.0,test,32,0.5462931336480958
Complex ACG,10.0,test,33,0.4317315506152618
Complex ACG,10.0,test,34,0.4110122698862695
Complex ACG,10.0,test,35,0.521592493624118
Complex ACG,10.0,test,36,0.3127616108043354
Complex ACG,10.0,test,37,0.6007573803489797
Complex ACG,10.0,test,38,0.3612956807503342
Complex ACG,10.0,test,39,0.4364360267215135
Complex ACG,10.0,test,40,0.5560585835337388
Complex ACG,10.0,test,41,0.4117541812131913
Complex ACG,10.0,test,42,0.4746791285171802
Complex ACG,10.0,test,43,0.3751132534304098
Complex ACG,10.0,test,44,0.5237399838685737
Complex ACG,10.0,test,45,0.4884081144383868
Complex ACG,10.0,test,46,0.4241508472773568
Complex ACG,10.0,test,47,0.4196224164328546
Complex ACG,10.0,test,48,0.4544463608395609
Complex ACG,10.0,test,49,0.5166209415478432
Complex ACG,10.0,test,50,0.4703954811901022
Complex ACG,10.0,test,51,0.4222936855117074
Complex ACG,10.0,test,52,0.4188897541607305
Complex ACG,10.0,test,53,0.4506077456466832
Complex ACG,10.0,test,54,0.5988386642308294
Complex ACG,10.0,test,55,0.5379230127583742
Complex ACG,10.0,test,56,0.4886937696280218
Complex ACG,10.0,test,57,0.5089753067386713
Complex ACG,10.0,test,58,0.5191427315601189
Complex ACG,10.0,test,59,0.4203294551976513
Complex ACG,10.0,test,60,0.370840576293182
Complex ACG,10.0,test,61,0.4016801060068852
Complex ACG,10.0,test,62,0.4901114785133519
Complex ACG,10.0,test,63,0.4077708627104441
Complex ACG,10.0,test,64,0.5649167447516019
Complex ACG,10.0,test,65,0.419650882983972
Complex ACG,10.0,test,66,0.5314691784359741
Complex ACG,10.0,test,67,0.593792010229059
Complex ACG,10.0,test,68,0.4792053599286067
Complex ACG,10.0,test,69,0.4673207056836798
Complex ACG,10.0,test,70,0.4514879380544182
Complex ACG,10.0,test,71,0.5210356038859649
Complex ACG,10.0,test,72,0.2531218688432278
Complex ACG,10.0,test,73,0.4750249469451114
Complex ACG,10.0,test,74,0.5556751925457095
Complex ACG,10.0,test,75,0.3206816738975795
Complex ACG,10.0,test,76,0.5022546297974136
Complex ACG,10.0,test,77,0.3013948152859686
Complex ACG,10.0,test,78,0.4241543795721665
Complex ACG,10.0,test,79,0.4699112587557102
Complex ACG,10.0,test,80,0.2426621660486993
Complex ACG,10.0,test,81,0.560489756785362
Complex ACG,10.0,test,82,0.5474406731568178
Complex ACG,10.0,test,83,0.4551310507942223
Complex ACG,10.0,test,84,0.4861100493517461
Complex ACG,10.0,test,85,0.5049710901424739
Complex ACG,10.0,test,86,0.355998556113406
Complex ACG,10.0,test,87,0.4937209091796452
Complex ACG,10.0,test,88,0.5586217893595797
Complex ACG,10.0,test,89,0.4338930084424249
Complex ACG,10.0,test,90,0.4711274813022274
Complex ACG,10.0,test,91,0.5059538683686511
Complex ACG,10.0,test,92,0.3838380660861758
Complex ACG,10.0,test,93,0.4371588768640136
Complex ACG,10.0,test,94,0.3778680028395944
Complex ACG,10.0,test,95,0.4045935122233871
Complex ACG,10.0,test,96,0.4701017489024344
Complex ACG,10.0,test,97,0.3716971653521714
Complex ACG,10.0,test,98,0.5222589715796059
Complex ACG,25.0,train,0,0.5195740973067753
Complex ACG,25.0,train,1,0.4710595386259233
Complex ACG,25.0,train,2,0.5229682482639028
Complex ACG,25.0,train,3,0.5461680485361982
Complex ACG,25.0,train,4,0.6116627025048025
Complex ACG,25.0,train,5,0.5235268828544482
Complex ACG,25.0,train,6,0.6463850506172203
Complex ACG,25.0,train,7,0.536685589916744
Complex ACG,25.0,train,8,0.3978398689440128
Complex ACG,25.0,train,9,0.5448728014438469
Complex ACG,25.0,train,10,0.5534774428478622
Complex ACG,25.0,train,11,0.5495316535644101
Complex ACG,25.0,train,12,0.6970627581500296
Complex ACG,25.0,train,13,0.4056016740657441
Complex ACG,25.0,train,14,0.5234818783431591
Complex ACG,25.0,train,15,0.501817311459789
Complex ACG,25.0,train,16,0.6694437275499332
Complex ACG,25.0,train,17,0.6241454535980905
Complex ACG,25.0,train,18,0.5336192076832004
Complex ACG,25.0,train,19,0.7016409981655909
Complex ACG,25.0,train,20,0.3996137038233879
Complex ACG,25.0,train,21,0.668547109263507
Complex ACG,25.0,train,22,0.549690679492672
Complex ACG,25.0,train,23,0.5014347778500791
Complex ACG,25.0,train,24,0.7570237422884167
Complex ACG,25.0,train,25,0.6118342250497124
Complex ACG,25.0,train,26,0.7270958460765822
Complex ACG,25.0,train,27,0.6030594666862346
Complex ACG,25.0,train,28,0.5895249969783669
Complex ACG,25.0,train,29,0.4389431691060569
Complex ACG,25.0,train,30,0.5744044526592448
Complex ACG,25.0,train,31,0.5453539741266455
Complex ACG,25.0,train,32,0.5948377592155822
Complex ACG,25.0,train,33,0.6432551052200408
Complex ACG,25.0,train,34,0.6364586070904777
Complex ACG,25.0,train,35,0.4059633917842213
Complex ACG,25.0,train,36,0.3661393597794063
Complex ACG,25.0,train,37,0.5490694924467961
Complex ACG,25.0,train,38,0.5767879976508279
Complex ACG,25.0,train,39,0.5567789552377991
Complex ACG,25.0,train,40,0.5668545494485773
Complex ACG,25.0,train,41,0.3190485056968418
Complex ACG,25.0,train,42,0.6578508075628684
Complex ACG,25.0,train,43,0.4321594595079883
Complex ACG,25.0,train,44,0.6208160662980268
Complex ACG,25.0,train,45,0.5762589759574763
Complex ACG,25.0,train,46,0.5659879149628738
Complex ACG,25.0,train,47,0.5372013099264515
Complex ACG,25.0,train,48,0.4496833959143529
Complex ACG,25.0,train,49,0.5580264238230285
Complex ACG,25.0,train,50,0.5472853931971046
Complex ACG,25.0,train,51,0.536868889779898
Complex ACG,25.0,train,52,0.6909971575061093
Complex ACG,25.0,train,53,0.3904061946116464
Complex ACG,25.0,train,54,0.6266500989812813
Complex ACG,25.0,train,55,0.562231147708903
Complex ACG,25.0,train,56,0.5461627017356423
Complex ACG,25.0,train,57,0.6401931726883715
Complex ACG,25.0,train,58,0.5682813495869864
Complex ACG,25.0,train,59,0.5560342335747221
Complex ACG,25.0,train,60,0.5072899409190389
Complex ACG,25.0,train,61,0.633683723430244
Complex ACG,25.0,train,62,0.5040586276509812
Complex ACG,25.0,train,63,0.733441819070694
Complex ACG,25.0,train,64,0.594111823781792
Complex ACG,25.0,train,65,0.7387177482001586
Complex ACG,25.0,train,66,0.5544911123600572
Complex ACG,25.0,train,67,0.4923106000902034
Complex ACG,25.0,train,68,0.5950970453862047
Complex ACG,25.0,train,69,0.6569281192817064
Complex ACG,25.0,train,70,0.6329711361945023
Complex ACG,25.0,train,71,0.3265785610375896
Complex ACG,25.0,train,72,0.5190776078161664
Complex ACG,25.0,train,73,0.5934596589719442
Complex ACG,25.0,train,74,0.6179409165805962
Complex ACG,25.0,train,75,0.398513663556349
Complex ACG,25.0,train,76,0.5291510004309619
Complex ACG,25.0,train,77,0.6583184601856042
Complex ACG,25.0,train,78,0.562295240794409
Complex ACG,25.0,train,79,0.5729616188979667
Complex ACG,25.0,train,80,0.5089789061363996
Complex ACG,25.0,train,81,0.4915230342232946
Complex ACG,25.0,train,82,0.6164142190096938
Complex ACG,25.0,train,83,0.4928552568488368
Complex ACG,25.0,train,84,0.5356003114532315
Complex ACG,25.0,train,85,0.5155295309497775
Complex ACG,25.0,train,86,0.5006886029092469
Complex ACG,25.0,train,87,0.6765589422965445
Complex ACG,25.0,train,88,0.5820325591576112
Complex ACG,25.0,train,89,0.5662839664424446
Complex ACG,25.0,train,90,0.5348540049970765
Complex ACG,25.0,train,91,0.5889519051912973
Complex ACG,25.0,train,92,0.6017166960454562
Complex ACG,25.0,train,93,0.514135231508032
Complex ACG,25.0,train,94,0.6476520811897157
Complex ACG,25.0,train,95,0.5514138639465607
Complex ACG,25.0,train,96,0.5424751447075773
Complex ACG,25.0,train,97,0.5444620384180673
Complex ACG,25.0,train,98,0.3623332395369324
Complex ACG,25.0,train,99,0.3452635729430502
Complex ACG,25.0,train,100,0.5538752699414643
Complex ACG,25.0,train,101,0.5150059302353576
Complex ACG,25.0,train,102,0.5289656425188379
Complex ACG,25.0,train,103,0.5505848800948145
Complex ACG,25.0,train,104,0.6190916853680657
Complex ACG,25.0,train,105,0.3811448811097679
Complex ACG,25.0,train,106,0.6016356378693234
Complex ACG,25.0,train,107,0.565969702525002
Complex ACG,25.0,train,108,0.4328301537867092
Complex ACG,25.0,train,109,0.61640300669101
Complex ACG,25.0,train,110,0.5274582799249748
Complex ACG,25.0,train,111,0.5476696235011883
Complex ACG,25.0,train,112,0.6070790251904279
Complex ACG,25.0,train,113,0.605916984788322
Complex ACG,25.0,train,114,0.5600854181794145
Complex ACG,25.0,train,115,0.5911247561096035
Complex ACG,25.0,train,116,0.5642042617329786
Complex ACG,25.0,train,117,0.5058051686850982
Complex ACG,25.0,train,118,0.5981800779380165
Complex ACG,25.0,train,119,0.6667767481512391
Complex ACG,25.0,train,120,0.4802564249888498
Complex ACG,25.0,train,121,0.5240157609269478
Complex ACG,25.0,train,122,0.4622313726518953
Complex ACG,25.0,train,123,0.4817992837742068
Complex ACG,25.0,train,124,0.5317304215884181
Complex ACG,25.0,train,125,0.6284949851642648
Complex ACG,25.0,train,126,0.6901088250800579
Complex ACG,25.0,train,127,0.4140763600459972
Complex ACG,25.0,train,128,0.5175692277044875
Complex ACG,25.0,train,129,0.7002761401973773
Complex ACG,25.0,train,130,0.5152912587983921
Complex ACG,25.0,train,131,0.3947758696005756
Complex ACG,25.0,train,132,0.5248612371652267
Complex ACG,25.0,train,133,0.5753150142968401
Complex ACG,25.0,train,134,0.7319192744504247
Complex ACG,25.0,train,135,0.6147406739221303
Complex ACG,25.0,train,136,0.61730919869994
Complex ACG,25.0,train,137,0.4343500314976422
Complex ACG,25.0,train,138,0.6736137389037536
Complex ACG,25.0,train,139,0.6639943434076327
Complex ACG,25.0,train,140,0.5663583055423272
Complex ACG,25.0,train,141,0.4198267312497889
Complex ACG,25.0,train,142,0.5239300218734466
Complex ACG,25.0,train,143,0.5959446027052636
Complex ACG,25.0,train,144,0.4716982091579059
Complex ACG,25.0,train,145,0.5686580450749185
Complex ACG,25.0,train,146,0.5427824586452505
Complex ACG,25.0,train,147,0.6399342417070252
Complex ACG,25.0,train,148,0.4715217747525796
Complex ACG,25.0,train,149,0.5043362524080386
Complex ACG,25.0,train,150,0.551078746880593
Complex ACG,25.0,train,151,0.54076862810093
Complex ACG,25.0,train,152,0.5278837943074728
Complex ACG,25.0,train,153,0.5736810374113176
Complex ACG,25.0,train,154,0.6169375314645091
Complex ACG,25.0,test,0,0.3826820742109978
Complex ACG,25.0,test,1,0.54967591504166
Complex ACG,25.0,test,2,0.6166567993415321
Complex ACG,25.0,test,3,0.4505092256649643
Complex ACG,25.0,test,4,0.4514300135468926
Complex ACG,25.0,test,5,0.5750667141179875
Complex ACG,25.0,test,6,0.4282717252649072
Complex ACG,25.0,test,7,0.4007936732335964
Complex ACG,25.0,test,8,0.5685227419984238
Complex ACG,25.0,test,9,0.4733597440517806
Complex ACG,25.0,test,10,0.6117919387503179
Complex ACG,25.0,test,11,0.4177503387802275
Complex ACG,25.0,test,12,0.4396948871309312
Complex ACG,25.0,test,13,0.4861919811647021
Complex ACG,25.0,test,14,0.6298071089340042
Complex ACG,25.0,test,15,0.4748800014068094
Complex ACG,25.0,test,16,0.3468459151917203
Complex ACG,25.0,test,17,0.3902004616152854
Complex ACG,25.0,test,18,0.560886241810362
Complex ACG,25.0,test,19,0.5984880537170976
Complex ACG,25.0,test,20,0.4557409700725919
Complex ACG,25.0,test,21,0.4715640602459982
Complex ACG,25.0,test,22,0.6351408269210295
Complex ACG,25.0,test,23,0.5686951801362642
Complex ACG,25.0,test,24,0.4831297415176324
Complex ACG,25.0,test,25,0.5537333352241108
Complex ACG,25.0,test,26,0.4682135838073543
Complex ACG,25.0,test,27,0.5534468791876627
Complex ACG,25.0,test,28,0.5572441401626014
Complex ACG,25.0,test,29,0.6093906252373095
Complex ACG,25.0,test,30,0.6243237119696486
Complex ACG,25.0,test,31,0.3855333370443635
Complex ACG,25.0,test,32,0.5579261620703833
Complex ACG,25.0,test,33,0.5489264274224811
Complex ACG,25.0,test,34,0.4319134070612775
Complex ACG,25.0,test,35,0.5549313279274951
Complex ACG,25.0,test,36,0.3086221402194771
Complex ACG,25.0,test,37,0.6285278274962953
Complex ACG,25.0,test,38,0.3644967574459643
Complex ACG,25.0,test,39,0.5358909326984264
Complex ACG,25.0,test,40,0.5710081700111668
Complex ACG,25.0,test,41,0.5120339139291058
Complex ACG,25.0,test,42,0.4841559816849912
Complex ACG,25.0,test,43,0.4150079619730261
Complex ACG,25.0,test,44,0.5100676344821355
Complex ACG,25.0,test,45,0.576243887784291
Complex ACG,25.0,test,46,0.4777875103306427
Complex ACG,25.0,test,47,0.3947869437112961
Complex ACG,25.0,test,48,0.52865536685162
Complex ACG,25.0,test,49,0.5739996084119569
Complex ACG,25.0,test,50,0.5061173612737991
Complex ACG,25.0,test,51,0.4665165048725546
Complex ACG,25.0,test,52,0.4484178690057417
Complex ACG,25.0,test,53,0.486970198909441
Complex ACG,25.0,test,54,0.5706587810747559
Complex ACG,25.0,test,55,0.5413535226207543
Complex ACG,25.0,test,56,0.4333008370685979
Complex ACG,25.0,test,57,0.5418522713311604
Complex ACG,25.0,test,58,0.5456784411163883
Complex ACG,25.0,test,59,0.4365979249267641
Complex ACG,25.0,test,60,0.381839328028682
Complex ACG,25.0,test,61,0.3685440645873947
Complex ACG,25.0,test,62,0.4055681896961899
Complex ACG,25.0,test,63,0.5401652433924321
Complex ACG,25.0,test,64,0.5324993176260543
Complex ACG,25.0,test,65,0.3725116354912299
Complex ACG,25.0,test,66,0.5089939804328755
Complex ACG,25.0,test,67,0.5730411742969374
Complex ACG,25.0,test,68,0.4238917986148196
Complex ACG,25.0,test,69,0.4733328046218225
Complex ACG,25.0,test,70,0.4399738150169152
Complex ACG,25.0,test,71,0.4095809348765626
Complex ACG,25.0,test,72,0.319819667572809
Complex ACG,25.0,test,73,0.4695694639606241
Complex ACG,25.0,test,74,0.5191379931714641
Complex ACG,25.0,test,75,0.4141034571521282
Complex ACG,25.0,test,76,0.4711959601076566
Complex ACG,25.0,test,77,0.3323738553628629
Complex ACG,25.0,test,78,0.5527900430904336
Complex ACG,25.0,test,79,0.5748461017381761
Complex ACG,25.0,test,80,0.3772331287104088
Complex ACG,25.0,test,81,0.6540652316298826
Complex ACG,25.0,test,82,0.533515504885722
Complex ACG,25.0,test,83,0.5176490703416634
Complex ACG,25.0,test,84,0.4663125897796999
Complex ACG,25.0,test,85,0.4703760525352195
Complex ACG,25.0,test,86,0.441440103259673
Complex ACG,25.0,test,87,0.5161318742609577
Complex ACG,25.0,test,88,0.5550085142151578
Complex ACG,25.0,test,89,0.4989820620538231
Complex ACG,25.0,test,90,0.4408268931277206
Complex ACG,25.0,test,91,0.5576221404420018
Complex ACG,25.0,test,92,0.3906825380026171
Complex ACG,25.0,test,93,0.5111989749269786
Complex ACG,25.0,test,94,0.5281459678911199
Complex ACG,25.0,test,95,0.5510397403928166
Complex ACG,25.0,test,96,0.5361917676959386
Complex ACG,25.0,test,97,0.4579773143256191
Complex ACG,25.0,test,98,0.6020455502980304
Complex ACG,50.0,train,0,0.4628506517167429
Complex ACG,50.0,train,1,0.4266680431162864
Complex ACG,50.0,train,2,0.5046610581792377
Complex ACG,50.0,train,3,0.4965026147105253
Complex ACG,50.0,train,4,0.581976480099805
Complex ACG,50.0,train,5,0.6147723030026784
Complex ACG,50.0,train,6,0.6676235185376792
Complex ACG,50.0,train,7,0.6286759563477663
Complex ACG,50.0,train,8,0.4809196833524687
Complex ACG,50.0,train,9,0.5220129708394795
Complex ACG,50.0,train,10,0.6041327136839686
Complex ACG,50.0,train,11,0.6019664631816017
Complex ACG,50.0,train,12,0.7574210188314007
Complex ACG,50.0,train,13,0.2903884204811322
Complex ACG,50.0,train,14,0.4776144460572515
Complex ACG,50.0,train,15,0.5836756853953393
Complex ACG,50.0,train,16,0.6197109917261525
Complex ACG,50.0,train,17,0.6356159820491749
Complex ACG,50.0,train,18,0.5679302199828358
Complex ACG,50.0,train,19,0.712488105994992
Complex ACG,50.0,train,20,0.4592543342224532
Complex ACG,50.0,train,21,0.663068666233097
Complex ACG,50.0,train,22,0.5719379506667213
Complex ACG,50.0,train,23,0.5431824460773741
Complex ACG,50.0,train,24,0.677445265617731
Complex ACG,50.0,train,25,0.6247218768482364
Complex ACG,50.0,train,26,0.7638323021678927
Complex ACG,50.0,train,27,0.679767221171777
Complex ACG,50.0,train,28,0.6750077657066141
Complex ACG,50.0,train,29,0.4378765209294321
Complex ACG,50.0,train,30,0.6743728896562852
Complex ACG,50.0,train,31,0.5972843568272305
Complex ACG,50.0,train,32,0.6737660783893421
Complex ACG,50.0,train,33,0.694213316258621
Complex ACG,50.0,train,34,0.6272694190252256
Complex ACG,50.0,train,35,0.3643597887715755
Complex ACG,50.0,train,36,0.4316271115940789
Complex ACG,50.0,train,37,0.6050111823729106
Complex ACG,50.0,train,38,0.5870210811122513
Complex ACG,50.0,train,39,0.6057163027145367
Complex ACG,50.0,train,40,0.5473770235513737
Complex ACG,50.0,train,41,0.349055657883465
Complex ACG,50.0,train,42,0.6708408368903382
Complex ACG,50.0,train,43,0.458896022762191
Complex ACG,50.0,train,44,0.6203675201568126
Complex ACG,50.0,train,45,0.6941319152190256
Complex ACG,50.0,train,46,0.6126183521231526
Complex ACG,50.0,train,47,0.5567790989322594
Complex ACG,50.0,train,48,0.5414307011989016
Complex ACG,50.0,train,49,0.5404747471267874
Complex ACG,50.0,train,50,0.565452056551792
Complex ACG,50.0,train,51,0.5379630730169647
Complex ACG,50.0,train,52,0.6100233483254407
Complex ACG,50.0,train,53,0.4374895459873974
Complex ACG,50.0,train,54,0.6439960636234209
Complex ACG,50.0,train,55,0.5994663792451793
Complex ACG,50.0,train,56,0.4881938658578961
Complex ACG,50.0,train,57,0.6228516134322793
Complex ACG,50.0,train,58,0.5641425085371851
Complex ACG,50.0,train,59,0.5705603149364025
Complex ACG,50.0,train,60,0.5797916676879928
Complex ACG,50.0,train,61,0.5814057877418822
Complex ACG,50.0,train,62,0.5411966780139761
Complex ACG,50.0,train,63,0.7167522191904413
Complex ACG,50.0,train,64,0.671410924482574
Complex ACG,50.0,train,65,0.6395643665877155
Complex ACG,50.0,train,66,0.5723287289018087
Complex ACG,50.0,train,67,0.4823540937922824
Complex ACG,50.0,train,68,0.7267039255443349
Complex ACG,50.0,train,69,0.6404597186375172
Complex ACG,50.0,train,70,0.7052774190376085
Complex ACG,50.0,train,71,0.3568665232626124
Complex ACG,50.0,train,72,0.6081983390749133
Complex ACG,50.0,train,73,0.5312628218906909
Complex ACG,50.0,train,74,0.6267613058127501
Complex ACG,50.0,train,75,0.4665879087805497
Complex ACG,50.0,train,76,0.489430803164337
Complex ACG,50.0,train,77,0.6025054851833825
Complex ACG,50.0,train,78,0.6108653771899505
Complex ACG,50.0,train,79,0.6156198760923853
Complex ACG,50.0,train,80,0.5426141564110345
Complex ACG,50.0,train,81,0.4629060311552284
Complex ACG,50.0,train,82,0.5667167644103172
Complex ACG,50.0,train,83,0.5278617691890501
Complex ACG,50.0,train,84,0.6662728481521816
Complex ACG,50.0,train,85,0.5303125525123278
Complex ACG,50.0,train,86,0.4718285863654578
Complex ACG,50.0,train,87,0.6714499998191152
Complex ACG,50.0,train,88,0.558254643075897
Complex ACG,50.0,train,89,0.5432126204787252
Complex ACG,50.0,train,90,0.4886499699012011
Complex ACG,50.0,train,91,0.5437492710880206
Complex ACG,50.0,train,92,0.6574890241241412
Complex ACG,50.0,train,93,0.5200526166569305
Complex ACG,50.0,train,94,0.6399265996409466
Complex ACG,50.0,train,95,0.4975435594973614
Complex ACG,50.0,train,96,0.6176874588353763
Complex ACG,50.0,train,97,0.6286113890607077
Complex ACG,50.0,train,98,0.3037082756140402
Complex ACG,50.0,train,99,0.5347438146125845
Complex ACG,50.0,train,100,0.5951230037349352
Complex ACG,50.0,train,101,0.6917512684276916
Complex ACG,50.0,train,102,0.5653550171565556
Complex ACG,50.0,train,103,0.5425707846329474
Complex ACG,50.0,train,104,0.7059821607286322
Complex ACG,50.0,train,105,0.4293409833203641
Complex ACG,50.0,train,106,0.5923214224092075
Complex ACG,50.0,train,107,0.516450968445395
Complex ACG,50.0,train,108,0.4534269579357631
Complex ACG,50.0,train,109,0.5623713780191828
Complex ACG,50.0,train,110,0.5632720546253069
Complex ACG,50.0,train,111,0.6018713665744663
Complex ACG,50.0,train,112,0.6438867594318749
Complex ACG,50.0,train,113,0.6645199175223132
Complex ACG,50.0,train,114,0.5745926343898724
Complex ACG,50.0,train,115,0.6388828554345461
Complex ACG,50.0,train,116,0.5754824700600186
Complex ACG,50.0,train,117,0.5965307936448788
Complex ACG,50.0,train,118,0.5652869316230625
Complex ACG,50.0,train,119,0.6188872424838121
Complex ACG,50.0,train,120,0.5494935550879632
Complex ACG,50.0,train,121,0.5419587967852297
Complex ACG,50.0,train,122,0.5744505207174552
Complex ACG,50.0,train,123,0.5728503769906722
Complex ACG,50.0,train,124,0.5415675789522846
Complex ACG,50.0,train,125,0.6557126981636472
Complex ACG,50.0,train,126,0.7504608440802573
Complex ACG,50.0,train,127,0.5358436032550536
Complex ACG,50.0,train,128,0.5381454182153602
Complex ACG,50.0,train,129,0.6417998984749864
Complex ACG,50.0,train,130,0.4306323361484532
Complex ACG,50.0,train,131,0.5011406827046364
Complex ACG,50.0,train,132,0.573857391369159
Complex ACG,50.0,train,133,0.6595904690324953
Complex ACG,50.0,train,134,0.7061528229328251
Complex ACG,50.0,train,135,0.5497252407512186
Complex ACG,50.0,train,136,0.6757360405710602
Complex ACG,50.0,train,137,0.3928433640489738
Complex ACG,50.0,train,138,0.6994966900426088
Complex ACG,50.0,train,139,0.6721871257217272
Complex ACG,50.0,train,140,0.6150194682014888
Complex ACG,50.0,train,141,0.4738893315885479
Complex ACG,50.0,train,142,0.4752897987261527
Complex ACG,50.0,train,143,0.6793575444982913
Complex ACG,50.0,train,144,0.5077222094285281
Complex ACG,50.0,train,145,0.5549058574600862
Complex ACG,50.0,train,146,0.5233104202910106
Complex ACG,50.0,train,147,0.6376815145820873
Complex ACG,50.0,train,148,0.5612841793541967
Complex ACG,50.0,train,149,0.5871746300451766
Complex ACG,50.0,train,150,0.6654533242795551
Complex ACG,50.0,train,151,0.5410048377860552
Complex ACG,50.0,train,152,0.4843435239107099
Complex ACG,50.0,train,153,0.5811206181937495
Complex ACG,50.0,train,154,0.5197024365629145
Complex ACG,50.0,test,0,0.4938284320079923
Complex ACG,50.0,test,1,0.568105230345662
Complex ACG,50.0,test,2,0.5638709311622909
Complex ACG,50.0,test,3,0.5205684242317955
Complex ACG,50.0,test,4,0.433579029147642
Complex ACG,50.0,test,5,0.543390084420666
Complex ACG,50.0,test,6,0.4342229223400556
Complex ACG,50.0,test,7,0.3920461833272966
Complex ACG,50.0,test,8,0.5700640198718263
Complex ACG,50.0,test,9,0.496758971331332
Complex ACG,50.0,test,10,0.5529360978728001
Complex ACG,50.0,test,11,0.4187882931685346
Complex ACG,50.0,test,12,0.5497913174697111
Complex ACG,50.0,test,13,0.5020306271622504
Complex ACG,50.0,test,14,0.6518226783049158
Complex ACG,50.0,test,15,0.4847260668989447
Complex ACG,50.0,test,16,0.3532451489232232
Complex ACG,50.0,test,17,0.3723315871925869
Complex ACG,50.0,test,18,0.5045836305154429
Complex ACG,50.0,test,19,0.5292568863097624
Complex ACG,50.0,test,20,0.3829930632696187
Complex ACG,50.0,test,21,0.5130723632757799
Complex ACG,50.0,test,22,0.6172089653776046
Complex ACG,50.0,test,23,0.5673592056041494
Complex ACG,50.0,test,24,0.4416299247467253
Complex ACG,50.0,test,25,0.4377697891977875
Complex ACG,50.0,test,26,0.475763038110521
Complex ACG,50.0,test,27,0.4271096481785518
Complex ACG,50.0,test,28,0.5739521713050114
Complex ACG,50.0,test,29,0.5792049609705128
Complex ACG,50.0,test,30,0.645596404887881
Complex ACG,50.0,test,31,0.3707314188728097
Complex ACG,50.0,test,32,0.4717289053401073
Complex ACG,50.0,test,33,0.4951757693300131
Complex ACG,50.0,test,34,0.4195556550299541
Complex ACG,50.0,test,35,0.550595163777303
Complex ACG,50.0,test,36,0.2924385020688022
Complex ACG,50.0,test,37,0.588985152106848
Complex ACG,50.0,test,38,0.3581036241071253
Complex ACG,50.0,test,39,0.4992738524632514
Complex ACG,50.0,test,40,0.6222671484616419
Complex ACG,50.0,test,41,0.4980843536462072
Complex ACG,50.0,test,42,0.578396014052719
Complex ACG,50.0,test,43,0.357716167169652
Complex ACG,50.0,test,44,0.503578698117575
Complex ACG,50.0,test,45,0.5892307709782688
Complex ACG,50.0,test,46,0.4461962508005346
Complex ACG,50.0,test,47,0.3774035788827104
Complex ACG,50.0,test,48,0.5271285711371656
Complex ACG,50.0,test,49,0.5459435389733328
Complex ACG,50.0,test,50,0.4239001253337623
Complex ACG,50.0,test,51,0.4146936000408434
Complex ACG,50.0,test,52,0.4381691970562211
Complex ACG,50.0,test,53,0.4485475671751562
Complex ACG,50.0,test,54,0.5991602118164719
Complex ACG,50.0,test,55,0.5294986390641371
Complex ACG,50.0,test,56,0.4735862908911258
Complex ACG,50.0,test,57,0.6322420013603649
Complex ACG,50.0,test,58,0.4977655789492324
Complex ACG,50.0,test,59,0.3960027141513063
Complex ACG,50.0,test,60,0.4259701246068107
Complex ACG,50.0,test,61,0.3777303154085789
Complex ACG,50.0,test,62,0.454280854076201
Complex ACG,50.0,test,63,0.5585703459283702
Complex ACG,50.0,test,64,0.5911843619393
Complex ACG,50.0,test,65,0.3841261213070264
Complex ACG,50.0,test,66,0.522837875359047
Complex ACG,50.0,test,67,0.5539322923145715
Complex ACG,50.0,test,68,0.3654370414819217
Complex ACG,50.0,test,69,0.4263916250489579
Complex ACG,50.0,test,70,0.3915303735711369
Complex ACG,50.0,test,71,0.4678939023801684
Complex ACG,50.0,test,72,0.2758123137825292
Complex ACG,50.0,test,73,0.5284732784102003
Complex ACG,50.0,test,74,0.477166934870215
Complex ACG,50.0,test,75,0.4100479504669538
Complex ACG,50.0,test,76,0.5395795168805195
Complex ACG,50.0,test,77,0.411828123648913
Complex ACG,50.0,test,78,0.5044147846251666
Complex ACG,50.0,test,79,0.5347474392305852
Complex ACG,50.0,test,80,0.3903469919763334
Complex ACG,50.0,test,81,0.6059045265266927
Complex ACG,50.0,test,82,0.5628331337684014
Complex ACG,50.0,test,83,0.4730705388856007
Complex ACG,50.0,test,84,0.5430736868262243
Complex ACG,50.0,test,85,0.4876271399531252
Complex ACG,50.0,test,86,0.5270329116927948
Complex ACG,50.0,test,87,0.641142803402789
Complex ACG,50.0,test,88,0.5354335250327346
Complex ACG,50.0,test,89,0.5048704244527646
Complex ACG,50.0,test,90,0.4186162186420736
Complex ACG,50.0,test,91,0.5636571948320015
Complex ACG,50.0,test,92,0.4045961921648211
Complex ACG,50.0,test,93,0.5392286613007199
Complex ACG,50.0,test,94,0.5269609407429041
Complex ACG,50.0,test,95,0.5612898313316899
Complex ACG,50.0,test,96,0.5645646216051567
Complex ACG,50.0,test,97,0.4296898837336691
Complex ACG,50.0,test,98,0.6451343258789467
Complex diametrical K-means,,train,0,0.2857774870582675
Complex diametrical K-means,,train,1,0.2154333666703093
Complex diametrical K-means,,train,2,0.1513522138591257
Complex diametrical K-means,,train,3,0.1598963820079838
Complex diametrical K-means,,train,4,0.2472743272860079
Complex diametrical K-means,,train,5,0.2312488203146836
Complex diametrical K-means,,train,6,0.1806601697377801
Complex diametrical K-means,,train,7,0.2081074161994055
Complex diametrical K-means,,train,8,0.2394448190505234
Complex diametrical K-means,,train,9,0.2787467219861855
Complex diametrical K-means,,train,10,0.2320453538076276
Complex diametrical K-means,,train,11,0.2487705178050562
Complex diametrical K-means,,train,12,0.2242381146371301
Complex diametrical K-means,,train,13,0.2710400744366155
Complex diametrical K-means,,train,14,0.167290847009847
Complex diametrical K-means,,train,15,0.2199764892063073
Complex diametrical K-means,,train,16,0.2457160948048358
Complex diametrical K-means,,train,17,0.1751508247428276
Complex diametrical K-means,,train,18,0.2881050683125083
Complex diametrical K-means,,train,19,0.1326055751281578
Complex diametrical K-means,,train,20,0.1791572910519356
Complex diametrical K-means,,train,21,0.1800312486208347
Complex diametrical K-means,,train,22,0.2203699524113314
Complex diametrical K-means,,train,23,0.2422888632005568
Complex diametrical K-means,,train,24,0.2999786720710382
Complex diametrical K-means,,train,25,0.3107328274113485
Complex diametrical K-means,,train,26,0.2265378904852139
Complex diametrical K-means,,train,27,0.2283097065848865
Complex diametrical K-means,,train,28,0.2256413954175318
Complex diametrical K-means,,train,29,0.1493793206987783
Complex diametrical K-means,,train,30,0.2025799069603109
Complex diametrical K-means,,train,31,0.1724761036425224
Complex diametrical K-means,,train,32,0.2294479917225809
Complex diametrical K-means,,train,33,0.2503999655117507
Complex diametrical K-means,,train,34,0.2751132924086227
Complex diametrical K-means,,train,35,0.2523714179373031
Complex diametrical K-means,,train,36,0.2237576491555362
Complex diametrical K-means,,train,37,0.1925468746127012
Complex diametrical K-means,,train,38,0.184395612238632
Complex diametrical K-means,,train,39,0.1803836071049089
Complex diametrical K-means,,train,40,0.1543632364501104
Complex diametrical K-means,,train,41,0.2154453143113979
Complex diametrical K-means,,train,42,0.1360465627809002
Complex diametrical K-means,,train,43,0.1791052941781099
Complex diametrical K-means,,train,44,0.2422330688879579
Complex diametrical K-means,,train,45,0.264652803288697
Complex diametrical K-means,,train,46,0.183867612678105
Complex diametrical K-means,,train,47,0.1380927510237177
Complex diametrical K-means,,train,48,0.2340224946376442
Complex diametrical K-means,,train,49,0.2289735952720804
Complex diametrical K-means,,train,50,0.2931131878251092
Complex diametrical K-means,,train,51,0.170951827995204
Complex diametrical K-means,,train,52,0.2715086127382831
Complex diametrical K-means,,train,53,0.2621224755320351
Complex diametrical K-means,,train,54,0.1928885511495015
Complex diametrical K-means,,train,55,0.1937817719702951
Complex diametrical K-means,,train,56,0.2366990887505557
Complex diametrical K-means,,train,57,0.3166933061859723
Complex diametrical K-means,,train,58,0.1907045223769942
Complex diametrical K-means,,train,59,0.149014055373598
Complex diametrical K-means,,train,60,0.1417892260903713
Complex diametrical K-means,,train,61,0.2218654355640792
Complex diametrical K-means,,train,62,0.1185824438734358
Complex diametrical K-means,,train,63,0.1900521707013343
Complex diametrical K-means,,train,64,0.1683901382174017
Complex diametrical K-means,,train,65,0.1833520779785531
Complex diametrical K-means,,train,66,0.1872163471375156
Complex diametrical K-means,,train,67,0.1940473524202594
Complex diametrical K-means,,train,68,0.2404074172282068
Complex diametrical K-means,,train,69,0.3059533716511755
Complex diametrical K-means,,train,70,0.2537396564087621
Complex diametrical K-means,,train,71,0.1932325834739622
Complex diametrical K-means,,train,72,0.1904159594387566
Complex diametrical K-means,,train,73,0.187385805461671
Complex diametrical K-means,,train,74,0.2866988973887204
Complex diametrical K-means,,train,75,0.1497958658366153
Complex diametrical K-means,,train,76,0.1896875910886421
Complex diametrical K-means,,train,77,0.2064563539355427
Complex diametrical K-means,,train,78,0.20542245334072
Complex diametrical K-means,,train,79,0.2608111359303684
Complex diametrical K-means,,train,80,0.1884416445528669
Complex diametrical K-means,,train,81,0.2167284350313863
Complex diametrical K-means,,train,82,0.1876834253718827
Complex diametrical K-means,,train,83,0.1740792483414129
Complex diametrical K-means,,train,84,0.1913664320708938
Complex diametrical K-means,,train,85,0.2238290129751304
Complex diametrical K-means,,train,86,0.2136413709504744
Complex diametrical K-means,,train,87,0.3211665830250047
Complex diametrical K-means,,train,88,0.1594203601634886
Complex diametrical K-means,,train,89,0.2728086369663537
Complex diametrical K-means,,train,90,0.2063048083080142
Complex diametrical K-means,,train,91,0.246655172487501
Complex diametrical K-means,,train,92,0.1915761101065594
Complex diametrical K-means,,train,93,0.2852878940395913
Complex diametrical K-means,,train,94,0.2251603831789384
Complex diametrical K-means,,train,95,0.2095298041342634
Complex diametrical K-means,,train,96,0.2893974425869657
Complex diametrical K-means,,train,97,0.2218319508762788
Complex diametrical K-means,,train,98,0.2296773247040443
Complex diametrical K-means,,train,99,0.208299220052896
Complex diametrical K-means,,train,100,0.2527321458520679
Complex diametrical K-means,,train,101,0.1666113982635246
Complex diametrical K-means,,train,102,0.2133408650076349
Complex diametrical K-means,,train,103,0.1945067257121812
Complex diametrical K-means,,train,104,0.2676984206824749
Complex diametrical K-means,,train,105,0.1581944046367953
Complex diametrical K-means,,train,106,0.2131025685014
Complex diametrical K-means,,train,107,0.1435379754604277
Complex diametrical K-means,,train,108,0.1949089406528785
Complex diametrical K-means,,train,109,0.1817735682017346
Complex diametrical K-means,,train,110,0.2262965331539061
Complex diametrical K-means,,train,111,0.2052509492497461
Complex diametrical K-means,,train,112,0.2493493033660662
Complex diametrical K-means,,train,113,0.2681439215131413
Complex diametrical K-means,,train,114,0.1333581033184868
Complex diametrical K-means,,train,115,0.2828341302000716
Complex diametrical K-means,,train,116,0.2771667076260377
Complex diametrical K-means,,train,117,0.1671785712859029
Complex diametrical K-means,,train,118,0.2624183853901601
Complex diametrical K-means,,train,119,0.2572603985538214
Complex diametrical K-means,,train,120,0.1748602458422679
Complex diametrical K-means,,train,121,0.1902299339295659
Complex diametrical K-means,,train,122,0.2543451198819526
Complex diametrical K-means,,train,123,0.2079560844748307
Complex diametrical K-means,,train,124,0.2122842668091644
Complex diametrical K-means,,train,125,0.2882058602858204
Complex diametrical K-means,,train,126,0.2197442690615713
Complex diametrical K-means,,train,127,0.2369679116172812
Complex diametrical K-means,,train,128,0.1603980399569238
Complex diametrical K-means,,train,129,0.2709471045759569
Complex diametrical K-means,,train,130,0.2182508577847837
Complex diametrical K-means,,train,131,0.150429473135078
Complex diametrical K-means,,train,132,0.153823461985168
Complex diametrical K-means,,train,133,0.2207626327279545
Complex diametrical K-means,,train,134,0.2121664058328753
Complex diametrical K-means,,train,135,0.2094986365141484
Complex diametrical K-means,,train,136,0.2212831366230885
Complex diametrical K-means,,train,137,0.2559110765124705
Complex diametrical K-means,,train,138,0.2499535768650432
Complex diametrical K-means,,train,139,0.2577824481689161
Complex diametrical K-means,,train,140,0.2001455475761762
Complex diametrical K-means,,train,141,0.1832449769711694
Complex diametrical K-means,,train,142,0.1574074466132236
Complex diametrical K-means,,train,143,0.1747609185537429
Complex diametrical K-means,,train,144,0.2803494044543499
Complex diametrical K-means,,train,145,0.2384185157092759
Complex diametrical K-means,,train,146,0.1914824729320107
Complex diametrical K-means,,train,147,0.2433514865917799
Complex diametrical K-means,,train,148,0.2217389830565282
Complex diametrical K-means,,train,149,0.2400792174551947
Complex diametrical K-means,,train,150,0.2153035933043137
Complex diametrical K-means,,train,151,0.2612131031353261
Complex diametrical K-means,,train,152,0.1882489620175094
Complex diametrical K-means,,train,153,0.1962736067853787
Complex diametrical K-means,,train,154,0.2557379799589598
Complex diametrical K-means,,test,0,0.1722853659642936
Complex diametrical K-means,,test,1,0.2678093122022263
Complex diametrical K-means,,test,2,0.224617767676418
Complex diametrical K-means,,test,3,0.2017628363764254
Complex diametrical K-means,,test,4,0.2044338070315276
Complex diametrical K-means,,test,5,0.2196645679181158
Complex diametrical K-means,,test,6,0.1546896716611394
Complex diametrical K-means,,test,7,0.2168052928718195
Complex diametrical K-means,,test,8,0.2388562025522932
Complex diametrical K-means,,test,9,0.2242373568132591
Complex diametrical K-means,,test,10,0.2353433014521278
Complex diametrical K-means,,test,11,0.2014580929273862
Complex diametrical K-means,,test,12,0.209008826824727
Complex diametrical K-means,,test,13,0.2320193815796338
Complex diametrical K-means,,test,14,0.2317645089049674
Complex diametrical K-means,,test,15,0.2219763867264763
Complex diametrical K-means,,test,16,0.2076026352256962
Complex diametrical K-means,,test,17,0.1965886384313772
Complex diametrical K-means,,test,18,0.1985214340790229
Complex diametrical K-means,,test,19,0.2610282342835091
Complex diametrical K-means,,test,20,0.2062955314018991
Complex diametrical K-means,,test,21,0.2161782580047103
Complex diametrical K-means,,test,22,0.2375224483407704
Complex diametrical K-means,,test,23,0.2209847540212162
Complex diametrical K-means,,test,24,0.1621700247794219
Complex diametrical K-means,,test,25,0.2395589679948873
Complex diametrical K-means,,test,26,0.1748819459376572
Complex diametrical K-means,,test,27,0.2030487154880879
Complex diametrical K-means,,test,28,0.2627827571807838
Complex diametrical K-means,,test,29,0.2181356427586651
Complex diametrical K-means,,test,30,0.2829175226766757
Complex diametrical K-means,,test,31,0.1964934753627475
Complex diametrical K-means,,test,32,0.193797222413457
Complex diametrical K-means,,test,33,0.2122877450066416
Complex diametrical K-means,,test,34,0.1907691257787991
Complex diametrical K-means,,test,35,0.2216140790333338
Complex diametrical K-means,,test,36,0.1735618226528801
Complex diametrical K-means,,test,37,0.2203008284498756
Complex diametrical K-means,,test,38,0.1663012607420632
Complex diametrical K-means,,test,39,0.2489641260153717
Complex diametrical K-means,,test,40,0.2438233040832417
Complex diametrical K-means,,test,41,0.2544997186556726
Complex diametrical K-means,,test,42,0.2818411129852923
Complex diametrical K-means,,test,43,0.2031905290055022
Complex diametrical K-means,,test,44,0.2304926354129637
Complex diametrical K-means,,test,45,0.1706451517451703
Complex diametrical K-means,,test,46,0.2089263328860734
Complex diametrical K-means,,test,47,0.2010856674198794
Complex diametrical K-means,,test,48,0.2163858753606088
Complex diametrical K-means,,test,49,0.1969111365183838
Complex diametrical K-means,,test,50,0.2031310246359155
Complex diametrical K-means,,test,51,0.1784927374769041
Complex diametrical K-means,,test,52,0.2252172628391625
Complex diametrical K-means,,test,53,0.2815912622854277
Complex diametrical K-means,,test,54,0.2624717160606616
Complex diametrical K-means,,test,55,0.2754563605779614
Complex diametrical K-means,,test,56,0.214496943752613
Complex diametrical K-means,,test,57,0.2686903581788459
Complex diametrical K-means,,test,58,0.2314568001316651
Complex diametrical K-means,,test,59,0.2298588306420072
Complex diametrical K-means,,test,60,0.2148286767960129
Complex diametrical K-means,,test,61,0.1582908152101569
Complex diametrical K-means,,test,62,0.1875529036106043
Complex diametrical K-means,,test,63,0.2717068845496299
Complex diametrical K-means,,test,64,0.2142543102910639
Complex diametrical K-means,,test,65,0.2111402987868011
Complex diametrical K-means,,test,66,0.1581740506776399
Complex diametrical K-means,,test,67,0.2053734250409215
Complex diametrical K-means,,test,68,0.2774098017203305
Complex diametrical K-means,,test,69,0.2563984852851567
Complex diametrical K-means,,test,70,0.1711517879477882
Complex diametrical K-means,,test,71,0.1697154323666344
Complex diametrical K-means,,test,72,0.2111160855540226
Complex diametrical K-means,,test,73,0.1686430450480721
Complex diametrical K-means,,test,74,0.2774241548405582
Complex diametrical K-means,,test,75,0.2711155260182096
Complex diametrical K-means,,test,76,0.2171934169217158
Complex diametrical K-means,,test,77,0.2457450534403272
Complex diametrical K-means,,test,78,0.2235907489791905
Complex diametrical K-means,,test,79,0.2290618935488709
Complex diametrical K-means,,test,80,0.1578743444534843
Complex diametrical K-means,,test,81,0.2510113796015186
Complex diametrical K-means,,test,82,0.2438802507945195
Complex diametrical K-means,,test,83,0.2192327452371037
Complex diametrical K-means,,test,84,0.1924665322285009
Complex diametrical K-means,,test,85,0.2200235239389606
Complex diametrical K-means,,test,86,0.2259081184038002
Complex diametrical K-means,,test,87,0.2130746145897009
Complex diametrical K-means,,test,88,0.1801734323965628
Complex diametrical K-means,,test,89,0.1986495161027509
Complex diametrical K-means,,test,90,0.2025156903768215
Complex diametrical K-means,,test,91,0.1766400159271736
Complex diametrical K-means,,test,92,0.2456623997044415
Complex diametrical K-means,,test,93,0.2575585919059997
Complex diametrical K-means,,test,94,0.2444158461628988
Complex diametrical K-means,,test,95,0.2122262442037215
Complex diametrical K-means,,test,96,0.2360343510179018
Complex diametrical K-means,,test,97,0.124674323428749
Complex diametrical K-means,,test,98,0.2173596963309952
Grassmann K-means,,train,0,0.2383983694594772
Grassmann K-means,,train,1,0.1271318043832101
Grassmann K-means,,train,2,0.1786286228906425
Grassmann K-means,,train,3,0.1240853291849999
Grassmann K-means,,train,4,0.2544054635216702
Grassmann K-means,,train,5,0.1638957871488834
Grassmann K-means,,train,6,0.2342081471125106
Grassmann K-means,,train,7,0.1886045470807845
Grassmann K-means,,train,8,0.1944737387622426
Grassmann K-means,,train,9,0.2195817311696812
Grassmann K-means,,train,10,0.2199581209683414
Grassmann K-means,,train,11,0.2075501520657813
Grassmann K-means,,train,12,0.2108631550575935
Grassmann K-means,,train,13,0.2732847834699238
Grassmann K-means,,train,14,0.1938020503992881
Grassmann K-means,,train,15,0.2308323679208864
Grassmann K-means,,train,16,0.227792644687771
Grassmann K-means,,train,17,0.1734486530040704
Grassmann K-means,,train,18,0.2441703210038636
Grassmann K-means,,train,19,0.1329289858490421
Grassmann K-means,,train,20,0.2159468105672289
Grassmann K-means,,train,21,0.1339559344024398
Grassmann K-means,,train,22,0.1852432184940181
Grassmann K-means,,train,23,0.1777539886284766
Grassmann K-means,,train,24,0.2281302309487148
Grassmann K-means,,train,25,0.2396282246652452
Grassmann K-means,,train,26,0.159941057700132
Grassmann K-means,,train,27,0.2157414168871322
Grassmann K-means,,train,28,0.2653398006372067
Grassmann K-means,,train,29,0.1284197644200793
Grassmann K-means,,train,30,0.179273578711745
Grassmann K-means,,train,31,0.2362054794993671
Grassmann K-means,,train,32,0.2970740515291736
Grassmann K-means,,train,33,0.207951141529452
Grassmann K-means,,train,34,0.2082636974818011
Grassmann K-means,,train,35,0.2188278933740599
Grassmann K-means,,train,36,0.1519857477751905
Grassmann K-means,,train,37,0.3196846644955243
Grassmann K-means,,train,38,0.1991324988829089
Grassmann K-means,,train,39,0.1485727146177823
Grassmann K-means,,train,40,0.1561562847514567
Grassmann K-means,,train,41,0.1726442214660463
Grassmann K-means,,train,42,0.1836918711663676
Grassmann K-means,,train,43,0.219092556864641
Grassmann K-means,,train,44,0.2408577972854563
Grassmann K-means,,train,45,0.2025602886385938
Grassmann K-means,,train,46,0.1506298042174272
Grassmann K-means,,train,47,0.1458436754500031
Grassmann K-means,,train,48,0.1633052382765641
Grassmann K-means,,train,49,0.2304322923773566
Grassmann K-means,,train,50,0.2088089470778802
Grassmann K-means,,train,51,0.1331776334956591
Grassmann K-means,,train,52,0.2732836878031255
Grassmann K-means,,train,53,0.2002438773259887
Grassmann K-means,,train,54,0.1635353855715268
Grassmann K-means,,train,55,0.1868057705483953
Grassmann K-means,,train,56,0.2109500481565588
Grassmann K-means,,train,57,0.2529701343946164
Grassmann K-means,,train,58,0.199988844130028
Grassmann K-means,,train,59,0.218803614852433
Grassmann K-means,,train,60,0.1560423325872443
Grassmann K-means,,train,61,0.2063171663078732
Grassmann K-means,,train,62,0.161021420931166
Grassmann K-means,,train,63,0.1508718192123231
Grassmann K-means,,train,64,0.1667722176818242
Grassmann K-means,,train,65,0.218545095091464
Grassmann K-means,,train,66,0.1855790694561896
Grassmann K-means,,train,67,0.1606112545309025
Grassmann K-means,,train,68,0.2108930322474353
Grassmann K-means,,train,69,0.2375926854136974
Grassmann K-means,,train,70,0.2123721092990189
Grassmann K-means,,train,71,0.1935020029164699
Grassmann K-means,,train,72,0.1411667527627972
Grassmann K-means,,train,73,0.1813998376120948
Grassmann K-means,,train,74,0.2538031609613308
Grassmann K-means,,train,75,0.0920564497696933
Grassmann K-means,,train,76,0.1890640335207383
Grassmann K-means,,train,77,0.1918265034393245
Grassmann K-means,,train,78,0.2004886219554464
Grassmann K-means,,train,79,0.1763233914651626
Grassmann K-means,,train,80,0.1560872093944219
Grassmann K-means,,train,81,0.265660823320123
Grassmann K-means,,train,82,0.2290753479000495
Grassmann K-means,,train,83,0.2283585692865822
Grassmann K-means,,train,84,0.1995545218443274
Grassmann K-means,,train,85,0.2098337733962473
Grassmann K-means,,train,86,0.1726357180902731
Grassmann K-means,,train,87,0.2245247226446337
Grassmann K-means,,train,88,0.1460089168051574
Grassmann K-means,,train,89,0.2068213254961876
Grassmann K-means,,train,90,0.2292186919860657
Grassmann K-means,,train,91,0.2581271170743221
Grassmann K-means,,train,92,0.1632835578862091
Grassmann K-means,,train,93,0.2152592897114961
Grassmann K-means,,train,94,0.2010133275821824
Grassmann K-means,,train,95,0.1931348841852773
Grassmann K-means,,train,96,0.2898822366877391
Grassmann K-means,,train,97,0.1683645650877521
Grassmann K-means,,train,98,0.1767121584489558
Grassmann K-means,,train,99,0.1970454791429894
Grassmann K-means,,train,100,0.2135197008775408
Grassmann K-means,,train,101,0.177816101143782
Grassmann K-means,,train,102,0.2519747234371002
Grassmann K-means,,train,103,0.1969585180620064
Grassmann K-means,,train,104,0.225289967193646
Grassmann K-means,,train,105,0.1307768364486942
Grassmann K-means,,train,106,0.1884622736149713
Grassmann K-means,,train,107,0.1498531650201796
Grassmann K-means,,train,108,0.1601583776268423
Grassmann K-means,,train,109,0.170580260173918
Grassmann K-means,,train,110,0.1763548482034708
Grassmann K-means,,train,111,0.2091476254557233
Grassmann K-means,,train,112,0.199236020336911
Grassmann K-means,,train,113,0.2340974296398068
Grassmann K-means,,train,114,0.2151101057859807
Grassmann K-means,,train,115,0.2123901168890019
Grassmann K-means,,train,116,0.284695905293711
Grassmann K-means,,train,117,0.1695071753050857
Grassmann K-means,,train,118,0.2381129720329043
Grassmann K-means,,train,119,0.2358650706898012
Grassmann K-means,,train,120,0.156873780224298
Grassmann K-means,,train,121,0.1830914882446858
Grassmann K-means,,train,122,0.238710689297249
Grassmann K-means,,train,123,0.2214419729947621
Grassmann K-means,,train,124,0.2044753806688002
Grassmann K-means,,train,125,0.2576629343383917
Grassmann K-means,,train,126,0.1823851270428879
Grassmann K-means,,train,127,0.216833720654361
Grassmann K-means,,train,128,0.1480780795836307
Grassmann K-means,,train,129,0.234685940948321
Grassmann K-means,,train,130,0.1743702647408279
Grassmann K-means,,train,131,0.1726540473268652
Grassmann K-means,,train,132,0.1404047001416348
Grassmann K-means,,train,133,0.1876191702180777
Grassmann K-means,,train,134,0.1813629318027394
Grassmann K-means,,train,135,0.2026156019774929
Grassmann K-means,,train,136,0.2638949769020609
Grassmann K-means,,train,137,0.1226724765726581
Grassmann K-means,,train,138,0.1759588983960483
Grassmann K-means,,train,139,0.2212556916315574
Grassmann K-means,,train,140,0.2222942013991825
Grassmann K-means,,train,141,0.1949387628364861
Grassmann K-means,,train,142,0.1504674437410165
Grassmann K-means,,train,143,0.2040387674365156
Grassmann K-means,,train,144,0.271462422753648
Grassmann K-means,,train,145,0.2275866633774694
Grassmann K-means,,train,146,0.1623458979509449
Grassmann K-means,,train,147,0.2421595744195641
Grassmann K-means,,train,148,0.1446995141898523
Grassmann K-means,,train,149,0.188611034070715
Grassmann K-means,,train,150,0.210176543990001
Grassmann K-means,,train,151,0.2010655302718925
Grassmann K-means,,train,152,0.1355608090754384
Grassmann K-means,,train,153,0.146827589404393
Grassmann K-means,,train,154,0.2088094545318848
Grassmann K-means,,test,0,0.1670169737721668
Grassmann K-means,,test,1,0.2568005154716338
Grassmann K-means,,test,2,0.2169618365682682
Grassmann K-means,,test,3,0.2549920221607168
Grassmann K-means,,test,4,0.2164829551166343
Grassmann K-means,,test,5,0.1927751382176772
Grassmann K-means,,test,6,0.1848321451259372
Grassmann K-means,,test,7,0.1811014149751819
Grassmann K-means,,test,8,0.2197300236919966
Grassmann K-means,,test,9,0.1689523525502493
Grassmann K-means,,test,10,0.1694673072852159
Grassmann K-means,,test,11,0.2281733934996987
Grassmann K-means,,test,12,0.1977851458913544
Grassmann K-means,,test,13,0.2331137210253316
Grassmann K-means,,test,14,0.2190317871562166
Grassmann K-means,,test,15,0.2579342464284925
Grassmann K-means,,test,16,0.148333934488712
Grassmann K-means,,test,17,0.1707127324082597
Grassmann K-means,,test,18,0.2333074862729497
Grassmann K-means,,test,19,0.2234513036796227
Grassmann K-means,,test,20,0.1782727598730362
Grassmann K-means,,test,21,0.229058876754426
Grassmann K-means,,test,22,0.2134243625871528
Grassmann K-means,,test,23,0.1797375818954968
Grassmann K-means,,test,24,0.1918354118649251
Grassmann K-means,,test,25,0.1573272655066388
Grassmann K-means,,test,26,0.2621414516926766
Grassmann K-means,,test,27,0.1927950762480423
Grassmann K-means,,test,28,0.2401215721360475
Grassmann K-means,,test,29,0.1558275990535959
Grassmann K-means,,test,30,0.2583894315363443
Grassmann K-means,,test,31,0.1658524355485756
Grassmann K-means,,test,32,0.2062529754233852
Grassmann K-means,,test,33,0.206329712753332
Grassmann K-means,,test,34,0.1685638901809225
Grassmann K-means,,test,35,0.198980529905752
Grassmann K-means,,test,36,0.1616963209854722
Grassmann K-means,,test,37,0.2401589299280384
Grassmann K-means,,test,38,0.1321928335921722
Grassmann K-means,,test,39,0.1634949713447528
Grassmann K-means,,test,40,0.2339689752484236
Grassmann K-means,,test,41,0.2251468192443003
Grassmann K-means,,test,42,0.2509044638110112
Grassmann K-means,,test,43,0.248887768779379
Grassmann K-means,,test,44,0.2091346599833716
Grassmann K-means,,test,45,0.2422473247538514
Grassmann K-means,,test,46,0.230699436025611
Grassmann K-means,,test,47,0.242327742107815
Grassmann K-means,,test,48,0.2699588273242806
Grassmann K-means,,test,49,0.2129616975989399
Grassmann K-means,,test,50,0.1838596459260034
Grassmann K-means,,test,51,0.1829985727066662
Grassmann K-means,,test,52,0.1910660199795089
Grassmann K-means,,test,53,0.2733842851939931
Grassmann K-means,,test,54,0.1938370989013514
Grassmann K-means,,test,55,0.1762082676308651
Grassmann K-means,,test,56,0.2333222521236297
Grassmann K-means,,test,57,0.2533499432613069
Grassmann K-means,,test,58,0.1866328209805133
Grassmann K-means,,test,59,0.2457570532524849
Grassmann K-means,,test,60,0.1954967217519521
Grassmann K-means,,test,61,0.1672866432521059
Grassmann K-means,,test,62,0.1707366272673711
Grassmann K-means,,test,63,0.1865934696063424
Grassmann K-means,,test,64,0.2161495988764266
Grassmann K-means,,test,65,0.1733685627243859
Grassmann K-means,,test,66,0.1555123752230323
Grassmann K-means,,test,67,0.2801739230860925
Grassmann K-means,,test,68,0.1932058433104864
Grassmann K-means,,test,69,0.2230410319670174
Grassmann K-means,,test,70,0.1612843904287467
Grassmann K-means,,test,71,0.1798823599553293
Grassmann K-means,,test,72,0.1687775920065703
Grassmann K-means,,test,73,0.1728685976750927
Grassmann K-means,,test,74,0.2474624297296806
Grassmann K-means,,test,75,0.195469995539684
Grassmann K-means,,test,76,0.2105169144362371
Grassmann K-means,,test,77,0.1812911667227137
Grassmann K-means,,test,78,0.2060856992862821
Grassmann K-means,,test,79,0.233505228279641
Grassmann K-means,,test,80,0.1951928481760579
Grassmann K-means,,test,81,0.1954609550423852
Grassmann K-means,,test,82,0.2066932855528655
Grassmann K-means,,test,83,0.253627308394712
Grassmann K-means,,test,84,0.1183681603158518
Grassmann K-means,,test,85,0.2033626690575898
Grassmann K-means,,test,86,0.1649057462704966
Grassmann K-means,,test,87,0.167578913304504
Grassmann K-means,,test,88,0.1407266071418142
Grassmann K-means,,test,89,0.2218238578725631
Grassmann K-means,,test,90,0.1151953520345828
Grassmann K-means,,test,91,0.1951562761579702
Grassmann K-means,,test,92,0.2481961223674303
Grassmann K-means,,test,93,0.2675903609369898
Grassmann K-means,,test,94,0.2702836277580569
Grassmann K-means,,test,95,0.2218179258641513
Grassmann K-means,,test,96,0.1729861365399737
Grassmann K-means,,test,97,0.1257471379623813
Grassmann K-means,,test,98,0.2114731051293455
Weighted Grassmann K-means,,train,0,0.1795986220829614
Weighted Grassmann K-means,,train,1,0.1693666972526605
Weighted Grassmann K-means,,train,2,0.1808233967062672
Weighted Grassmann K-means,,train,3,0.1621979540236323
Weighted Grassmann K-means,,train,4,0.2507953961443033
Weighted Grassmann K-means,,train,5,0.1886591482679629
Weighted Grassmann K-means,,train,6,0.1773076551393931
Weighted Grassmann K-means,,train,7,0.1817085180189736
Weighted Grassmann K-means,,train,8,0.1404734781732202
Weighted Grassmann K-means,,train,9,0.2174895131262933
Weighted Grassmann K-means,,train,10,0.1983623090030188
Weighted Grassmann K-means,,train,11,0.1911335036296743
Weighted Grassmann K-means,,train,12,0.2115188477867193
Weighted Grassmann K-means,,train,13,0.1870463873051409
Weighted Grassmann K-means,,train,14,0.156715683837489
Weighted Grassmann K-means,,train,15,0.189424894113733
Weighted Grassmann K-means,,train,16,0.2687858460672072
Weighted Grassmann K-means,,train,17,0.1677103346643717
Weighted Grassmann K-means,,train,18,0.2715897959329881
Weighted Grassmann K-means,,train,19,0.175296488194735
Weighted Grassmann K-means,,train,20,0.1453217018556905
Weighted Grassmann K-means,,train,21,0.1678650415631965
Weighted Grassmann K-means,,train,22,0.191150729788134
Weighted Grassmann K-means,,train,23,0.224468058906177
Weighted Grassmann K-means,,train,24,0.2131625966813087
Weighted Grassmann K-means,,train,25,0.2873702352867915
Weighted Grassmann K-means,,train,26,0.159919629815039
Weighted Grassmann K-means,,train,27,0.1544387127910521
Weighted Grassmann K-means,,train,28,0.1888313031880424
Weighted Grassmann K-means,,train,29,0.1537239265826979
Weighted Grassmann K-means,,train,30,0.1735224997259281
Weighted Grassmann K-means,,train,31,0.1319898468485091
Weighted Grassmann K-means,,train,32,0.2419958516819116
Weighted Grassmann K-means,,train,33,0.2734760304698552
Weighted Grassmann K-means,,train,34,0.2236113170306332
Weighted Grassmann K-means,,train,35,0.1482944139516961
Weighted Grassmann K-means,,train,36,0.1005180158030984
Weighted Grassmann K-means,,train,37,0.1931022968864747
Weighted Grassmann K-means,,train,38,0.2041618290946687
Weighted Grassmann K-means,,train,39,0.1747943471125171
Weighted Grassmann K-means,,train,40,0.1619830548499476
Weighted Grassmann K-means,,train,41,0.2365075386110736
Weighted Grassmann K-means,,train,42,0.1568219713424838
Weighted Grassmann K-means,,train,43,0.1838321736080566
Weighted Grassmann K-means,,train,44,0.2353798417682243
Weighted Grassmann K-means,,train,45,0.1844815389277648
Weighted Grassmann K-means,,train,46,0.1461905280120704
Weighted Grassmann K-means,,train,47,0.175064824125124
Weighted Grassmann K-means,,train,48,0.1470049224136818
Weighted Grassmann K-means,,train,49,0.248552811262871
Weighted Grassmann K-means,,train,50,0.1575283204426483
Weighted Grassmann K-means,,train,51,0.1409704156377183
Weighted Grassmann K-means,,train,52,0.2536420123613898
Weighted Grassmann K-means,,train,53,0.2296448832612897
Weighted Grassmann K-means,,train,54,0.1868027131763607
Weighted Grassmann K-means,,train,55,0.2208982930514077
Weighted Grassmann K-means,,train,56,0.2248656592225658
Weighted Grassmann K-means,,train,57,0.2264963314346076
Weighted Grassmann K-means,,train,58,0.2205083792508309
Weighted Grassmann K-means,,train,59,0.1565457954242012
Weighted Grassmann K-means,,train,60,0.1214905874840696
Weighted Grassmann K-means,,train,61,0.1951815794417551
Weighted Grassmann K-means,,train,62,0.1567813244036513
Weighted Grassmann K-means,,train,63,0.1969961319230808
Weighted Grassmann K-means,,train,64,0.175570215337915
Weighted Grassmann K-means,,train,65,0.1297538957140136
Weighted Grassmann K-means,,train,66,0.1376880770938418
Weighted Grassmann K-means,,train,67,0.1540391726103676
Weighted Grassmann K-means,,train,68,0.2520448873050073
Weighted Grassmann K-means,,train,69,0.2765138825950323
Weighted Grassmann K-means,,train,70,0.2055798190098711
Weighted Grassmann K-means,,train,71,0.260542018640456
Weighted Grassmann K-means,,train,72,0.1492599756441631
Weighted Grassmann K-means,,train,73,0.1703326282771811
Weighted Grassmann K-means,,train,74,0.2010334308596732
Weighted Grassmann K-means,,train,75,0.1103641219133967
Weighted Grassmann K-means,,train,76,0.2011251130076799
Weighted Grassmann K-means,,train,77,0.1413151944886457
Weighted Grassmann K-means,,train,78,0.2085937956568092
Weighted Grassmann K-means,,train,79,0.2616715974711573
Weighted Grassmann K-means,,train,80,0.1576731218034766
Weighted Grassmann K-means,,train,81,0.1647284825711076
Weighted Grassmann K-means,,train,82,0.1779531115483112
Weighted Grassmann K-means,,train,83,0.1830375875978
Weighted Grassmann K-means,,train,84,0.1642600143857876
Weighted Grassmann K-means,,train,85,0.208918519910708
Weighted Grassmann K-means,,train,86,0.1622581431466398
Weighted Grassmann K-means,,train,87,0.214651284934614
Weighted Grassmann K-means,,train,88,0.207873970544174
Weighted Grassmann K-means,,train,89,0.2072625604327652
Weighted Grassmann K-means,,train,90,0.1888184630249867
Weighted Grassmann K-means,,train,91,0.1841818884394551
Weighted Grassmann K-means,,train,92,0.1506665702454543
Weighted Grassmann K-means,,train,93,0.1736589133647804
Weighted Grassmann K-means,,train,94,0.1899828373014477
Weighted Grassmann K-means,,train,95,0.1831132603870501
Weighted Grassmann K-means,,train,96,0.2549330576270606
Weighted Grassmann K-means,,train,97,0.2173014129487129
Weighted Grassmann K-means,,train,98,0.145363568939282
Weighted Grassmann K-means,,train,99,0.1596313439560846
Weighted Grassmann K-means,,train,100,0.1823321276776373
Weighted Grassmann K-means,,train,101,0.183260300027396
Weighted Grassmann K-means,,train,102,0.2268490434046403
Weighted Grassmann K-means,,train,103,0.2022812271678505
Weighted Grassmann K-means,,train,104,0.1659557384626609
Weighted Grassmann K-means,,train,105,0.1438603053628067
Weighted Grassmann K-means,,train,106,0.2094953204210774
Weighted Grassmann K-means,,train,107,0.157700291495766
Weighted Grassmann K-means,,train,108,0.1212270989791695
Weighted Grassmann K-means,,train,109,0.1434524657270398
Weighted Grassmann K-means,,train,110,0.2805545793799269
Weighted Grassmann K-means,,train,111,0.1937545271511026
Weighted Grassmann K-means,,train,112,0.2383892762740819
Weighted Grassmann K-means,,train,113,0.2407459111666345
Weighted Grassmann K-means,,train,114,0.1509992605111617
Weighted Grassmann K-means,,train,115,0.2205052365232489
Weighted Grassmann K-means,,train,116,0.2922293843340153
Weighted Grassmann K-means,,train,117,0.1593844430715101
Weighted Grassmann K-means,,train,118,0.2066673930594605
Weighted Grassmann K-means,,train,119,0.1665473171683694
Weighted Grassmann K-means,,train,120,0.1735088092963474
Weighted Grassmann K-means,,train,121,0.1853887231966542
Weighted Grassmann K-means,,train,122,0.2700149944625959
Weighted Grassmann K-means,,train,123,0.2185692807449608
Weighted Grassmann K-means,,train,124,0.108621684279997
Weighted Grassmann K-means,,train,125,0.2387952053324766
Weighted Grassmann K-means,,train,126,0.1686827523718901
Weighted Grassmann K-means,,train,127,0.1454066031935366
Weighted Grassmann K-means,,train,128,0.2083847388663807
Weighted Grassmann K-means,,train,129,0.2002436131130779
Weighted Grassmann K-means,,train,130,0.152973332831731
Weighted Grassmann K-means,,train,131,0.2197965788398513
Weighted Grassmann K-means,,train,132,0.1865408415915705
Weighted Grassmann K-means,,train,133,0.1726004409997925
Weighted Grassmann K-means,,train,134,0.2091525292214793
Weighted Grassmann K-means,,train,135,0.1752343930271038
Weighted Grassmann K-means,,train,136,0.1663088355918999
Weighted Grassmann K-means,,train,137,0.1498020042075541
Weighted Grassmann K-means,,train,138,0.2311402885107679
Weighted Grassmann K-means,,train,139,0.1891075988607501
Weighted Grassmann K-means,,train,140,0.1859051864128032
Weighted Grassmann K-means,,train,141,0.2292500759492017
Weighted Grassmann K-means,,train,142,0.1133502024671175
Weighted Grassmann K-means,,train,143,0.1912308044456331
Weighted Grassmann K-means,,train,144,0.2094643445954004
Weighted Grassmann K-means,,train,145,0.1475310348662872
Weighted Grassmann K-means,,train,146,0.2139433871847835
Weighted Grassmann K-means,,train,147,0.2114078043741815
Weighted Grassmann K-means,,train,148,0.1345488293336145
Weighted Grassmann K-means,,train,149,0.1782793397347954
Weighted Grassmann K-means,,train,150,0.169787027328156
Weighted Grassmann K-means,,train,151,0.2201869443944044
Weighted Grassmann K-means,,train,152,0.1748362701157216
Weighted Grassmann K-means,,train,153,0.2219188713720756
Weighted Grassmann K-means,,train,154,0.2584085048603629
Weighted Grassmann K-means,,test,0,0.1793096429710516
Weighted Grassmann K-means,,test,1,0.2834028787652747
Weighted Grassmann K-means,,test,2,0.2169246992786789
Weighted Grassmann K-means,,test,3,0.2005678391839121
Weighted Grassmann K-means,,test,4,0.1521356107296707
Weighted Grassmann K-means,,test,5,0.2429601321263223
Weighted Grassmann K-means,,test,6,0.1518791039211356
Weighted Grassmann K-means,,test,7,0.1733440959538111
Weighted Grassmann K-means,,test,8,0.145324935970199
Weighted Grassmann K-means,,test,9,0.199176661823931
Weighted Grassmann K-means,,test,10,0.2384223963396385
Weighted Grassmann K-means,,test,11,0.1593088916471804
Weighted Grassmann K-means,,test,12,0.1892306377488449
Weighted Grassmann K-means,,test,13,0.1995992948019136
Weighted Grassmann K-means,,test,14,0.1970887264436847
Weighted Grassmann K-means,,test,15,0.2508113330100113
Weighted Grassmann K-means,,test,16,0.2092311779125531
Weighted Grassmann K-means,,test,17,0.1918004220805607
Weighted Grassmann K-means,,test,18,0.1698511267398303
Weighted Grassmann K-means,,test,19,0.1922419930993328
Weighted Grassmann K-means,,test,20,0.1844547238921132
Weighted Grassmann K-means,,test,21,0.209259988317996
Weighted Grassmann K-means,,test,22,0.2382008355606297
Weighted Grassmann K-means,,test,23,0.1839197567863801
Weighted Grassmann K-means,,test,24,0.1184722448193519
Weighted Grassmann K-means,,test,25,0.1509110738726366
Weighted Grassmann K-means,,test,26,0.2271136007987983
Weighted Grassmann K-means,,test,27,0.1522005298801731
Weighted Grassmann K-means,,test,28,0.2384887470259486
Weighted Grassmann K-means,,test,29,0.1989527826621359
Weighted Grassmann K-means,,test,30,0.2871166462862951
Weighted Grassmann K-means,,test,31,0.1841711821660689
Weighted Grassmann K-means,,test,32,0.2091838219241971
Weighted Grassmann K-means,,test,33,0.1429440312450492
Weighted Grassmann K-means,,test,34,0.1459809351400434
Weighted Grassmann K-means,,test,35,0.2133394270367443
Weighted Grassmann K-means,,test,36,0.1537229069268331
Weighted Grassmann K-means,,test,37,0.171989341038301
Weighted Grassmann K-means,,test,38,0.1514051051082838
Weighted Grassmann K-means,,test,39,0.2360886177546391
Weighted Grassmann K-means,,test,40,0.1745158995549746
Weighted Grassmann K-means,,test,41,0.191287352679342
Weighted Grassmann K-means,,test,42,0.2901950970932309
Weighted Grassmann K-means,,test,43,0.1718019957251311
Weighted Grassmann K-means,,test,44,0.2613927034350423
Weighted Grassmann K-means,,test,45,0.1927220899182353
Weighted Grassmann K-means,,test,46,0.2180870094119225
Weighted Grassmann K-means,,test,47,0.1361848785609614
Weighted Grassmann K-means,,test,48,0.2377159656979178
Weighted Grassmann K-means,,test,49,0.1840507900640964
Weighted Grassmann K-means,,test,50,0.1757068196601334
Weighted Grassmann K-means,,test,51,0.1876037067904976
Weighted Grassmann K-means,,test,52,0.240337061690973
Weighted Grassmann K-means,,test,53,0.2340715911120731
Weighted Grassmann K-means,,test,54,0.2101171406922856
Weighted Grassmann K-means,,test,55,0.1962379148840849
Weighted Grassmann K-means,,test,56,0.18068678174389
Weighted Grassmann K-means,,test,57,0.2304652093967142
Weighted Grassmann K-means,,test,58,0.2071319319383025
Weighted Grassmann K-means,,test,59,0.229668029130366
Weighted Grassmann K-means,,test,60,0.2154074325380396
Weighted Grassmann K-means,,test,61,0.1551261130523841
Weighted Grassmann K-means,,test,62,0.1520311342743377
Weighted Grassmann K-means,,test,63,0.1516171000051702
Weighted Grassmann K-means,,test,64,0.2135956400782322
Weighted Grassmann K-means,,test,65,0.16870210232905
Weighted Grassmann K-means,,test,66,0.1669465902694674
Weighted Grassmann K-means,,test,67,0.1803249267998413
Weighted Grassmann K-means,,test,68,0.1681880234868552
Weighted Grassmann K-means,,test,69,0.1892307608424571
Weighted Grassmann K-means,,test,70,0.0996968005158508
Weighted Grassmann K-means,,test,71,0.2335591023420279
Weighted Grassmann K-means,,test,72,0.2044691823088433
Weighted Grassmann K-means,,test,73,0.1746446999862632
Weighted Grassmann K-means,,test,74,0.1944267555759284
Weighted Grassmann K-means,,test,75,0.2378217859621081
Weighted Grassmann K-means,,test,76,0.1610876545112607
Weighted Grassmann K-means,,test,77,0.1484359417610541
Weighted Grassmann K-means,,test,78,0.1714757244920119
Weighted Grassmann K-means,,test,79,0.1572007359127404
Weighted Grassmann K-means,,test,80,0.2120885574024939
Weighted Grassmann K-means,,test,81,0.2252034336798183
Weighted Grassmann K-means,,test,82,0.2167626502447821
Weighted Grassmann K-means,,test,83,0.1857556350644544
Weighted Grassmann K-means,,test,84,0.1341837345899197
Weighted Grassmann K-means,,test,85,0.2089182336012068
Weighted Grassmann K-means,,test,86,0.1991799601461844
Weighted Grassmann K-means,,test,87,0.1400245471385864
Weighted Grassmann K-means,,test,88,0.1153330876765634
Weighted Grassmann K-means,,test,89,0.1375059617846771
Weighted Grassmann K-means,,test,90,0.1287202385720312
Weighted Grassmann K-means,,test,91,0.1824135280426926
Weighted Grassmann K-means,,test,92,0.1906788299797776
Weighted Grassmann K-means,,test,93,0.1580534041702625
Weighted Grassmann K-means,,test,94,0.1988362196356372
Weighted Grassmann K-means,,test,95,0.1926146848093298
Weighted Grassmann K-means,,test,96,0.2051058705153772
Weighted Grassmann K-means,,test,97,0.1170965589787515
Weighted Grassmann K-means,,test,98,0.188607497863259
Diametrical K-means,,train,0,0.1752091634355624
Diametrical K-means,,train,1,0.1448774081446651
Diametrical K-means,,train,2,0.1556202362766727
Diametrical K-means,,train,3,0.1284261532518537
Diametrical K-means,,train,4,0.202032740471811
Diametrical K-means,,train,5,0.2081290359577907
Diametrical K-means,,train,6,0.1461854185345823
Diametrical K-means,,train,7,0.1498828970453894
Diametrical K-means,,train,8,0.1362477422959686
Diametrical K-means,,train,9,0.2292362271163895
Diametrical K-means,,train,10,0.2021300572663006
Diametrical K-means,,train,11,0.1969156515313328
Diametrical K-means,,train,12,0.1900131885341781
Diametrical K-means,,train,13,0.2001316710868922
Diametrical K-means,,train,14,0.1465772238100243
Diametrical K-means,,train,15,0.1487313570999011
Diametrical K-means,,train,16,0.2127023184201295
Diametrical K-means,,train,17,0.1810806371887438
Diametrical K-means,,train,18,0.2730289437384045
Diametrical K-means,,train,19,0.13759001273231
Diametrical K-means,,train,20,0.1571173065518351
Diametrical K-means,,train,21,0.1196427939443077
Diametrical K-means,,train,22,0.1758684772778807
Diametrical K-means,,train,23,0.2054563026351395
Diametrical K-means,,train,24,0.28884327665179
Diametrical K-means,,train,25,0.2652040558475715
Diametrical K-means,,train,26,0.1415027792953977
Diametrical K-means,,train,27,0.1420694027664985
Diametrical K-means,,train,28,0.1659665112238758
Diametrical K-means,,train,29,0.1449275844651222
Diametrical K-means,,train,30,0.1550097611457083
Diametrical K-means,,train,31,0.1652592676685936
Diametrical K-means,,train,32,0.2433370912947301
Diametrical K-means,,train,33,0.2183945532652605
Diametrical K-means,,train,34,0.1968254667869378
Diametrical K-means,,train,35,0.1887782645950784
Diametrical K-means,,train,36,0.1612872680518648
Diametrical K-means,,train,37,0.1448994181473309
Diametrical K-means,,train,38,0.1940726755578303
Diametrical K-means,,train,39,0.1535784251984966
Diametrical K-means,,train,40,0.1751252365033826
Diametrical K-means,,train,41,0.2464793330545099
Diametrical K-means,,train,42,0.1207832252334369
Diametrical K-means,,train,43,0.173215166054336
Diametrical K-means,,train,44,0.2413084320427848
Diametrical K-means,,train,45,0.1679423848212731
Diametrical K-means,,train,46,0.1528583200943114
Diametrical K-means,,train,47,0.1170113336900653
Diametrical K-means,,train,48,0.1875328580141019
Diametrical K-means,,train,49,0.1928323411245356
Diametrical K-means,,train,50,0.1704647570284433
Diametrical K-means,,train,51,0.1530758609410011
Diametrical K-means,,train,52,0.2597651049212022
Diametrical K-means,,train,53,0.1730924580385963
Diametrical K-means,,train,54,0.2069478120604716
Diametrical K-means,,train,55,0.1717962269200759
Diametrical K-means,,train,56,0.1881144990230264
Diametrical K-means,,train,57,0.2971242715399592
Diametrical K-means,,train,58,0.1723804092973644
Diametrical K-means,,train,59,0.151337279625692
Diametrical K-means,,train,60,0.1717532983852562
Diametrical K-means,,train,61,0.1820190993222888
Diametrical K-means,,train,62,0.1427858278234747
Diametrical K-means,,train,63,0.1632549512575423
Diametrical K-means,,train,64,0.2055962604601611
Diametrical K-means,,train,65,0.1491310755211027
Diametrical K-means,,train,66,0.1411613417124282
Diametrical K-means,,train,67,0.1531176883188568
Diametrical K-means,,train,68,0.1883138249494542
Diametrical K-means,,train,69,0.2084267295975832
Diametrical K-means,,train,70,0.1582234235015341
Diametrical K-means,,train,71,0.1889676842434538
Diametrical K-means,,train,72,0.1608647309963941
Diametrical K-means,,train,73,0.1764126538749856
Diametrical K-means,,train,74,0.2224103794566307
Diametrical K-means,,train,75,0.1045925977857435
Diametrical K-means,,train,76,0.1601209221644648
Diametrical K-means,,train,77,0.1644349169837378
Diametrical K-means,,train,78,0.2024490628113102
Diametrical K-means,,train,79,0.1865136804771472
Diametrical K-means,,train,80,0.1731141863430456
Diametrical K-means,,train,81,0.1880120524099128
Diametrical K-means,,train,82,0.0934989778465504
Diametrical K-means,,train,83,0.1196650167586976
Diametrical K-means,,train,84,0.1820165871219226
Diametrical K-means,,train,85,0.1503241477159406
Diametrical K-means,,train,86,0.12743197822083
Diametrical K-means,,train,87,0.1872303842541223
Diametrical K-means,,train,88,0.271848734974329
Diametrical K-means,,train,89,0.160725164355748
Diametrical K-means,,train,90,0.1764489710912598
Diametrical K-means,,train,91,0.1591402504928555
Diametrical K-means,,train,92,0.1614631318155064
Diametrical K-means,,train,93,0.1949321238419032
Diametrical K-means,,train,94,0.1694756804141893
Diametrical K-means,,train,95,0.1876359371760888
Diametrical K-means,,train,96,0.1607586939571342
Diametrical K-means,,train,97,0.2211874258199003
Diametrical K-means,,train,98,0.184881707281037
Diametrical K-means,,train,99,0.1568895563154488
Diametrical K-means,,train,100,0.1951619411698655
Diametrical K-means,,train,101,0.1808874134991528
Diametrical K-means,,train,102,0.1527652185445023
Diametrical K-means,,train,103,0.2008489724926489
Diametrical K-means,,train,104,0.1961543481986921
Diametrical K-means,,train,105,0.1567273950835995
Diametrical K-means,,train,106,0.2164938386921446
Diametrical K-means,,train,107,0.1627961361840259
Diametrical K-means,,train,108,0.1802641377457544
Diametrical K-means,,train,109,0.1491466158973077
Diametrical K-means,,train,110,0.270255720744949
Diametrical K-means,,train,111,0.1378712231183753
Diametrical K-means,,train,112,0.1942355526181188
Diametrical K-means,,train,113,0.2283226587784399
Diametrical K-means,,train,114,0.1554530957909091
Diametrical K-means,,train,115,0.2437827187942387
Diametrical K-means,,train,116,0.1745752907546078
Diametrical K-means,,train,117,0.172719689951657
Diametrical K-means,,train,118,0.1444197967636532
Diametrical K-means,,train,119,0.1995108960564137
Diametrical K-means,,train,120,0.2113159549289636
Diametrical K-means,,train,121,0.1653282698079035
Diametrical K-means,,train,122,0.2050535457007353
Diametrical K-means,,train,123,0.1740768902955391
Diametrical K-means,,train,124,0.1717015545351794
Diametrical K-means,,train,125,0.2655052519488706
Diametrical K-means,,train,126,0.1702101832709079
Diametrical K-means,,train,127,0.166102380056211
Diametrical K-means,,train,128,0.1905231510971703
Diametrical K-means,,train,129,0.1730326172877074
Diametrical K-means,,train,130,0.1904783763512632
Diametrical K-means,,train,131,0.1632002566196234
Diametrical K-means,,train,132,0.1167819578475933
Diametrical K-means,,train,133,0.2087470302452989
Diametrical K-means,,train,134,0.1421000564169837
Diametrical K-means,,train,135,0.1759255302977003
Diametrical K-means,,train,136,0.1310511851563783
Diametrical K-means,,train,137,0.1926356335748648
Diametrical K-means,,train,138,0.2247589914584007
Diametrical K-means,,train,139,0.2189936233040265
Diametrical K-means,,train,140,0.2007522301414113
Diametrical K-means,,train,141,0.1777176762654174
Diametrical K-means,,train,142,0.2187325648720101
Diametrical K-means,,train,143,0.1839653557947368
Diametrical K-means,,train,144,0.2203953671259746
Diametrical K-means,,train,145,0.1581195224359043
Diametrical K-means,,train,146,0.1828808240192965
Diametrical K-means,,train,147,0.2249820997774059
Diametrical K-means,,train,148,0.1122070876283262
Diametrical K-means,,train,149,0.2435414911445161
Diametrical K-means,,train,150,0.1689584655447899
Diametrical K-means,,train,151,0.250338207706879
Diametrical K-means,,train,152,0.1584749528945359
Diametrical K-means,,train,153,0.2263034649659647
Diametrical K-means,,train,154,0.1850812583477175
Diametrical K-means,,test,0,0.1810232869462875
Diametrical K-means,,test,1,0.1925787595905406
Diametrical K-means,,test,2,0.1830371074455235
Diametrical K-means,,test,3,0.1879041628572443
Diametrical K-means,,test,4,0.1978347266688712
Diametrical K-means,,test,5,0.167998251186273
Diametrical K-means,,test,6,0.1396275179172826
Diametrical K-means,,test,7,0.1413059016011683
Diametrical K-means,,test,8,0.1977337357868384
Diametrical K-means,,test,9,0.1841726221333128
Diametrical K-means,,test,10,0.1982222453936571
Diametrical K-means,,test,11,0.1445801799376611
Diametrical K-means,,test,12,0.1677065337261012
Diametrical K-means,,test,13,0.1782362367680522
Diametrical K-means,,test,14,0.2292136851141759
Diametrical K-means,,test,15,0.1758709413816763
Diametrical K-means,,test,16,0.1777297601537783
Diametrical K-means,,test,17,0.1676082037993543
Diametrical K-means,,test,18,0.1644266085342184
Diametrical K-means,,test,19,0.2106944650440597
Diametrical K-means,,test,20,0.235179064928732
Diametrical K-means,,test,21,0.196816561953253
Diametrical K-means,,test,22,0.1902200740289604
Diametrical K-means,,test,23,0.2403455415884687
Diametrical K-means,,test,24,0.1387045318616445
Diametrical K-means,,test,25,0.1415003126923646
Diametrical K-means,,test,26,0.1566905898113302
Diametrical K-means,,test,27,0.1939913052935665
Diametrical K-means,,test,28,0.1940313568041754
Diametrical K-means,,test,29,0.2059193398810605
Diametrical K-means,,test,30,0.216097638935076
Diametrical K-means,,test,31,0.1526522268282651
Diametrical K-means,,test,32,0.2254855345982838
Diametrical K-means,,test,33,0.2252459677619382
Diametrical K-means,,test,34,0.1897326253449849
Diametrical K-means,,test,35,0.2010176122905266
Diametrical K-means,,test,36,0.1138985260033527
Diametrical K-means,,test,37,0.1742815728514693
Diametrical K-means,,test,38,0.1619623989933097
Diametrical K-means,,test,39,0.1759559208000206
Diametrical K-means,,test,40,0.1681238418906315
Diametrical K-means,,test,41,0.1740702105213665
Diametrical K-means,,test,42,0.2897114494787224
Diametrical K-means,,test,43,0.1803597710945475
Diametrical K-means,,test,44,0.1981939085956612
Diametrical K-means,,test,45,0.1645711014594578
Diametrical K-means,,test,46,0.2013905537652785
Diametrical K-means,,test,47,0.195357714958618
Diametrical K-means,,test,48,0.1772744568123938
Diametrical K-means,,test,49,0.1783505044207342
Diametrical K-means,,test,50,0.1547632195224435
Diametrical K-means,,test,51,0.1523742953378741
Diametrical K-means,,test,52,0.2166031861417331
Diametrical K-means,,test,53,0.1939424032887823
Diametrical K-means,,test,54,0.1623753975213242
Diametrical K-means,,test,55,0.2285113077634533
Diametrical K-means,,test,56,0.1907636820277903
Diametrical K-means,,test,57,0.2286346551884623
Diametrical K-means,,test,58,0.2145674413206384
Diametrical K-means,,test,59,0.230685275618074
Diametrical K-means,,test,60,0.1786031115927405
Diametrical K-means,,test,61,0.1211850160523374
Diametrical K-means,,test,62,0.1331756898168434
Diametrical K-means,,test,63,0.1544816141882105
Diametrical K-means,,test,64,0.1857245442365289
Diametrical K-means,,test,65,0.1695046815837151
Diametrical K-means,,test,66,0.1069541525875149
Diametrical K-means,,test,67,0.1812531697025685
Diametrical K-means,,test,68,0.1832028112608215
Diametrical K-means,,test,69,0.1722964789300324
Diametrical K-means,,test,70,0.1271476693469695
Diametrical K-means,,test,71,0.2074823382082098
Diametrical K-means,,test,72,0.224107094693
Diametrical K-means,,test,73,0.1206361298269379
Diametrical K-means,,test,74,0.2129735375570143
Diametrical K-means,,test,75,0.1509371649764916
Diametrical K-means,,test,76,0.1799197639587137
Diametrical K-means,,test,77,0.1787462288465937
Diametrical K-means,,test,78,0.1747283724837388
Diametrical K-means,,test,79,0.1742139236276754
Diametrical K-means,,test,80,0.1383426202087118
Diametrical K-means,,test,81,0.2094267282823969
Diametrical K-means,,test,82,0.1591294601421691
Diametrical K-means,,test,83,0.1352293155622645
Diametrical K-means,,test,84,0.1700308989367892
Diametrical K-means,,test,85,0.1923041258098703
Diametrical K-means,,test,86,0.1794791038362362
Diametrical K-means,,test,87,0.1104518815732056
Diametrical K-means,,test,88,0.1246135464876697
Diametrical K-means,,test,89,0.1606763363015525
Diametrical K-means,,test,90,0.1399139843139313
Diametrical K-means,,test,91,0.1608942896837739
Diametrical K-means,,test,92,0.1516654041325969
Diametrical K-means,,test,93,0.1972924248157566
Diametrical K-means,,test,94,0.2371230228882313
Diametrical K-means,,test,95,0.1707686973742052
Diametrical K-means,,test,96,0.1535140717099938
Diametrical K-means,,test,97,0.0997262553735138
Diametrical K-means,,test,98,0.1628798373204217
Least-squares K-means,,train,0,0.1679094736688688
Least-squares K-means,,train,1,0.144720769367687
Least-squares K-means,,train,2,0.1124606357743406
Least-squares K-means,,train,3,0.106959148933966
Least-squares K-means,,train,4,0.1990985156017872
Least-squares K-means,,train,5,0.1407219187282712
Least-squares K-means,,train,6,0.1702187682792478
Least-squares K-means,,train,7,0.1230986699702696
Least-squares K-means,,train,8,0.1120309884467501
Least-squares K-means,,train,9,0.1384521487641091
Least-squares K-means,,train,10,0.1375301317817665
Least-squares K-means,,train,11,0.1649555306697472
Least-squares K-means,,train,12,0.1762617871437403
Least-squares K-means,,train,13,0.1322789040605069
Least-squares K-means,,train,14,0.1909020708316942
Least-squares K-means,,train,15,0.141160169974859
Least-squares K-means,,train,16,0.1740417743359456
Least-squares K-means,,train,17,0.1347272803762803
Least-squares K-means,,train,18,0.1553574195753746
Least-squares K-means,,train,19,0.106704789653876
Least-squares K-means,,train,20,0.1575803964709267
Least-squares K-means,,train,21,0.1008107020578173
Least-squares K-means,,train,22,0.1626682328609393
Least-squares K-means,,train,23,0.1571887578790786
Least-squares K-means,,train,24,0.1916504556965924
Least-squares K-means,,train,25,0.2227347709507246
Least-squares K-means,,train,26,0.1577342962884763
Least-squares K-means,,train,27,0.1325964177037387
Least-squares K-means,,train,28,0.1700839400591571
Least-squares K-means,,train,29,0.172382139278605
Least-squares K-means,,train,30,0.1189294055472428
Least-squares K-means,,train,31,0.1313397634595146
Least-squares K-means,,train,32,0.1670953343369165
Least-squares K-means,,train,33,0.1959672287800421
Least-squares K-means,,train,34,0.1586714895354999
Least-squares K-means,,train,35,0.1450082461191463
Least-squares K-means,,train,36,0.1287689368972511
Least-squares K-means,,train,37,0.1081336167901515
Least-squares K-means,,train,38,0.1258174493971504
Least-squares K-means,,train,39,0.1433422687325426
Least-squares K-means,,train,40,0.1283022699368699
Least-squares K-means,,train,41,0.1396875372087484
Least-squares K-means,,train,42,0.1321648109250378
Least-squares K-means,,train,43,0.2027223026819635
Least-squares K-means,,train,44,0.1866733892269437
Least-squares K-means,,train,45,0.1788904289629955
Least-squares K-means,,train,46,0.128026203501861
Least-squares K-means,,train,47,0.0881603185307848
Least-squares K-means,,train,48,0.1524477570831893
Least-squares K-means,,train,49,0.1697570478689175
Least-squares K-means,,train,50,0.1510884635992688
Least-squares K-means,,train,51,0.1443393557388561
Least-squares K-means,,train,52,0.1556021590241443
Least-squares K-means,,train,53,0.1504948784662941
Least-squares K-means,,train,54,0.1563231790618557
Least-squares K-means,,train,55,0.18660025160124
Least-squares K-means,,train,56,0.1924971058560587
Least-squares K-means,,train,57,0.1794461754996953
Least-squares K-means,,train,58,0.1243343132537039
Least-squares K-means,,train,59,0.1256200597020199
Least-squares K-means,,train,60,0.1370921751423674
Least-squares K-means,,train,61,0.136771413659231
Least-squares K-means,,train,62,0.1418751119287842
Least-squares K-means,,train,63,0.1602028840704925
Least-squares K-means,,train,64,0.1383074858797084
Least-squares K-means,,train,65,0.1601596081126188
Least-squares K-means,,train,66,0.1393778944927763
Least-squares K-means,,train,67,0.1392931739911014
Least-squares K-means,,train,68,0.1258129529618419
Least-squares K-means,,train,69,0.171526913510609
Least-squares K-means,,train,70,0.0776991877490689
Least-squares K-means,,train,71,0.1650315758012325
Least-squares K-means,,train,72,0.1417449313714736
Least-squares K-means,,train,73,0.1607813367758036
Least-squares K-means,,train,74,0.1042905418743312
Least-squares K-means,,train,75,0.1199150778541908
Least-squares K-means,,train,76,0.1774618444342862
Least-squares K-means,,train,77,0.1241767701024927
Least-squares K-means,,train,78,0.1300583811259473
Least-squares K-means,,train,79,0.1962639536510014
Least-squares K-means,,train,80,0.1432199394650521
Least-squares K-means,,train,81,0.1784039378087293
Least-squares K-means,,train,82,0.1170350280473877
Least-squares K-means,,train,83,0.103923639455695
Least-squares K-means,,train,84,0.1252568907898626
Least-squares K-means,,train,85,0.1413868637563659
Least-squares K-means,,train,86,0.1441017147810134
Least-squares K-means,,train,87,0.1444684722051215
Least-squares K-means,,train,88,0.1889292794157732
Least-squares K-means,,train,89,0.1698303111656445
Least-squares K-means,,train,90,0.1335806988867068
Least-squares K-means,,train,91,0.1255481278260202
Least-squares K-means,,train,92,0.1380040332155329
Least-squares K-means,,train,93,0.1366343578787922
Least-squares K-means,,train,94,0.1914894764162611
Least-squares K-means,,train,95,0.1461767122620114
Least-squares K-means,,train,96,0.1487037549613959
Least-squares K-means,,train,97,0.1439426596997804
Least-squares K-means,,train,98,0.1513401628972966
Least-squares K-means,,train,99,0.1823934555228279
Least-squares K-means,,train,100,0.1555336250402987
Least-squares K-means,,train,101,0.1388757725111004
Least-squares K-means,,train,102,0.182914611595965
Least-squares K-means,,train,103,0.1593612257064663
Least-squares K-means,,train,104,0.1901826269330843
Least-squares K-means,,train,105,0.1497591024887964
Least-squares K-means,,train,106,0.1288072892399916
Least-squares K-means,,train,107,0.1384022197763363
Least-squares K-means,,train,108,0.1080797826775754
Least-squares K-means,,train,109,0.0896676686271069
Least-squares K-means,,train,110,0.245141227778974
Least-squares K-means,,train,111,0.1732234926047636
Least-squares K-means,,train,112,0.1201924151219947
Least-squares K-means,,train,113,0.1901040275770938
Least-squares K-means,,train,114,0.1248889242426682
Least-squares K-means,,train,115,0.1975015999487937
Least-squares K-means,,train,116,0.1889221764680956
Least-squares K-means,,train,117,0.1267001974705024
Least-squares K-means,,train,118,0.1576605540762502
Least-squares K-means,,train,119,0.1569413234629545
Least-squares K-means,,train,120,0.1511229268679091
Least-squares K-means,,train,121,0.0877263282140103
Least-squares K-means,,train,122,0.1985953358171665
Least-squares K-means,,train,123,0.1480653707753475
Least-squares K-means,,train,124,0.1631065433153982
Least-squares K-means,,train,125,0.2105569697675601
Least-squares K-means,,train,126,0.1909659683515058
Least-squares K-means,,train,127,0.1130053912066062
Least-squares K-means,,train,128,0.1243107560557018
Least-squares K-means,,train,129,0.1649668781016373
Least-squares K-means,,train,130,0.0873923884584692
Least-squares K-means,,train,131,0.1033787171711738
Least-squares K-means,,train,132,0.1652261403622887
Least-squares K-means,,train,133,0.1400761635970029
Least-squares K-means,,train,134,0.1374180977522707
Least-squares K-means,,train,135,0.1709050843562376
Least-squares K-means,,train,136,0.1296955840796911
Least-squares K-means,,train,137,0.1225932226678978
Least-squares K-means,,train,138,0.2350484759117144
Least-squares K-means,,train,139,0.1522593534337182
Least-squares K-means,,train,140,0.1194037228302679
Least-squares K-means,,train,141,0.2002095153602311
Least-squares K-means,,train,142,0.160378289187379
Least-squares K-means,,train,143,0.1916489764281375
Least-squares K-means,,train,144,0.1587264777514196
Least-squares K-means,,train,145,0.1168835975194924
Least-squares K-means,,train,146,0.1660460867634989
Least-squares K-means,,train,147,0.1295805629204673
Least-squares K-means,,train,148,0.1418306387191981
Least-squares K-means,,train,149,0.1876010124618727
Least-squares K-means,,train,150,0.1714195241670812
Least-squares K-means,,train,151,0.2206494363087012
Least-squares K-means,,train,152,0.1616230746772232
Least-squares K-means,,train,153,0.1409701850980614
Least-squares K-means,,train,154,0.120187974198605
Least-squares K-means,,test,0,0.2103347853836747
Least-squares K-means,,test,1,0.1596587002772954
Least-squares K-means,,test,2,0.1810300441718621
Least-squares K-means,,test,3,0.1566705685640111
Least-squares K-means,,test,4,0.2035888246921798
Least-squares K-means,,test,5,0.1819971844361942
Least-squares K-means,,test,6,0.0772576814180375
Least-squares K-means,,test,7,0.1036487252068856
Least-squares K-means,,test,8,0.1623919821117951
Least-squares K-means,,test,9,0.1501945561392069
Least-squares K-means,,test,10,0.1539096792263035
Least-squares K-means,,test,11,0.1322415764992269
Least-squares K-means,,test,12,0.0998393084418909
Least-squares K-means,,test,13,0.1632753310166614
Least-squares K-means,,test,14,0.1965189945897935
Least-squares K-means,,test,15,0.1637105293785769
Least-squares K-means,,test,16,0.1867658225725841
Least-squares K-means,,test,17,0.1811301384619662
Least-squares K-means,,test,18,0.1518045429149452
Least-squares K-means,,test,19,0.2299583174288164
Least-squares K-means,,test,20,0.150111086387496
Least-squares K-means,,test,21,0.1688165810322772
Least-squares K-means,,test,22,0.1728307031489588
Least-squares K-means,,test,23,0.2364358367818725
Least-squares K-means,,test,24,0.1328339291715816
Least-squares K-means,,test,25,0.1743385787722385
Least-squares K-means,,test,26,0.1544080585297777
Least-squares K-means,,test,27,0.1513717375729036
Least-squares K-means,,test,28,0.193021977852037
Least-squares K-means,,test,29,0.2163396090114468
Least-squares K-means,,test,30,0.2406588850633132
Least-squares K-means,,test,31,0.1619755250388148
Least-squares K-means,,test,32,0.1493628665206811
Least-squares K-means,,test,33,0.1408417151995785
Least-squares K-means,,test,34,0.1333237763714946
Least-squares K-means,,test,35,0.1727037828779059
Least-squares K-means,,test,36,0.1038077987098091
Least-squares K-means,,test,37,0.1171700044360272
Least-squares K-means,,test,38,0.1110176025472637
Least-squares K-means,,test,39,0.2155476034742851
Least-squares K-means,,test,40,0.1758184061390287
Least-squares K-means,,test,41,0.1507190352465018
Least-squares K-means,,test,42,0.1545983478769204
Least-squares K-means,,test,43,0.2211181638101363
Least-squares K-means,,test,44,0.1479488359276014
Least-squares K-means,,test,45,0.1695671874336408
Least-squares K-means,,test,46,0.1584321216719784
Least-squares K-means,,test,47,0.1330921219402958
Least-squares K-means,,test,48,0.1698122724347603
Least-squares K-means,,test,49,0.1583224221848326
Least-squares K-means,,test,50,0.1407488779588019
Least-squares K-means,,test,51,0.1639944482961929
Least-squares K-means,,test,52,0.1658411821710449
Least-squares K-means,,test,53,0.1472299877434724
Least-squares K-means,,test,54,0.1167107276706369
Least-squares K-means,,test,55,0.1975890161241174
Least-squares K-means,,test,56,0.1677023309927915
Least-squares K-means,,test,57,0.1421931310776948
Least-squares K-means,,test,58,0.1986416215811891
Least-squares K-means,,test,59,0.1692951504135016
Least-squares K-means,,test,60,0.1700236273838633
Least-squares K-means,,test,61,0.1306696634401185
Least-squares K-means,,test,62,0.1287014798160437
Least-squares K-means,,test,63,0.2069417446159085
Least-squares K-means,,test,64,0.236309746838309
Least-squares K-means,,test,65,0.1498113950588089
Least-squares K-means,,test,66,0.1365584419557737
Least-squares K-means,,test,67,0.1633299339265372
Least-squares K-means,,test,68,0.1320987875187001
Least-squares K-means,,test,69,0.1307746621713071
Least-squares K-means,,test,70,0.1621878338368285
Least-squares K-means,,test,71,0.2172965477058774
Least-squares K-means,,test,72,0.1587073242501196
Least-squares K-means,,test,73,0.1112145588632471
Least-squares K-means,,test,74,0.1940942890538835
Least-squares K-means,,test,75,0.0973611969838117
Least-squares K-means,,test,76,0.2135978805344541
Least-squares K-means,,test,77,0.1669571209473339
Least-squares K-means,,test,78,0.1377002153682184
Least-squares K-means,,test,79,0.1279280678103304
Least-squares K-means,,test,80,0.1062560997037031
Least-squares K-means,,test,81,0.1556257383448896
Least-squares K-means,,test,82,0.1499251398746124
Least-squares K-means,,test,83,0.1285395466856002
Least-squares K-means,,test,84,0.1225974269111452
Least-squares K-means,,test,85,0.093269553834633
Least-squares K-means,,test,86,0.1860789277620724
Least-squares K-means,,test,87,0.1205992063946616
Least-squares K-means,,test,88,0.108930850278831
Least-squares K-means,,test,89,0.1571985500802184
Least-squares K-means,,test,90,0.0930133112014798
Least-squares K-means,,test,91,0.1750546749870284
Least-squares K-means,,test,92,0.1642487634915622
Least-squares K-means,,test,93,0.1400700531256761
Least-squares K-means,,test,94,0.1792857728286634
Least-squares K-means,,test,95,0.1601886470945183
Least-squares K-means,,test,96,0.1511337043692103
Least-squares K-means,,test,97,0.0624872977976944
Least-squares K-means,,test,98,0.1293441396312814
VMVM,,train,0,0.2570824357762115
VMVM,,train,1,0.2474686132509586
VMVM,,train,2,0.1609607509027369
VMVM,,train,3,0.1703526331096926
VMVM,,train,4,0.2750226924309137
VMVM,,train,5,0.2220857972096945
VMVM,,train,6,0.2380302939092568
VMVM,,train,7,0.2724956029934239
VMVM,,train,8,0.2787818175660852
VMVM,,train,9,0.3150915482127358
VMVM,,train,10,0.2582631372290061
VMVM,,train,11,0.2523424824275601
VMVM,,train,12,0.3378731126879307
VMVM,,train,13,0.2542023352596749
VMVM,,train,14,0.1444823378710254
VMVM,,train,15,0.241010031530356
VMVM,,train,16,0.3003849913030119
VMVM,,train,17,0.1797098617618532
VMVM,,train,18,0.3772452470531628
VMVM,,train,19,0.1996235383881596
VMVM,,train,20,0.2505750048912431
VMVM,,train,21,0.1573083916411908
VMVM,,train,22,0.2210655581507622
VMVM,,train,23,0.2774608174805215
VMVM,,train,24,0.3772078835410559
VMVM,,train,25,0.3283106736981218
VMVM,,train,26,0.2810562927371765
VMVM,,train,27,0.3149763463452034
VMVM,,train,28,0.2809375932093638
VMVM,,train,29,0.2806375710442004
VMVM,,train,30,0.1961270250120209
VMVM,,train,31,0.2451209996231304
VMVM,,train,32,0.2833972923036982
VMVM,,train,33,0.2669615820095218
VMVM,,train,34,0.2699319840276192
VMVM,,train,35,0.2806998851628356
VMVM,,train,36,0.1722978289557595
VMVM,,train,37,0.2004860335864975
VMVM,,train,38,0.2156753250247473
VMVM,,train,39,0.2261969431836238
VMVM,,train,40,0.1965287577085258
VMVM,,train,41,0.2168217365830706
VMVM,,train,42,0.2156870384168061
VMVM,,train,43,0.2922801133286083
VMVM,,train,44,0.3009394429136111
VMVM,,train,45,0.2638159363015465
VMVM,,train,46,0.2595243706926691
VMVM,,train,47,0.1510433645655536
VMVM,,train,48,0.3254349815291391
VMVM,,train,49,0.2864650679152399
VMVM,,train,50,0.2974668597086539
VMVM,,train,51,0.2256204322471479
VMVM,,train,52,0.2878940512151857
VMVM,,train,53,0.2472972060891553
VMVM,,train,54,0.2676414351835594
VMVM,,train,55,0.2927363393706962
VMVM,,train,56,0.2717366855165254
VMVM,,train,57,0.3650057049360787
VMVM,,train,58,0.2613092781479275
VMVM,,train,59,0.220254566822187
VMVM,,train,60,0.1743826691808694
VMVM,,train,61,0.2350764406951312
VMVM,,train,62,0.1660389768520981
VMVM,,train,63,0.2389726925947202
VMVM,,train,64,0.2425695944933168
VMVM,,train,65,0.2284481579663825
VMVM,,train,66,0.2071630678702713
VMVM,,train,67,0.1891269940426859
VMVM,,train,68,0.2991746587359561
VMVM,,train,69,0.3073885241986495
VMVM,,train,70,0.2171214637597104
VMVM,,train,71,0.2985246083314852
VMVM,,train,72,0.2641930431080668
VMVM,,train,73,0.2303980113307336
VMVM,,train,74,0.2669835184956382
VMVM,,train,75,0.1463215608346933
VMVM,,train,76,0.2021986839822514
VMVM,,train,77,0.2283838636968466
VMVM,,train,78,0.3150776540828379
VMVM,,train,79,0.2234048649454141
VMVM,,train,80,0.2130627266460069
VMVM,,train,81,0.1987816381622254
VMVM,,train,82,0.2271271550183832
VMVM,,train,83,0.2023354368777103
VMVM,,train,84,0.2603304641600772
VMVM,,train,85,0.2720929100794783
VMVM,,train,86,0.199825813812717
VMVM,,train,87,0.2975705855934341
VMVM,,train,88,0.1969018018088142
VMVM,,train,89,0.2890893012367956
VMVM,,train,90,0.2091150711538923
VMVM,,train,91,0.326171627657911
VMVM,,train,92,0.2275159932645819
VMVM,,train,93,0.2347662196717693
VMVM,,train,94,0.2556063886616512
VMVM,,train,95,0.2285961952848137
VMVM,,train,96,0.2866673116642997
VMVM,,train,97,0.2145950060989763
VMVM,,train,98,0.1800371446894693
VMVM,,train,99,0.2657943085550588
VMVM,,train,100,0.2212865367755019
VMVM,,train,101,0.2315676625319702
VMVM,,train,102,0.2304067386236733
VMVM,,train,103,0.2191775334450659
VMVM,,train,104,0.2390877955333732
VMVM,,train,105,0.2307223533769292
VMVM,,train,106,0.2993440602664044
VMVM,,train,107,0.2310438078153228
VMVM,,train,108,0.1979070554249461
VMVM,,train,109,0.2269722657649462
VMVM,,train,110,0.2694105124358871
VMVM,,train,111,0.20553642049402
VMVM,,train,112,0.2481299784326739
VMVM,,train,113,0.2940681957458761
VMVM,,train,114,0.2051504432068424
VMVM,,train,115,0.2247229911907044
VMVM,,train,116,0.3001936755663188
VMVM,,train,117,0.2068751685603597
VMVM,,train,118,0.3115176262123699
VMVM,,train,119,0.2887823490670636
VMVM,,train,120,0.259302004680409
VMVM,,train,121,0.2436855467047626
VMVM,,train,122,0.3640728908944581
VMVM,,train,123,0.2932308755354662
VMVM,,train,124,0.2478796809862495
VMVM,,train,125,0.322388844991002
VMVM,,train,126,0.2799946588887004
VMVM,,train,127,0.2296349323934294
VMVM,,train,128,0.1866199553459946
VMVM,,train,129,0.269664049254864
VMVM,,train,130,0.2373351963123747
VMVM,,train,131,0.2403583825396022
VMVM,,train,132,0.2196013306209595
VMVM,,train,133,0.3228013971960642
VMVM,,train,134,0.2397649380448083
VMVM,,train,135,0.2998326172898989
VMVM,,train,136,0.2337342961241607
VMVM,,train,137,0.2818071658625403
VMVM,,train,138,0.2568398512296413
VMVM,,train,139,0.2941023646769739
VMVM,,train,140,0.266840885923141
VMVM,,train,141,0.1811126261977746
VMVM,,train,142,0.2048247726641184
VMVM,,train,143,0.2077380381298495
VMVM,,train,144,0.311574011751317
VMVM,,train,145,0.2583020517232882
VMVM,,train,146,0.2697885324723346
VMVM,,train,147,0.2340350298919009
VMVM,,train,148,0.1790386100558349
VMVM,,train,149,0.2608742589428619
VMVM,,train,150,0.2714956653616335
VMVM,,train,151,0.3367748108673234
VMVM,,train,152,0.3154410248045847
VMVM,,train,153,0.1916054804617519
VMVM,,train,154,0.2536466283876467
VMVM,,test,0,0.2279800770420894
VMVM,,test,1,0.2806988531812289
VMVM,,test,2,0.2513875842534829
VMVM,,test,3,0.2385820428979952
VMVM,,test,4,0.2419925725929946
VMVM,,test,5,0.2854688840574738
VMVM,,test,6,0.1649557537884063
VMVM,,test,7,0.2503395073561211
VMVM,,test,8,0.3037579047728206
VMVM,,test,9,0.2394375929818955
VMVM,,test,10,0.246665361851967
VMVM,,test,11,0.2226952116285292
VMVM,,test,12,0.1920412858524109
VMVM,,test,13,0.2947455550711331
VMVM,,test,14,0.3004996205486178
VMVM,,test,15,0.2389949077247063
VMVM,,test,16,0.2253101104054084
VMVM,,test,17,0.2300497330551986
VMVM,,test,18,0.2103467172158499
VMVM,,test,19,0.2403530626033745
VMVM,,test,20,0.19629802013561
VMVM,,test,21,0.2507164692303143
VMVM,,test,22,0.316874832703418
VMVM,,test,23,0.2255569815718926
VMVM,,test,24,0.1884543572522781
VMVM,,test,25,0.2507300284880934
VMVM,,test,26,0.1997988326531538
VMVM,,test,27,0.2271248953454471
VMVM,,test,28,0.2568762421566898
VMVM,,test,29,0.2698543806994742
VMVM,,test,30,0.2910454378315305
VMVM,,test,31,0.2584043136239512
VMVM,,test,32,0.2451162582581778
VMVM,,test,33,0.1766048186579268
VMVM,,test,34,0.2025550494831584
VMVM,,test,35,0.2676777664541611
VMVM,,test,36,0.1848230548359425
VMVM,,test,37,0.2711009270717983
VMVM,,test,38,0.2063319145716343
VMVM,,test,39,0.274178452726653
VMVM,,test,40,0.2922440820982062
VMVM,,test,41,0.1996427292138993
VMVM,,test,42,0.3695942479861479
VMVM,,test,43,0.2670542807151637
VMVM,,test,44,0.2010243127913405
VMVM,,test,45,0.2227572670664633
VMVM,,test,46,0.2389969605518262
VMVM,,test,47,0.1703448252119307
VMVM,,test,48,0.3114394705380613
VMVM,,test,49,0.2360689361440611
VMVM,,test,50,0.1959800393535839
VMVM,,test,51,0.2512834683988867
VMVM,,test,52,0.257659007687548
VMVM,,test,53,0.2681257720707081
VMVM,,test,54,0.247918318928272
VMVM,,test,55,0.2652028737119108
VMVM,,test,56,0.211966806709222
VMVM,,test,57,0.2883293419909672
VMVM,,test,58,0.2890677195931003
VMVM,,test,59,0.2865376434845156
VMVM,,test,60,0.2547941375747113
VMVM,,test,61,0.2195347581712849
VMVM,,test,62,0.197831387269463
VMVM,,test,63,0.3105761422894152
VMVM,,test,64,0.2989714544607904
VMVM,,test,65,0.2593604449605886
VMVM,,test,66,0.2033920889986755
VMVM,,test,67,0.2355200333979616
VMVM,,test,68,0.2383298219598238
VMVM,,test,69,0.3181706679733137
VMVM,,test,70,0.278434580997075
VMVM,,test,71,0.1779484617077812
VMVM,,test,72,0.2675270931624052
VMVM,,test,73,0.1733425877805088
VMVM,,test,74,0.3311931603506777
VMVM,,test,75,0.2906610250192037
VMVM,,test,76,0.2913061836807086
VMVM,,test,77,0.2889900243743512
VMVM,,test,78,0.2931706894552406
VMVM,,test,79,0.207575045069959
VMVM,,test,80,0.1572922896772994
VMVM,,test,81,0.2945112404961524
VMVM,,test,82,0.2233046732716551
VMVM,,test,83,0.2005490530922949
VMVM,,test,84,0.2336176877334148
VMVM,,test,85,0.1907375991286456
VMVM,,test,86,0.2531864435096659
VMVM,,test,87,0.2207349004881479
VMVM,,test,88,0.2360104147273625
VMVM,,test,89,0.1877639803414987
VMVM,,test,90,0.238666872575182
VMVM,,test,91,0.2230652402178652
VMVM,,test,92,0.2449854909733641
VMVM,,test,93,0.2951414371726159
VMVM,,test,94,0.34118534264064
VMVM,,test,95,0.2655310191996423
VMVM,,test,96,0.275260803081605
VMVM,,test,97,0.1597917244297445
VMVM,,test,98,0.2961987665291473
Wrapped normal,1.0,train,0,0.0593401177473531
Wrapped normal,1.0,train,1,0.0402029307807078
Wrapped normal,1.0,train,2,0.057523081076668
Wrapped normal,1.0,train,3,0.0486927507621218
Wrapped normal,1.0,train,4,0.0793508289966286
Wrapped normal,1.0,train,5,0.040661323888171
Wrapped normal,1.0,train,6,0.0623493501320735
Wrapped normal,1.0,train,7,0.0438795629220562
Wrapped normal,1.0,train,8,0.0622854650940374
Wrapped normal,1.0,train,9,0.0648561926734605
Wrapped normal,1.0,train,10,0.0207257562144347
Wrapped normal,1.0,train,11,0.0563588622988855
Wrapped normal,1.0,train,12,0.0574016813934534
Wrapped normal,1.0,train,13,0.0383635898154182
Wrapped normal,1.0,train,14,0.0448808107971765
Wrapped normal,1.0,train,15,0.0396587173645834
Wrapped normal,1.0,train,16,0.0689726939812262
Wrapped normal,1.0,train,17,0.0216746614529272
Wrapped normal,1.0,train,18,0.0506703684962221
Wrapped normal,1.0,train,19,0.0575401227232345
Wrapped normal,1.0,train,20,0.0502343901423551
Wrapped normal,1.0,train,21,0.0394829990592392
Wrapped normal,1.0,train,22,0.0204215372600218
Wrapped normal,1.0,train,23,0.0308593410962645
Wrapped normal,1.0,train,24,0.0470997436792199
Wrapped normal,1.0,train,25,0.0372532281039285
Wrapped normal,1.0,train,26,0.0289834258936734
Wrapped normal,1.0,train,27,0.0705096997854463
Wrapped normal,1.0,train,28,0.0448232460583092
Wrapped normal,1.0,train,29,0.040299002785084
Wrapped normal,1.0,train,30,0.0332027834559939
Wrapped normal,1.0,train,31,0.0350321875274939
Wrapped normal,1.0,train,32,0.0378612609483832
Wrapped normal,1.0,train,33,0.046076776968072
Wrapped normal,1.0,train,34,0.0558995801864507
Wrapped normal,1.0,train,35,0.093897152940395
Wrapped normal,1.0,train,36,0.0497891437860519
Wrapped normal,1.0,train,37,0.0452034815257535
Wrapped normal,1.0,train,38,0.0271470490432979
Wrapped normal,1.0,train,39,0.0663841571904407
Wrapped normal,1.0,train,40,0.0397881924676616
Wrapped normal,1.0,train,41,0.0352351516368975
Wrapped normal,1.0,train,42,0.0227068540188432
Wrapped normal,1.0,train,43,0.0295371254827217
Wrapped normal,1.0,train,44,0.06103734714199
Wrapped normal,1.0,train,45,0.0545634738278323
Wrapped normal,1.0,train,46,0.045144913763311
Wrapped normal,1.0,train,47,0.0408750872616873
Wrapped normal,1.0,train,48,0.0562852006560625
Wrapped normal,1.0,train,49,0.0381541325388768
Wrapped normal,1.0,train,50,0.0377380113757397
Wrapped normal,1.0,train,51,0.0335114100929959
Wrapped normal,1.0,train,52,0.0300284382653873
Wrapped normal,1.0,train,53,0.0442848705880735
Wrapped normal,1.0,train,54,0.0711054204971583
Wrapped normal,1.0,train,55,0.0212776109372038
Wrapped normal,1.0,train,56,0.0384818463714948
Wrapped normal,1.0,train,57,0.0341746183297282
Wrapped normal,1.0,train,58,0.0312431676807209
Wrapped normal,1.0,train,59,0.0171856410253956
Wrapped normal,1.0,train,60,0.0453367297767816
Wrapped normal,1.0,train,61,0.0535925746873062
Wrapped normal,1.0,train,62,0.0319117727398334
Wrapped normal,1.0,train,63,0.0563479560661236
Wrapped normal,1.0,train,64,0.0232059986017295
Wrapped normal,1.0,train,65,0.0219645057454835
Wrapped normal,1.0,train,66,0.0520138783280122
Wrapped normal,1.0,train,67,0.0490801128410011
Wrapped normal,1.0,train,68,0.0357893254646029
Wrapped normal,1.0,train,69,0.0635713562955375
Wrapped normal,1.0,train,70,0.0509101308449058
Wrapped normal,1.0,train,71,0.0521646008994479
Wrapped normal,1.0,train,72,0.0632592921072549
Wrapped normal,1.0,train,73,0.0400088369678371
Wrapped normal,1.0,train,74,0.0428397852078834
Wrapped normal,1.0,train,75,0.053183037033594
Wrapped normal,1.0,train,76,0.0475567329166955
Wrapped normal,1.0,train,77,0.043688263036564
Wrapped normal,1.0,train,78,0.0375299437295929
Wrapped normal,1.0,train,79,0.0298155984075834
Wrapped normal,1.0,train,80,0.0303392208928219
Wrapped normal,1.0,train,81,0.0259013149024197
Wrapped normal,1.0,train,82,0.040994517054414
Wrapped normal,1.0,train,83,0.0422106323091592
Wrapped normal,1.0,train,84,0.0436278281438493
Wrapped normal,1.0,train,85,0.0641698294899294
Wrapped normal,1.0,train,86,0.0316945772261675
Wrapped normal,1.0,train,87,0.0562403460055093
Wrapped normal,1.0,train,88,0.0275797424578346
Wrapped normal,1.0,train,89,0.0297120409522174
Wrapped normal,1.0,train,90,0.029983172278325
Wrapped normal,1.0,train,91,0.0375711825509037
Wrapped normal,1.0,train,92,0.032988768812671
Wrapped normal,1.0,train,93,0.048690656879647
Wrapped normal,1.0,train,94,0.0511203852008663
Wrapped normal,1.0,train,95,0.0405368078758269
Wrapped normal,1.0,train,96,0.0260206275224972
Wrapped normal,1.0,train,97,0.0232217878796871
Wrapped normal,1.0,train,98,0.0390159491622506
Wrapped normal,1.0,train,99,0.0709464111497495
Wrapped normal,1.0,train,100,0.0613549684781787
Wrapped normal,1.0,train,101,0.0211151551809413
Wrapped normal,1.0,train,102,0.0334571786640488
Wrapped normal,1.0,train,103,0.0407427061110921
Wrapped normal,1.0,train,104,0.0377999881337349
Wrapped normal,1.0,train,105,0.0529966937583293
Wrapped normal,1.0,train,106,0.0424746242802201
Wrapped normal,1.0,train,107,0.0508258287869586
Wrapped normal,1.0,train,108,0.0383542273267037
Wrapped normal,1.0,train,109,0.0245637873823506
Wrapped normal,1.0,train,110,0.049751510281791
Wrapped normal,1.0,train,111,0.0218302234847815
Wrapped normal,1.0,train,112,0.0667988804014356
Wrapped normal,1.0,train,113,0.0419904613225027
Wrapped normal,1.0,train,114,0.0514520324650691
Wrapped normal,1.0,train,115,0.062229628743214
Wrapped normal,1.0,train,116,0.0437200416405451
Wrapped normal,1.0,train,117,0.0659678820600224
Wrapped normal,1.0,train,118,0.0711503225937935
Wrapped normal,1.0,train,119,0.0892612490177085
Wrapped normal,1.0,train,120,0.034333313529128
Wrapped normal,1.0,train,121,0.0261904208857963
Wrapped normal,1.0,train,122,0.0367502649320178
Wrapped normal,1.0,train,123,0.027477782740064
Wrapped normal,1.0,train,124,0.037834459997934
Wrapped normal,1.0,train,125,0.04690364539599
Wrapped normal,1.0,train,126,0.0262906013424906
Wrapped normal,1.0,train,127,0.0271610733018795
Wrapped normal,1.0,train,128,0.0107638092449356
Wrapped normal,1.0,train,129,0.0468419738283903
Wrapped normal,1.0,train,130,0.0310761799624575
Wrapped normal,1.0,train,131,0.0220627296430119
Wrapped normal,1.0,train,132,0.0287553707597842
Wrapped normal,1.0,train,133,0.0681671307342778
Wrapped normal,1.0,train,134,0.0511701604334606
Wrapped normal,1.0,train,135,0.0388552091942626
Wrapped normal,1.0,train,136,0.0499337663495066
Wrapped normal,1.0,train,137,0.0532966326005175
Wrapped normal,1.0,train,138,0.0332858016881081
Wrapped normal,1.0,train,139,0.0439946858065958
Wrapped normal,1.0,train,140,0.0345575162859098
Wrapped normal,1.0,train,141,0.032108051747097
Wrapped normal,1.0,train,142,0.0397518960268993
Wrapped normal,1.0,train,143,0.0218894586183824
Wrapped normal,1.0,train,144,0.0232383874927017
Wrapped normal,1.0,train,145,0.0519762528014455
Wrapped normal,1.0,train,146,0.0529738552628896
Wrapped normal,1.0,train,147,0.0585164282826133
Wrapped normal,1.0,train,148,0.0467675718553539
Wrapped normal,1.0,train,149,0.0255582712698324
Wrapped normal,1.0,train,150,0.0262203401666489
Wrapped normal,1.0,train,151,0.0295858798722236
Wrapped normal,1.0,train,152,0.039801703614657
Wrapped normal,1.0,train,153,0.0158699838017403
Wrapped normal,1.0,train,154,0.0741832825585937
Wrapped normal,1.0,test,0,0.0356414242137428
Wrapped normal,1.0,test,1,0.0689881060360916
Wrapped normal,1.0,test,2,0.0456383577367448
Wrapped normal,1.0,test,3,0.0323477585249693
Wrapped normal,1.0,test,4,0.0424330543596359
Wrapped normal,1.0,test,5,0.0569275925168181
Wrapped normal,1.0,test,6,0.023324727442852
Wrapped normal,1.0,test,7,0.0618819448450877
Wrapped normal,1.0,test,8,0.0361015105298896
Wrapped normal,1.0,test,9,0.0340079035223447
Wrapped normal,1.0,test,10,0.0568111736491615
Wrapped normal,1.0,test,11,0.0158525059103028
Wrapped normal,1.0,test,12,0.0396463352397981
Wrapped normal,1.0,test,13,0.0230794072253279
Wrapped normal,1.0,test,14,0.0306260853782043
Wrapped normal,1.0,test,15,0.0488931097521796
Wrapped normal,1.0,test,16,0.049169607747735
Wrapped normal,1.0,test,17,0.043978481385144
Wrapped normal,1.0,test,18,0.034101578881039
Wrapped normal,1.0,test,19,0.0219703564537572
Wrapped normal,1.0,test,20,0.0361328185522643
Wrapped normal,1.0,test,21,0.024296080580246
Wrapped normal,1.0,test,22,0.0581097681102546
Wrapped normal,1.0,test,23,0.0463222567675547
Wrapped normal,1.0,test,24,0.0239070791029201
Wrapped normal,1.0,test,25,0.0632211631205397
Wrapped normal,1.0,test,26,0.0466586347666703
Wrapped normal,1.0,test,27,0.0598059394199341
Wrapped normal,1.0,test,28,0.0412864725187716
Wrapped normal,1.0,test,29,0.0622965532741906
Wrapped normal,1.0,test,30,0.0574428099153334
Wrapped normal,1.0,test,31,0.034970043505272
Wrapped normal,1.0,test,32,0.0510419095232393
Wrapped normal,1.0,test,33,0.0280242505561498
Wrapped normal,1.0,test,34,0.0595694561534721
Wrapped normal,1.0,test,35,0.01976886396143
Wrapped normal,1.0,test,36,0.0458428270756012
Wrapped normal,1.0,test,37,0.0544112140593267
Wrapped normal,1.0,test,38,0.0253808284437545
Wrapped normal,1.0,test,39,0.0772356589439803
Wrapped normal,1.0,test,40,0.0302287068008568
Wrapped normal,1.0,test,41,0.0251254793727576
Wrapped normal,1.0,test,42,0.077494689602675
Wrapped normal,1.0,test,43,0.0343759842788235
Wrapped normal,1.0,test,44,0.0246302477544936
Wrapped normal,1.0,test,45,0.0605844492073849
Wrapped normal,1.0,test,46,0.0250685713725854
Wrapped normal,1.0,test,47,0.0697306497368721
Wrapped normal,1.0,test,48,0.020615359230523
Wrapped normal,1.0,test,49,0.0298028925226242
Wrapped normal,1.0,test,50,0.0588339375527207
Wrapped normal,1.0,test,51,0.0513198838476316
Wrapped normal,1.0,test,52,0.0388841521402524
Wrapped normal,1.0,test,53,0.0226896279937992
Wrapped normal,1.0,test,54,0.0582073042785144
Wrapped normal,1.0,test,55,0.0523560695918799
Wrapped normal,1.0,test,56,0.0574366933977402
Wrapped normal,1.0,test,57,0.0351613081913013
Wrapped normal,1.0,test,58,0.0651839735053828
Wrapped normal,1.0,test,59,0.0481756390720789
Wrapped normal,1.0,test,60,0.0273702580807375
Wrapped normal,1.0,test,61,0.0345361998155321
Wrapped normal,1.0,test,62,0.091959272599099
Wrapped normal,1.0,test,63,0.0412897778163462
Wrapped normal,1.0,test,64,0.0526927969168046
Wrapped normal,1.0,test,65,0.0301141046923893
Wrapped normal,1.0,test,66,0.0302409860913806
Wrapped normal,1.0,test,67,0.0192656270963468
Wrapped normal,1.0,test,68,0.1034159259253593
Wrapped normal,1.0,test,69,0.0555495306753742
Wrapped normal,1.0,test,70,0.0432378381405134
Wrapped normal,1.0,test,71,0.0334220938945269
Wrapped normal,1.0,test,72,0.0271237040428664
Wrapped normal,1.0,test,73,0.0478121023579654
Wrapped normal,1.0,test,74,0.0368684856316341
Wrapped normal,1.0,test,75,0.0668587294362535
Wrapped normal,1.0,test,76,0.0602312726270827
Wrapped normal,1.0,test,77,0.0884883588397203
Wrapped normal,1.0,test,78,0.0539938082794984
Wrapped normal,1.0,test,79,0.051706774252393
Wrapped normal,1.0,test,80,0.0735151960955227
Wrapped normal,1.0,test,81,0.0316451938232271
Wrapped normal,1.0,test,82,0.0163938638389646
Wrapped normal,1.0,test,83,0.0650414978835776
Wrapped normal,1.0,test,84,0.0423166994394108
Wrapped normal,1.0,test,85,0.0529331329759438
Wrapped normal,1.0,test,86,0.0736661279655968
Wrapped normal,1.0,test,87,0.0325894184003888
Wrapped normal,1.0,test,88,0.0326003054037866
Wrapped normal,1.0,test,89,0.0451129477375585
Wrapped normal,1.0,test,90,0.0529462619996285
Wrapped normal,1.0,test,91,0.0356001885363931
Wrapped normal,1.0,test,92,0.0462383479422736
Wrapped normal,1.0,test,93,0.0445754747863387
Wrapped normal,1.0,test,94,0.0228152819700186
Wrapped normal,1.0,test,95,0.0354897017293208
Wrapped normal,1.0,test,96,0.029531028618145
Wrapped normal,1.0,test,97,0.0551585054894172
Wrapped normal,1.0,test,98,0.0490207515784646
Wrapped normal,5.0,train,0,0.0451380217174375
Wrapped normal,5.0,train,1,0.0677377237672988
Wrapped normal,5.0,train,2,0.0584730032964061
Wrapped normal,5.0,train,3,0.0370508214299499
Wrapped normal,5.0,train,4,0.0673116908526955
Wrapped normal,5.0,train,5,0.0470421972086044
Wrapped normal,5.0,train,6,0.0661484895882947
Wrapped normal,5.0,train,7,0.0432976827401632
Wrapped normal,5.0,train,8,0.0589391401284013
Wrapped normal,5.0,train,9,0.0442007705514747
Wrapped normal,5.0,train,10,0.0254173220837426
Wrapped normal,5.0,train,11,0.0543224147021681
Wrapped normal,5.0,train,12,0.0481748751216696
Wrapped normal,5.0,train,13,0.0370537567803501
Wrapped normal,5.0,train,14,0.0487575026884614
Wrapped normal,5.0,train,15,0.0316718077900178
Wrapped normal,5.0,train,16,0.0593894262091421
Wrapped normal,5.0,train,17,0.0255689883156427
Wrapped normal,5.0,train,18,0.0464275661611975
Wrapped normal,5.0,train,19,0.0383217774233062
Wrapped normal,5.0,train,20,0.04176320546632
Wrapped normal,5.0,train,21,0.0319677679740285
Wrapped normal,5.0,train,22,0.0213300835920126
Wrapped normal,5.0,train,23,0.0437551256138603
Wrapped normal,5.0,train,24,0.0437239097409816
Wrapped normal,5.0,train,25,0.0381537573372977
Wrapped normal,5.0,train,26,0.0329346439565771
Wrapped normal,5.0,train,27,0.0724948154762333
Wrapped normal,5.0,train,28,0.0427735853961279
Wrapped normal,5.0,train,29,0.0402329637428279
Wrapped normal,5.0,train,30,0.0293172381630496
Wrapped normal,5.0,train,31,0.0325425736240871
Wrapped normal,5.0,train,32,0.0349453600193124
Wrapped normal,5.0,train,33,0.042052527297475
Wrapped normal,5.0,train,34,0.0504534056869141
Wrapped normal,5.0,train,35,0.0813237031988951
Wrapped normal,5.0,train,36,0.0636394376994735
Wrapped normal,5.0,train,37,0.0575788778650733
Wrapped normal,5.0,train,38,0.0157861221964844
Wrapped normal,5.0,train,39,0.0636091298411328
Wrapped normal,5.0,train,40,0.049355896813477
Wrapped normal,5.0,train,41,0.0377224085128899
Wrapped normal,5.0,train,42,0.019504746121638
Wrapped normal,5.0,train,43,0.0269816962259646
Wrapped normal,5.0,train,44,0.0607418097064317
Wrapped normal,5.0,train,45,0.0582548986348094
Wrapped normal,5.0,train,46,0.0471754632569405
Wrapped normal,5.0,train,47,0.0423548987374093
Wrapped normal,5.0,train,48,0.0711120971316309
Wrapped normal,5.0,train,49,0.0281829223143198
Wrapped normal,5.0,train,50,0.0476953295003986
Wrapped normal,5.0,train,51,0.0264548271831813
Wrapped normal,5.0,train,52,0.0323056614132626
Wrapped normal,5.0,train,53,0.0436777653551937
Wrapped normal,5.0,train,54,0.0659437279000204
Wrapped normal,5.0,train,55,0.0198789970223828
Wrapped normal,5.0,train,56,0.0403684583016609
Wrapped normal,5.0,train,57,0.0329606013213363
Wrapped normal,5.0,train,58,0.036122829064015
Wrapped normal,5.0,train,59,0.0255485574572124
Wrapped normal,5.0,train,60,0.0326097024690641
Wrapped normal,5.0,train,61,0.0546954300735007
Wrapped normal,5.0,train,62,0.033824347610169
Wrapped normal,5.0,train,63,0.0493083431101595
Wrapped normal,5.0,train,64,0.017811998035992
Wrapped normal,5.0,train,65,0.0180912253237803
Wrapped normal,5.0,train,66,0.052565303640569
Wrapped normal,5.0,train,67,0.0426648821441538
Wrapped normal,5.0,train,68,0.0317943384676872
Wrapped normal,5.0,train,69,0.0673071849895245
Wrapped normal,5.0,train,70,0.0420306262077726
Wrapped normal,5.0,train,71,0.0572659313798693
Wrapped normal,5.0,train,72,0.0725468349625996
Wrapped normal,5.0,train,73,0.0341101004914523
Wrapped normal,5.0,train,74,0.0485654137293245
Wrapped normal,5.0,train,75,0.0382316007636254
Wrapped normal,5.0,train,76,0.0398331781423991
Wrapped normal,5.0,train,77,0.0368158178968147
Wrapped normal,5.0,train,78,0.0325675527364609
Wrapped normal,5.0,train,79,0.0268190067359899
Wrapped normal,5.0,train,80,0.0229481953846866
Wrapped normal,5.0,train,81,0.0212116801628556
Wrapped normal,5.0,train,82,0.0387575053537276
Wrapped normal,5.0,train,83,0.0286778109107935
Wrapped normal,5.0,train,84,0.0348519999028172
Wrapped normal,5.0,train,85,0.0842025177836392
Wrapped normal,5.0,train,86,0.0374451655795173
Wrapped normal,5.0,train,87,0.0484896129245164
Wrapped normal,5.0,train,88,0.0189121315285424
Wrapped normal,5.0,train,89,0.0242646304955592
Wrapped normal,5.0,train,90,0.0324681295136496
Wrapped normal,5.0,train,91,0.0538384909259607
Wrapped normal,5.0,train,92,0.0207191319531538
Wrapped normal,5.0,train,93,0.0475761240725377
Wrapped normal,5.0,train,94,0.0377196474444834
Wrapped normal,5.0,train,95,0.0454145327607605
Wrapped normal,5.0,train,96,0.0243062757737937
Wrapped normal,5.0,train,97,0.0195828702105244
Wrapped normal,5.0,train,98,0.0465641730103497
Wrapped normal,5.0,train,99,0.0716427657440756
Wrapped normal,5.0,train,100,0.057915099895823
Wrapped normal,5.0,train,101,0.0206727631315906
Wrapped normal,5.0,train,102,0.0272209872932783
Wrapped normal,5.0,train,103,0.0399877538622203
Wrapped normal,5.0,train,104,0.0286869178918583
Wrapped normal,5.0,train,105,0.0407409453655147
Wrapped normal,5.0,train,106,0.0474416873046809
Wrapped normal,5.0,train,107,0.0581202317046183
Wrapped normal,5.0,train,108,0.0341182341369601
Wrapped normal,5.0,train,109,0.0267704774434274
Wrapped normal,5.0,train,110,0.0380911206718435
Wrapped normal,5.0,train,111,0.0268015616922629
Wrapped normal,5.0,train,112,0.0616988786457565
Wrapped normal,5.0,train,113,0.0456185067379266
Wrapped normal,5.0,train,114,0.0625446025349001
Wrapped normal,5.0,train,115,0.0564853124890723
Wrapped normal,5.0,train,116,0.0390204546021983
Wrapped normal,5.0,train,117,0.0647401979595776
Wrapped normal,5.0,train,118,0.046690619900458
Wrapped normal,5.0,train,119,0.0487608715213506
Wrapped normal,5.0,train,120,0.0405656926182538
Wrapped normal,5.0,train,121,0.0214834067122993
Wrapped normal,5.0,train,122,0.0421695572933667
Wrapped normal,5.0,train,123,0.0290667090616346
Wrapped normal,5.0,train,124,0.0330549127115849
Wrapped normal,5.0,train,125,0.034069922397942
Wrapped normal,5.0,train,126,0.0391483204297899
Wrapped normal,5.0,train,127,0.0293908338093685
Wrapped normal,5.0,train,128,0.0131657073103034
Wrapped normal,5.0,train,129,0.0626854460183272
Wrapped normal,5.0,train,130,0.0373032916036823
Wrapped normal,5.0,train,131,0.0205039018084906
Wrapped normal,5.0,train,132,0.0313144456040843
Wrapped normal,5.0,train,133,0.0526937377545642
Wrapped normal,5.0,train,134,0.0528226995694139
Wrapped normal,5.0,train,135,0.0308084990900429
Wrapped normal,5.0,train,136,0.0518438273778241
Wrapped normal,5.0,train,137,0.0451032316607264
Wrapped normal,5.0,train,138,0.0296047540526414
Wrapped normal,5.0,train,139,0.0338053668690557
Wrapped normal,5.0,train,140,0.0335160659272395
Wrapped normal,5.0,train,141,0.0381864797156698
Wrapped normal,5.0,train,142,0.0258969257421528
Wrapped normal,5.0,train,143,0.0268214138076779
Wrapped normal,5.0,train,144,0.0190487424856561
Wrapped normal,5.0,train,145,0.0556132583245714
Wrapped normal,5.0,train,146,0.0541883458336369
Wrapped normal,5.0,train,147,0.0629373714158801
Wrapped normal,5.0,train,148,0.0415638732623589
Wrapped normal,5.0,train,149,0.0306856031558449
Wrapped normal,5.0,train,150,0.0352520815697628
Wrapped normal,5.0,train,151,0.0348213835009245
Wrapped normal,5.0,train,152,0.0287802779072757
Wrapped normal,5.0,train,153,0.0139044764693737
Wrapped normal,5.0,train,154,0.0678941638927692
Wrapped normal,5.0,test,0,0.035650805240656
Wrapped normal,5.0,test,1,0.0631017898490723
Wrapped normal,5.0,test,2,0.049041939628505
Wrapped normal,5.0,test,3,0.0288984495707803
Wrapped normal,5.0,test,4,0.0360657740026576
Wrapped normal,5.0,test,5,0.0348803574925657
Wrapped normal,5.0,test,6,0.0132697307754227
Wrapped normal,5.0,test,7,0.0598475001292328
Wrapped normal,5.0,test,8,0.0434618028334757
Wrapped normal,5.0,test,9,0.0486545004664299
Wrapped normal,5.0,test,10,0.0633372279861323
Wrapped normal,5.0,test,11,0.022007376124866
Wrapped normal,5.0,test,12,0.0364302644925002
Wrapped normal,5.0,test,13,0.0246411017932443
Wrapped normal,5.0,test,14,0.0287369655910884
Wrapped normal,5.0,test,15,0.0387600273788469
Wrapped normal,5.0,test,16,0.0502834073787852
Wrapped normal,5.0,test,17,0.0354018995588738
Wrapped normal,5.0,test,18,0.0455476263887481
Wrapped normal,5.0,test,19,0.029064074082909
Wrapped normal,5.0,test,20,0.0530118286650903
Wrapped normal,5.0,test,21,0.0242018022631023
Wrapped normal,5.0,test,22,0.0469424218365548
Wrapped normal,5.0,test,23,0.0339991287877421
Wrapped normal,5.0,test,24,0.0254858098894982
Wrapped normal,5.0,test,25,0.0454977401722168
Wrapped normal,5.0,test,26,0.0288681452351034
Wrapped normal,5.0,test,27,0.0609845397646757
Wrapped normal,5.0,test,28,0.0385334567611384
Wrapped normal,5.0,test,29,0.0498629719240094
Wrapped normal,5.0,test,30,0.0452274566582356
Wrapped normal,5.0,test,31,0.0350589543993034
Wrapped normal,5.0,test,32,0.0348113103760721
Wrapped normal,5.0,test,33,0.0244837854513098
Wrapped normal,5.0,test,34,0.0717257130813891
Wrapped normal,5.0,test,35,0.0203534030342936
Wrapped normal,5.0,test,36,0.0395863949873815
Wrapped normal,5.0,test,37,0.0598034037373855
Wrapped normal,5.0,test,38,0.0206212775161223
Wrapped normal,5.0,test,39,0.0723965547305128
Wrapped normal,5.0,test,40,0.0410676270865617
Wrapped normal,5.0,test,41,0.0198023981440708
Wrapped normal,5.0,test,42,0.0523500340514921
Wrapped normal,5.0,test,43,0.0397424725294363
Wrapped normal,5.0,test,44,0.027265400454794
Wrapped normal,5.0,test,45,0.0580143535284453
Wrapped normal,5.0,test,46,0.0276358496915016
Wrapped normal,5.0,test,47,0.0614241261781835
Wrapped normal,5.0,test,48,0.0210328204621987
Wrapped normal,5.0,test,49,0.0361470951250602
Wrapped normal,5.0,test,50,0.0629063444395752
Wrapped normal,5.0,test,51,0.0710807924884887
Wrapped normal,5.0,test,52,0.0426750280581332
Wrapped normal,5.0,test,53,0.0223374056464681
Wrapped normal,5.0,test,54,0.0383837118876678
Wrapped normal,5.0,test,55,0.0632188027920676
Wrapped normal,5.0,test,56,0.0525552643265401
Wrapped normal,5.0,test,57,0.0422208691932132
Wrapped normal,5.0,test,58,0.0637713599312523
Wrapped normal,5.0,test,59,0.0570699302036144
Wrapped normal,5.0,test,60,0.0232832495360517
Wrapped normal,5.0,test,61,0.0278329900266192
Wrapped normal,5.0,test,62,0.086833351273008
Wrapped normal,5.0,test,63,0.0540082630017586
Wrapped normal,5.0,test,64,0.0583774763251623
Wrapped normal,5.0,test,65,0.0263688973022172
Wrapped normal,5.0,test,66,0.023860111057156
Wrapped normal,5.0,test,67,0.0178350054034967
Wrapped normal,5.0,test,68,0.0816471256986106
Wrapped normal,5.0,test,69,0.0614710276433226
Wrapped normal,5.0,test,70,0.0354703788991496
Wrapped normal,5.0,test,71,0.0379217898979743
Wrapped normal,5.0,test,72,0.0213538629252862
Wrapped normal,5.0,test,73,0.0383663179811152
Wrapped normal,5.0,test,74,0.0364194588611966
Wrapped normal,5.0,test,75,0.0715759521575942
Wrapped normal,5.0,test,76,0.0569317389928473
Wrapped normal,5.0,test,77,0.0693740951383962
Wrapped normal,5.0,test,78,0.0509381793155118
Wrapped normal,5.0,test,79,0.0631289592793622
Wrapped normal,5.0,test,80,0.0724865993277229
Wrapped normal,5.0,test,81,0.0311486262946926
Wrapped normal,5.0,test,82,0.0307667710208253
Wrapped normal,5.0,test,83,0.051024240140596
Wrapped normal,5.0,test,84,0.0445749178724936
Wrapped normal,5.0,test,85,0.06827946430316
Wrapped normal,5.0,test,86,0.0651376587555488
Wrapped normal,5.0,test,87,0.0291997220662639
Wrapped normal,5.0,test,88,0.0401422552433347
Wrapped normal,5.0,test,89,0.0275739849983244
Wrapped normal,5.0,test,90,0.0435403914908499
Wrapped normal,5.0,test,91,0.0304676559638026
Wrapped normal,5.0,test,92,0.0517377213011577
Wrapped normal,5.0,test,93,0.0376367136917352
Wrapped normal,5.0,test,94,0.0181689165265324
Wrapped normal,5.0,test,95,0.0377700903931975
Wrapped normal,5.0,test,96,0.0244195480603524
Wrapped normal,5.0,test,97,0.0415857900753378
Wrapped normal,5.0,test,98,0.0462041530595141
Wrapped normal,10.0,train,0,0.0660978807680873
Wrapped normal,10.0,train,1,0.0505366942862008
Wrapped normal,10.0,train,2,0.0531326650726622
Wrapped normal,10.0,train,3,0.0425081451394717
Wrapped normal,10.0,train,4,0.0562043489685907
Wrapped normal,10.0,train,5,0.0412847929420183
Wrapped normal,10.0,train,6,0.0613320282520315
Wrapped normal,10.0,train,7,0.0504599298275781
Wrapped normal,10.0,train,8,0.0509352047154004
Wrapped normal,10.0,train,9,0.0476727689592827
Wrapped normal,10.0,train,10,0.0291166889979806
Wrapped normal,10.0,train,11,0.0546701387787105
Wrapped normal,10.0,train,12,0.0423529915297635
Wrapped normal,10.0,train,13,0.0376366493200411
Wrapped normal,10.0,train,14,0.0478680376795469
Wrapped normal,10.0,train,15,0.0289739460970705
Wrapped normal,10.0,train,16,0.0676448279469502
Wrapped normal,10.0,train,17,0.0292492343198109
Wrapped normal,10.0,train,18,0.0527102356869809
Wrapped normal,10.0,train,19,0.0441308122392088
Wrapped normal,10.0,train,20,0.038803348837713
Wrapped normal,10.0,train,21,0.0316077933912976
Wrapped normal,10.0,train,22,0.0210652612329769
Wrapped normal,10.0,train,23,0.0393109810833414
Wrapped normal,10.0,train,24,0.044298171169317
Wrapped normal,10.0,train,25,0.0351752919915924
Wrapped normal,10.0,train,26,0.026944619005356
Wrapped normal,10.0,train,27,0.0696486920746643
Wrapped normal,10.0,train,28,0.0437658792322067
Wrapped normal,10.0,train,29,0.0388631808094046
Wrapped normal,10.0,train,30,0.025594157590201
Wrapped normal,10.0,train,31,0.0382049133980959
Wrapped normal,10.0,train,32,0.0410634861246609
Wrapped normal,10.0,train,33,0.0445227586273379
Wrapped normal,10.0,train,34,0.0633327512406855
Wrapped normal,10.0,train,35,0.0694591134115971
Wrapped normal,10.0,train,36,0.0555372175475041
Wrapped normal,10.0,train,37,0.0432139129535957
Wrapped normal,10.0,train,38,0.0190268951546743
Wrapped normal,10.0,train,39,0.0654487011144092
Wrapped normal,10.0,train,40,0.0471521352397188
Wrapped normal,10.0,train,41,0.0360115510480917
Wrapped normal,10.0,train,42,0.0236137156698523
Wrapped normal,10.0,train,43,0.0261659759989116
Wrapped normal,10.0,train,44,0.0650967037831215
Wrapped normal,10.0,train,45,0.0566979971957215
Wrapped normal,10.0,train,46,0.0455205028840327
Wrapped normal,10.0,train,47,0.0403142187867194
Wrapped normal,10.0,train,48,0.0523459910153785
Wrapped normal,10.0,train,49,0.0309640068023764
Wrapped normal,10.0,train,50,0.0327165497413752
Wrapped normal,10.0,train,51,0.0242462380931799
Wrapped normal,10.0,train,52,0.0277878968979128
Wrapped normal,10.0,train,53,0.0467481850001797
Wrapped normal,10.0,train,54,0.0628569741387698
Wrapped normal,10.0,train,55,0.0180773446776042
Wrapped normal,10.0,train,56,0.0382457768820394
Wrapped normal,10.0,train,57,0.0307215640680709
Wrapped normal,10.0,train,58,0.0284954280182936
Wrapped normal,10.0,train,59,0.0170249032450578
Wrapped normal,10.0,train,60,0.0347502223087208
Wrapped normal,10.0,train,61,0.0440548270840809
Wrapped normal,10.0,train,62,0.028534117996715
Wrapped normal,10.0,train,63,0.0458849400711075
Wrapped normal,10.0,train,64,0.023011901753827
Wrapped normal,10.0,train,65,0.0226690083420819
Wrapped normal,10.0,train,66,0.0443665114773618
Wrapped normal,10.0,train,67,0.0338390352125273
Wrapped normal,10.0,train,68,0.0333640582750352
Wrapped normal,10.0,train,69,0.060584692275401
Wrapped normal,10.0,train,70,0.0374269007354561
Wrapped normal,10.0,train,71,0.0530520232772207
Wrapped normal,10.0,train,72,0.0621606605786595
Wrapped normal,10.0,train,73,0.0295811923728533
Wrapped normal,10.0,train,74,0.0504837498607204
Wrapped normal,10.0,train,75,0.0439214649652477
Wrapped normal,10.0,train,76,0.0419630713984289
Wrapped normal,10.0,train,77,0.0436022368006518
Wrapped normal,10.0,train,78,0.040600021177768
Wrapped normal,10.0,train,79,0.0238778267196668
Wrapped normal,10.0,train,80,0.0216575337616559
Wrapped normal,10.0,train,81,0.0178433052236257
Wrapped normal,10.0,train,82,0.0367964081100664
Wrapped normal,10.0,train,83,0.0259177768244276
Wrapped normal,10.0,train,84,0.0255621295973887
Wrapped normal,10.0,train,85,0.0763895266813567
Wrapped normal,10.0,train,86,0.0322046664773121
Wrapped normal,10.0,train,87,0.0535773802353245
Wrapped normal,10.0,train,88,0.019837774252536
Wrapped normal,10.0,train,89,0.0237351181333752
Wrapped normal,10.0,train,90,0.0330708265348918
Wrapped normal,10.0,train,91,0.053488797464679
Wrapped normal,10.0,train,92,0.0168391224917579
Wrapped normal,10.0,train,93,0.0420119867452639
Wrapped normal,10.0,train,94,0.0396250444876279
Wrapped normal,10.0,train,95,0.0414853259735519
Wrapped normal,10.0,train,96,0.0268178421519151
Wrapped normal,10.0,train,97,0.0211147206454244
Wrapped normal,10.0,train,98,0.0415025629014928
Wrapped normal,10.0,train,99,0.0609125032596839
Wrapped normal,10.0,train,100,0.0503345545595471
Wrapped normal,10.0,train,101,0.0240001629508987
Wrapped normal,10.0,train,102,0.0341343900538856
Wrapped normal,10.0,train,103,0.0413333865034185
Wrapped normal,10.0,train,104,0.0282594401987434
Wrapped normal,10.0,train,105,0.0395686395767672
Wrapped normal,10.0,train,106,0.0471028166518425
Wrapped normal,10.0,train,107,0.0632014318037541
Wrapped normal,10.0,train,108,0.0322846451099763
Wrapped normal,10.0,train,109,0.0220274914194465
Wrapped normal,10.0,train,110,0.0466446935671938
Wrapped normal,10.0,train,111,0.0246713334284001
Wrapped normal,10.0,train,112,0.0609160170757821
Wrapped normal,10.0,train,113,0.0461912718120923
Wrapped normal,10.0,train,114,0.0529281161478411
Wrapped normal,10.0,train,115,0.0516731100708662
Wrapped normal,10.0,train,116,0.0459404929491522
Wrapped normal,10.0,train,117,0.0714514311089074
Wrapped normal,10.0,train,118,0.0498309293137883
Wrapped normal,10.0,train,119,0.054836223160109
Wrapped normal,10.0,train,120,0.0222348019843676
Wrapped normal,10.0,train,121,0.017167065617912
Wrapped normal,10.0,train,122,0.0358542099531185
Wrapped normal,10.0,train,123,0.0205222233803213
Wrapped normal,10.0,train,124,0.0363851122656104
Wrapped normal,10.0,train,125,0.0366545623633711
Wrapped normal,10.0,train,126,0.0307662830871315
Wrapped normal,10.0,train,127,0.0259688487613905
Wrapped normal,10.0,train,128,0.0130560311458475
Wrapped normal,10.0,train,129,0.051109612229258
Wrapped normal,10.0,train,130,0.0270189530078303
Wrapped normal,10.0,train,131,0.0268729700048395
Wrapped normal,10.0,train,132,0.033829914905693
Wrapped normal,10.0,train,133,0.0621943656219945
Wrapped normal,10.0,train,134,0.0425422899542295
Wrapped normal,10.0,train,135,0.0300667510668202
Wrapped normal,10.0,train,136,0.0488147406867116
Wrapped normal,10.0,train,137,0.0328866345758193
Wrapped normal,10.0,train,138,0.0263011621835483
Wrapped normal,10.0,train,139,0.0365494169001873
Wrapped normal,10.0,train,140,0.032924221626312
Wrapped normal,10.0,train,141,0.038116954487557
Wrapped normal,10.0,train,142,0.0297173409001846
Wrapped normal,10.0,train,143,0.0192321790301259
Wrapped normal,10.0,train,144,0.0202556244934865
Wrapped normal,10.0,train,145,0.0444757213371724
Wrapped normal,10.0,train,146,0.0535391972077832
Wrapped normal,10.0,train,147,0.057521489820051
Wrapped normal,10.0,train,148,0.0441189137044813
Wrapped normal,10.0,train,149,0.0430390606872431
Wrapped normal,10.0,train,150,0.0314821366791854
Wrapped normal,10.0,train,151,0.0315208469550495
Wrapped normal,10.0,train,152,0.0269676589437517
Wrapped normal,10.0,train,153,0.0158389859557342
Wrapped normal,10.0,train,154,0.0712764403754772
Wrapped normal,10.0,test,0,0.030184697993299
Wrapped normal,10.0,test,1,0.05836964033138
Wrapped normal,10.0,test,2,0.0460544028638615
Wrapped normal,10.0,test,3,0.029400662441148
Wrapped normal,10.0,test,4,0.0338973832446369
Wrapped normal,10.0,test,5,0.0339518408948907
Wrapped normal,10.0,test,6,0.0134638704568521
Wrapped normal,10.0,test,7,0.060396996149069
Wrapped normal,10.0,test,8,0.0426889268952006
Wrapped normal,10.0,test,9,0.0465515292565411
Wrapped normal,10.0,test,10,0.0597948364172088
Wrapped normal,10.0,test,11,0.0194595495124703
Wrapped normal,10.0,test,12,0.0437665841477545
Wrapped normal,10.0,test,13,0.0157906632481651
Wrapped normal,10.0,test,14,0.0252311949566536
Wrapped normal,10.0,test,15,0.0447641336467933
Wrapped normal,10.0,test,16,0.0459451385156112
Wrapped normal,10.0,test,17,0.0368486727783053
Wrapped normal,10.0,test,18,0.0365169828363883
Wrapped normal,10.0,test,19,0.0303948997929798
Wrapped normal,10.0,test,20,0.0400273528248106
Wrapped normal,10.0,test,21,0.0179846429950778
Wrapped normal,10.0,test,22,0.0436935597520301
Wrapped normal,10.0,test,23,0.0314787454031537
Wrapped normal,10.0,test,24,0.0280031962802325
Wrapped normal,10.0,test,25,0.0547715172104318
Wrapped normal,10.0,test,26,0.040494835247584
Wrapped normal,10.0,test,27,0.0574336977070318
Wrapped normal,10.0,test,28,0.0425856388360728
Wrapped normal,10.0,test,29,0.0492467174393862
Wrapped normal,10.0,test,30,0.0453696710740445
Wrapped normal,10.0,test,31,0.0361390168722194
Wrapped normal,10.0,test,32,0.0410981489018516
Wrapped normal,10.0,test,33,0.0196914385070372
Wrapped normal,10.0,test,34,0.0584795158418038
Wrapped normal,10.0,test,35,0.0206280964899168
Wrapped normal,10.0,test,36,0.0310642667687227
Wrapped normal,10.0,test,37,0.0577651958123445
Wrapped normal,10.0,test,38,0.0241876963081368
Wrapped normal,10.0,test,39,0.0698265544753579
Wrapped normal,10.0,test,40,0.0345831310646148
Wrapped normal,10.0,test,41,0.019316408515934
Wrapped normal,10.0,test,42,0.0598174812697878
Wrapped normal,10.0,test,43,0.0358659848133133
Wrapped normal,10.0,test,44,0.0219660790519207
Wrapped normal,10.0,test,45,0.0603984467246354
Wrapped normal,10.0,test,46,0.0282057736208492
Wrapped normal,10.0,test,47,0.0571956701026744
Wrapped normal,10.0,test,48,0.0233203338748763
Wrapped normal,10.0,test,49,0.0405236813011509
Wrapped normal,10.0,test,50,0.0550727523882306
Wrapped normal,10.0,test,51,0.0585713771614052
Wrapped normal,10.0,test,52,0.0407189486586445
Wrapped normal,10.0,test,53,0.0191422025914956
Wrapped normal,10.0,test,54,0.0538022567043121
Wrapped normal,10.0,test,55,0.058933378571209
Wrapped normal,10.0,test,56,0.0572983129532549
Wrapped normal,10.0,test,57,0.0387648410539306
Wrapped normal,10.0,test,58,0.0661001425012639
Wrapped normal,10.0,test,59,0.0566363271557692
Wrapped normal,10.0,test,60,0.0271026928860971
Wrapped normal,10.0,test,61,0.0309417573749859
Wrapped normal,10.0,test,62,0.0866924655442631
Wrapped normal,10.0,test,63,0.0475203530798197
Wrapped normal,10.0,test,64,0.0548047129505451
Wrapped normal,10.0,test,65,0.0291680672101934
Wrapped normal,10.0,test,66,0.0290231216215974
Wrapped normal,10.0,test,67,0.0184868431980944
Wrapped normal,10.0,test,68,0.0866496977969457
Wrapped normal,10.0,test,69,0.0567317243014964
Wrapped normal,10.0,test,70,0.0477347549791353
Wrapped normal,10.0,test,71,0.038825712625396
Wrapped normal,10.0,test,72,0.0164744084021298
Wrapped normal,10.0,test,73,0.0495539246411917
Wrapped normal,10.0,test,74,0.0442937573445563
Wrapped normal,10.0,test,75,0.0802598861027751
Wrapped normal,10.0,test,76,0.055151629039392
Wrapped normal,10.0,test,77,0.0702267256202107
Wrapped normal,10.0,test,78,0.0484663269167925
Wrapped normal,10.0,test,79,0.0545170778802703
Wrapped normal,10.0,test,80,0.0737046351011445
Wrapped normal,10.0,test,81,0.0337048208432401
Wrapped normal,10.0,test,82,0.0334744429538251
Wrapped normal,10.0,test,83,0.0525829224890689
Wrapped normal,10.0,test,84,0.0380991628703336
Wrapped normal,10.0,test,85,0.060245893557706
Wrapped normal,10.0,test,86,0.0674012109282345
Wrapped normal,10.0,test,87,0.0294507331271313
Wrapped normal,10.0,test,88,0.0363530543330107
Wrapped normal,10.0,test,89,0.0331752120034321
Wrapped normal,10.0,test,90,0.0353577411902298
Wrapped normal,10.0,test,91,0.0292196062060449
Wrapped normal,10.0,test,92,0.0518833313069352
Wrapped normal,10.0,test,93,0.0371741424801482
Wrapped normal,10.0,test,94,0.0260222296925944
Wrapped normal,10.0,test,95,0.0421345006574739
Wrapped normal,10.0,test,96,0.0314484548945604
Wrapped normal,10.0,test,97,0.0383577071515287
Wrapped normal,10.0,test,98,0.0468591329400922
Wrapped normal,25.0,train,0,0.062488498436068
Wrapped normal,25.0,train,1,0.0443178942350944
Wrapped normal,25.0,train,2,0.0578659021444546
Wrapped normal,25.0,train,3,0.0381993556666362
Wrapped normal,25.0,train,4,0.0461474544823896
Wrapped normal,25.0,train,5,0.0311853078387888
Wrapped normal,25.0,train,6,0.0631655637867961
Wrapped normal,25.0,train,7,0.0457088253833921
Wrapped normal,25.0,train,8,0.0508890506848577
Wrapped normal,25.0,train,9,0.0390746522863502
Wrapped normal,25.0,train,10,0.0244501174718417
Wrapped normal,25.0,train,11,0.0535855046379583
Wrapped normal,25.0,train,12,0.0410628219800075
Wrapped normal,25.0,train,13,0.0347304965505711
Wrapped normal,25.0,train,14,0.0504569473764002
Wrapped normal,25.0,train,15,0.0248664142971539
Wrapped normal,25.0,train,16,0.0562514105020937
Wrapped normal,25.0,train,17,0.0317078037848812
Wrapped normal,25.0,train,18,0.0483661265556544
Wrapped normal,25.0,train,19,0.0420984734176206
Wrapped normal,25.0,train,20,0.0348490069578598
Wrapped normal,25.0,train,21,0.0352968965836506
Wrapped normal,25.0,train,22,0.0192567721703744
Wrapped normal,25.0,train,23,0.0375543661691519
Wrapped normal,25.0,train,24,0.0421008916312562
Wrapped normal,25.0,train,25,0.0425152562368036
Wrapped normal,25.0,train,26,0.033100268982384
Wrapped normal,25.0,train,27,0.0738079011739344
Wrapped normal,25.0,train,28,0.0416214513339586
Wrapped normal,25.0,train,29,0.045459117839471
Wrapped normal,25.0,train,30,0.0290972210339011
Wrapped normal,25.0,train,31,0.038272990028755
Wrapped normal,25.0,train,32,0.0370463943810719
Wrapped normal,25.0,train,33,0.0474715047476418
Wrapped normal,25.0,train,34,0.0480017823405248
Wrapped normal,25.0,train,35,0.069904254962889
Wrapped normal,25.0,train,36,0.0636366641401607
Wrapped normal,25.0,train,37,0.0409475103297398
Wrapped normal,25.0,train,38,0.0176387012613114
Wrapped normal,25.0,train,39,0.0585132603495287
Wrapped normal,25.0,train,40,0.0406950736956846
Wrapped normal,25.0,train,41,0.0345315281106605
Wrapped normal,25.0,train,42,0.0224494051339582
Wrapped normal,25.0,train,43,0.0242809205536794
Wrapped normal,25.0,train,44,0.0603875005609574
Wrapped normal,25.0,train,45,0.0608468759779522
Wrapped normal,25.0,train,46,0.0455077904860948
Wrapped normal,25.0,train,47,0.039484782160275
Wrapped normal,25.0,train,48,0.0479375861648407
Wrapped normal,25.0,train,49,0.0213005733534062
Wrapped normal,25.0,train,50,0.0374480826734537
Wrapped normal,25.0,train,51,0.0236013828725774
Wrapped normal,25.0,train,52,0.0264208028311981
Wrapped normal,25.0,train,53,0.04539051908746
Wrapped normal,25.0,train,54,0.0558853415396524
Wrapped normal,25.0,train,55,0.0190124303286069
Wrapped normal,25.0,train,56,0.0341341942489354
Wrapped normal,25.0,train,57,0.0315210342282269
Wrapped normal,25.0,train,58,0.0235436795673104
Wrapped normal,25.0,train,59,0.0164291505276206
Wrapped normal,25.0,train,60,0.0384738657029516
Wrapped normal,25.0,train,61,0.0424817637817782
Wrapped normal,25.0,train,62,0.031246014321472
Wrapped normal,25.0,train,63,0.0436974429291196
Wrapped normal,25.0,train,64,0.0229576054478684
Wrapped normal,25.0,train,65,0.0202790576974816
Wrapped normal,25.0,train,66,0.0442420083406825
Wrapped normal,25.0,train,67,0.0341677707216517
Wrapped normal,25.0,train,68,0.0292813083765009
Wrapped normal,25.0,train,69,0.0645181884317098
Wrapped normal,25.0,train,70,0.0384879849412199
Wrapped normal,25.0,train,71,0.0362529557831488
Wrapped normal,25.0,train,72,0.0648742014701756
Wrapped normal,25.0,train,73,0.0314407772970923
Wrapped normal,25.0,train,74,0.0484425309807503
Wrapped normal,25.0,train,75,0.0508828172627263
Wrapped normal,25.0,train,76,0.0493477280145556
Wrapped normal,25.0,train,77,0.0428233915449523
Wrapped normal,25.0,train,78,0.0448841734924294
Wrapped normal,25.0,train,79,0.0257201003912746
Wrapped normal,25.0,train,80,0.0248549225323641
Wrapped normal,25.0,train,81,0.0197781879901077
Wrapped normal,25.0,train,82,0.0350090468735299
Wrapped normal,25.0,train,83,0.0284848586084392
Wrapped normal,25.0,train,84,0.0307342157490522
Wrapped normal,25.0,train,85,0.0633078274932441
Wrapped normal,25.0,train,86,0.0280584253969511
Wrapped normal,25.0,train,87,0.0476761202635601
Wrapped normal,25.0,train,88,0.0220187821470267
Wrapped normal,25.0,train,89,0.0178385344120392
Wrapped normal,25.0,train,90,0.0339321511907873
Wrapped normal,25.0,train,91,0.0409086999213109
Wrapped normal,25.0,train,92,0.0187954956439246
Wrapped normal,25.0,train,93,0.0467363418303582
Wrapped normal,25.0,train,94,0.0395601157676519
Wrapped normal,25.0,train,95,0.0436133632024711
Wrapped normal,25.0,train,96,0.0262454800343049
Wrapped normal,25.0,train,97,0.0200779270268883
Wrapped normal,25.0,train,98,0.0369148297633736
Wrapped normal,25.0,train,99,0.0487102927271076
Wrapped normal,25.0,train,100,0.0509024349848887
Wrapped normal,25.0,train,101,0.0259238847274933
Wrapped normal,25.0,train,102,0.0317142951287521
Wrapped normal,25.0,train,103,0.0385201140494744
Wrapped normal,25.0,train,104,0.0269310060943329
Wrapped normal,25.0,train,105,0.0428786491068948
Wrapped normal,25.0,train,106,0.0500827481997702
Wrapped normal,25.0,train,107,0.0634175919394264
Wrapped normal,25.0,train,108,0.0305332088074815
Wrapped normal,25.0,train,109,0.0265141189245999
Wrapped normal,25.0,train,110,0.0480613724194951
Wrapped normal,25.0,train,111,0.0245967821495721
Wrapped normal,25.0,train,112,0.0577622144303882
Wrapped normal,25.0,train,113,0.0390757872009518
Wrapped normal,25.0,train,114,0.0423580209788262
Wrapped normal,25.0,train,115,0.0549687570788683
Wrapped normal,25.0,train,116,0.0398670955082059
Wrapped normal,25.0,train,117,0.0625783211932257
Wrapped normal,25.0,train,118,0.0474619033066046
Wrapped normal,25.0,train,119,0.0594019690191884
Wrapped normal,25.0,train,120,0.0264411392785942
Wrapped normal,25.0,train,121,0.0207661347902752
Wrapped normal,25.0,train,122,0.0408523502675137
Wrapped normal,25.0,train,123,0.0228735371940592
Wrapped normal,25.0,train,124,0.0275299096965605
Wrapped normal,25.0,train,125,0.0397288412320547
Wrapped normal,25.0,train,126,0.0303151222686986
Wrapped normal,25.0,train,127,0.0196198435184882
Wrapped normal,25.0,train,128,0.016062535683689
Wrapped normal,25.0,train,129,0.0520497382957511
Wrapped normal,25.0,train,130,0.030358410420124
Wrapped normal,25.0,train,131,0.0204406163323947
Wrapped normal,25.0,train,132,0.0300350973378648
Wrapped normal,25.0,train,133,0.0601970342160671
Wrapped normal,25.0,train,134,0.0440393711316168
Wrapped normal,25.0,train,135,0.0337390434360212
Wrapped normal,25.0,train,136,0.0515981635020165
Wrapped normal,25.0,train,137,0.035245677257107
Wrapped normal,25.0,train,138,0.0291141011267428
Wrapped normal,25.0,train,139,0.0377984702499482
Wrapped normal,25.0,train,140,0.029753560212807
Wrapped normal,25.0,train,141,0.03756283455948
Wrapped normal,25.0,train,142,0.0221007767626641
Wrapped normal,25.0,train,143,0.0223957271018119
Wrapped normal,25.0,train,144,0.0187260724795001
Wrapped normal,25.0,train,145,0.0440232802790983
Wrapped normal,25.0,train,146,0.0536553446113917
Wrapped normal,25.0,train,147,0.0555501882780353
Wrapped normal,25.0,train,148,0.0386554263057459
Wrapped normal,25.0,train,149,0.0463085648567289
Wrapped normal,25.0,train,150,0.0315297488321896
Wrapped normal,25.0,train,151,0.0319834926178622
Wrapped normal,25.0,train,152,0.0234884622297662
Wrapped normal,25.0,train,153,0.0196766805894684
Wrapped normal,25.0,train,154,0.0752493839532885
Wrapped normal,25.0,test,0,0.027985846906892
Wrapped normal,25.0,test,1,0.0611929625052712
Wrapped normal,25.0,test,2,0.0463526185101856
Wrapped normal,25.0,test,3,0.030110490705376
Wrapped normal,25.0,test,4,0.0295686305307937
Wrapped normal,25.0,test,5,0.0298752160961906
Wrapped normal,25.0,test,6,0.0155099890477636
Wrapped normal,25.0,test,7,0.0567705401991584
Wrapped normal,25.0,test,8,0.0462584223113434
Wrapped normal,25.0,test,9,0.0432148545409149
Wrapped normal,25.0,test,10,0.0620223508660175
Wrapped normal,25.0,test,11,0.0229654314195324
Wrapped normal,25.0,test,12,0.0447808790270579
Wrapped normal,25.0,test,13,0.0147353604538286
Wrapped normal,25.0,test,14,0.0316861358023035
Wrapped normal,25.0,test,15,0.0451146082885992
Wrapped normal,25.0,test,16,0.044305380750838
Wrapped normal,25.0,test,17,0.0334371527763917
Wrapped normal,25.0,test,18,0.0331716473696102
Wrapped normal,25.0,test,19,0.0357623671575504
Wrapped normal,25.0,test,20,0.0372475172094974
Wrapped normal,25.0,test,21,0.0150237795421406
Wrapped normal,25.0,test,22,0.0446532396924177
Wrapped normal,25.0,test,23,0.0273086036776318
Wrapped normal,25.0,test,24,0.020289521766282
Wrapped normal,25.0,test,25,0.0591282065472278
Wrapped normal,25.0,test,26,0.0376149613712067
Wrapped normal,25.0,test,27,0.0457043231551309
Wrapped normal,25.0,test,28,0.0391214118872732
Wrapped normal,25.0,test,29,0.0509788697209355
Wrapped normal,25.0,test,30,0.0480205865221399
Wrapped normal,25.0,test,31,0.0313169618408249
Wrapped normal,25.0,test,32,0.0469689888917111
Wrapped normal,25.0,test,33,0.0240841896607464
Wrapped normal,25.0,test,34,0.0534260599663232
Wrapped normal,25.0,test,35,0.0201385365614472
Wrapped normal,25.0,test,36,0.0367117580939554
Wrapped normal,25.0,test,37,0.0568096087471055
Wrapped normal,25.0,test,38,0.0211183750177917
Wrapped normal,25.0,test,39,0.0664050004406527
Wrapped normal,25.0,test,40,0.0361362724791043
Wrapped normal,25.0,test,41,0.0143346914600201
Wrapped normal,25.0,test,42,0.0535026792047138
Wrapped normal,25.0,test,43,0.0305074501651372
Wrapped normal,25.0,test,44,0.0186830715954384
Wrapped normal,25.0,test,45,0.0543985722097147
Wrapped normal,25.0,test,46,0.0371308290686398
Wrapped normal,25.0,test,47,0.0613562194867801
Wrapped normal,25.0,test,48,0.0228580041357835
Wrapped normal,25.0,test,49,0.0362348599318969
Wrapped normal,25.0,test,50,0.0503103846457895
Wrapped normal,25.0,test,51,0.0577644017885267
Wrapped normal,25.0,test,52,0.0368159683850441
Wrapped normal,25.0,test,53,0.0160527931511608
Wrapped normal,25.0,test,54,0.0606521754008552
Wrapped normal,25.0,test,55,0.0542467406159712
Wrapped normal,25.0,test,56,0.0530178607200991
Wrapped normal,25.0,test,57,0.0379814591617502
Wrapped normal,25.0,test,58,0.0568583537807036
Wrapped normal,25.0,test,59,0.0575424533205593
Wrapped normal,25.0,test,60,0.0242173442964156
Wrapped normal,25.0,test,61,0.0379077269026255
Wrapped normal,25.0,test,62,0.08720267399542
Wrapped normal,25.0,test,63,0.0451510849656577
Wrapped normal,25.0,test,64,0.0435071144432154
Wrapped normal,25.0,test,65,0.031887433277687
Wrapped normal,25.0,test,66,0.0241512611204862
Wrapped normal,25.0,test,67,0.0155071753267902
Wrapped normal,25.0,test,68,0.0849423547526895
Wrapped normal,25.0,test,69,0.0479757889085206
Wrapped normal,25.0,test,70,0.0437313232045458
Wrapped normal,25.0,test,71,0.0310547094362236
Wrapped normal,25.0,test,72,0.0183265217907141
Wrapped normal,25.0,test,73,0.0370237065035016
Wrapped normal,25.0,test,74,0.0474027798332734
Wrapped normal,25.0,test,75,0.0674878647881321
Wrapped normal,25.0,test,76,0.0557211139057455
Wrapped normal,25.0,test,77,0.060339913659323
Wrapped normal,25.0,test,78,0.04355422694635
Wrapped normal,25.0,test,79,0.0658063151435053
Wrapped normal,25.0,test,80,0.0712579337855276
Wrapped normal,25.0,test,81,0.0304739057126592
Wrapped normal,25.0,test,82,0.0331723904698133
Wrapped normal,25.0,test,83,0.0541567184950443
Wrapped normal,25.0,test,84,0.0388774304477021
Wrapped normal,25.0,test,85,0.0590332505798165
Wrapped normal,25.0,test,86,0.0636236181458789
Wrapped normal,25.0,test,87,0.0289436114155056
Wrapped normal,25.0,test,88,0.0369200944666451
Wrapped normal,25.0,test,89,0.0353927860910781
Wrapped normal,25.0,test,90,0.0333038595492075
Wrapped normal,25.0,test,91,0.0255352764526755
Wrapped normal,25.0,test,92,0.0493286202285648
Wrapped normal,25.0,test,93,0.0292442523941826
Wrapped normal,25.0,test,94,0.0194378824053799
Wrapped normal,25.0,test,95,0.0473600751479504
Wrapped normal,25.0,test,96,0.0299103918924108
Wrapped normal,25.0,test,97,0.0369254290607575
Wrapped normal,25.0,test,98,0.0407041329158369
Wrapped normal,50.0,train,0,0.0488606909272673
Wrapped normal,50.0,train,1,0.0467032584567683
Wrapped normal,50.0,train,2,0.0598255004118579
Wrapped normal,50.0,train,3,0.037464984775703
Wrapped normal,50.0,train,4,0.0401656021033039
Wrapped normal,50.0,train,5,0.0347006116236322
Wrapped normal,50.0,train,6,0.0567570464725022
Wrapped normal,50.0,train,7,0.0522702177950813
Wrapped normal,50.0,train,8,0.0523431337076276
Wrapped normal,50.0,train,9,0.0450459700611814
Wrapped normal,50.0,train,10,0.0257071325023176
Wrapped normal,50.0,train,11,0.0421132825350444
Wrapped normal,50.0,train,12,0.0443749986407554
Wrapped normal,50.0,train,13,0.0409918968065788
Wrapped normal,50.0,train,14,0.0504832058642827
Wrapped normal,50.0,train,15,0.0249878821168103
Wrapped normal,50.0,train,16,0.0510995594440073
Wrapped normal,50.0,train,17,0.0290510181244903
Wrapped normal,50.0,train,18,0.04883836385536
Wrapped normal,50.0,train,19,0.033720666382203
Wrapped normal,50.0,train,20,0.041008216556461
Wrapped normal,50.0,train,21,0.0343097403741972
Wrapped normal,50.0,train,22,0.0217059975418131
Wrapped normal,50.0,train,23,0.0400478487838435
Wrapped normal,50.0,train,24,0.0415146719182076
Wrapped normal,50.0,train,25,0.0480347655361304
Wrapped normal,50.0,train,26,0.0318886391271133
Wrapped normal,50.0,train,27,0.0695532364642862
Wrapped normal,50.0,train,28,0.0403303081605346
Wrapped normal,50.0,train,29,0.0475252646142626
Wrapped normal,50.0,train,30,0.0328095682196469
Wrapped normal,50.0,train,31,0.0462593853398775
Wrapped normal,50.0,train,32,0.0377831002765029
Wrapped normal,50.0,train,33,0.0538685072603406
Wrapped normal,50.0,train,34,0.0536611786310709
Wrapped normal,50.0,train,35,0.0693868570072314
Wrapped normal,50.0,train,36,0.0598146171439359
Wrapped normal,50.0,train,37,0.0385081193054032
Wrapped normal,50.0,train,38,0.0166244977390068
Wrapped normal,50.0,train,39,0.0570864284063986
Wrapped normal,50.0,train,40,0.0428616298057789
Wrapped normal,50.0,train,41,0.0291151695576005
Wrapped normal,50.0,train,42,0.0180432905391319
Wrapped normal,50.0,train,43,0.0207518730766631
Wrapped normal,50.0,train,44,0.068051118776279
Wrapped normal,50.0,train,45,0.0676406616216385
Wrapped normal,50.0,train,46,0.0500976433351709
Wrapped normal,50.0,train,47,0.0381912822232521
Wrapped normal,50.0,train,48,0.0464089717671512
Wrapped normal,50.0,train,49,0.0254083800721927
Wrapped normal,50.0,train,50,0.04348567912478
Wrapped normal,50.0,train,51,0.0251395294258309
Wrapped normal,50.0,train,52,0.0242031912395357
Wrapped normal,50.0,train,53,0.0428980165277461
Wrapped normal,50.0,train,54,0.0602755702439198
Wrapped normal,50.0,train,55,0.0197665792251774
Wrapped normal,50.0,train,56,0.0336890956912849
Wrapped normal,50.0,train,57,0.0291448556058782
Wrapped normal,50.0,train,58,0.0291851486498842
Wrapped normal,50.0,train,59,0.0136398144013862
Wrapped normal,50.0,train,60,0.0376794334373793
Wrapped normal,50.0,train,61,0.03526554240295
Wrapped normal,50.0,train,62,0.0277081846205745
Wrapped normal,50.0,train,63,0.0497455926127556
Wrapped normal,50.0,train,64,0.0157951740256259
Wrapped normal,50.0,train,65,0.0210786300822703
Wrapped normal,50.0,train,66,0.0509629106129424
Wrapped normal,50.0,train,67,0.0354460197963975
Wrapped normal,50.0,train,68,0.0344663223723846
Wrapped normal,50.0,train,69,0.0631764512348498
Wrapped normal,50.0,train,70,0.0407101681144205
Wrapped normal,50.0,train,71,0.0334977395950778
Wrapped normal,50.0,train,72,0.0545569179989988
Wrapped normal,50.0,train,73,0.0288553266610035
Wrapped normal,50.0,train,74,0.0417190046352045
Wrapped normal,50.0,train,75,0.0494093275851983
Wrapped normal,50.0,train,76,0.0488349435147107
Wrapped normal,50.0,train,77,0.0383284374582392
Wrapped normal,50.0,train,78,0.0444336961371569
Wrapped normal,50.0,train,79,0.0277141489773155
Wrapped normal,50.0,train,80,0.0275043533030255
Wrapped normal,50.0,train,81,0.0162184217688225
Wrapped normal,50.0,train,82,0.0349298769123641
Wrapped normal,50.0,train,83,0.0199179213931563
Wrapped normal,50.0,train,84,0.0290795442704688
Wrapped normal,50.0,train,85,0.065718955189697
Wrapped normal,50.0,train,86,0.0292969641681862
Wrapped normal,50.0,train,87,0.0591794085366381
Wrapped normal,50.0,train,88,0.0218567394963809
Wrapped normal,50.0,train,89,0.020534965046146
Wrapped normal,50.0,train,90,0.0340500549664688
Wrapped normal,50.0,train,91,0.0359260963963703
Wrapped normal,50.0,train,92,0.0222625094985084
Wrapped normal,50.0,train,93,0.0447533296597968
Wrapped normal,50.0,train,94,0.0445061402907717
Wrapped normal,50.0,train,95,0.0434170918401405
Wrapped normal,50.0,train,96,0.0320319285789947
Wrapped normal,50.0,train,97,0.0188942743852511
Wrapped normal,50.0,train,98,0.038329530803604
Wrapped normal,50.0,train,99,0.0476621000638949
Wrapped normal,50.0,train,100,0.0552976385723176
Wrapped normal,50.0,train,101,0.022337832849232
Wrapped normal,50.0,train,102,0.0333317791213726
Wrapped normal,50.0,train,103,0.042273289258415
Wrapped normal,50.0,train,104,0.0355215392526215
Wrapped normal,50.0,train,105,0.042756910484582
Wrapped normal,50.0,train,106,0.0500368363931393
Wrapped normal,50.0,train,107,0.0590672236818047
Wrapped normal,50.0,train,108,0.0341436546550893
Wrapped normal,50.0,train,109,0.0275479039050266
Wrapped normal,50.0,train,110,0.0425071141611379
Wrapped normal,50.0,train,111,0.0241875804532402
Wrapped normal,50.0,train,112,0.0574180248868676
Wrapped normal,50.0,train,113,0.0367946197542684
Wrapped normal,50.0,train,114,0.0402839208382722
Wrapped normal,50.0,train,115,0.0549107257664163
Wrapped normal,50.0,train,116,0.0417003774369943
Wrapped normal,50.0,train,117,0.0588677258308743
Wrapped normal,50.0,train,118,0.0503040471336546
Wrapped normal,50.0,train,119,0.0543793234590923
Wrapped normal,50.0,train,120,0.030108475075947
Wrapped normal,50.0,train,121,0.021731839353022
Wrapped normal,50.0,train,122,0.0376698152923001
Wrapped normal,50.0,train,123,0.025322815813414
Wrapped normal,50.0,train,124,0.028404925012768
Wrapped normal,50.0,train,125,0.0514350918946531
Wrapped normal,50.0,train,126,0.0303950227366445
Wrapped normal,50.0,train,127,0.019728900152883
Wrapped normal,50.0,train,128,0.0159011584984279
Wrapped normal,50.0,train,129,0.0485402803021533
Wrapped normal,50.0,train,130,0.0274246821520754
Wrapped normal,50.0,train,131,0.0190601857410691
Wrapped normal,50.0,train,132,0.0319961004965108
Wrapped normal,50.0,train,133,0.0618932393411573
Wrapped normal,50.0,train,134,0.0473885771568758
Wrapped normal,50.0,train,135,0.0347202736586352
Wrapped normal,50.0,train,136,0.0481166259889332
Wrapped normal,50.0,train,137,0.0383507404112026
Wrapped normal,50.0,train,138,0.0286339018018925
Wrapped normal,50.0,train,139,0.0426698107493905
Wrapped normal,50.0,train,140,0.0339182648647591
Wrapped normal,50.0,train,141,0.0302096867942035
Wrapped normal,50.0,train,142,0.0233494454043069
Wrapped normal,50.0,train,143,0.0212232774366034
Wrapped normal,50.0,train,144,0.0137130980324986
Wrapped normal,50.0,train,145,0.044936915649013
Wrapped normal,50.0,train,146,0.0625232275857236
Wrapped normal,50.0,train,147,0.0540712160394633
Wrapped normal,50.0,train,148,0.0400005583494095
Wrapped normal,50.0,train,149,0.0440156053983658
Wrapped normal,50.0,train,150,0.029334150511903
Wrapped normal,50.0,train,151,0.0257101678788304
Wrapped normal,50.0,train,152,0.0252290872731961
Wrapped normal,50.0,train,153,0.0186666016817145
Wrapped normal,50.0,train,154,0.0670767773201192
Wrapped normal,50.0,test,0,0.0285075040705816
Wrapped normal,50.0,test,1,0.0652933331844708
Wrapped normal,50.0,test,2,0.0441598954501702
Wrapped normal,50.0,test,3,0.039836915005393
Wrapped normal,50.0,test,4,0.03490994735122
Wrapped normal,50.0,test,5,0.0420859079487578
Wrapped normal,50.0,test,6,0.0122830347743304
Wrapped normal,50.0,test,7,0.0662425636315695
Wrapped normal,50.0,test,8,0.0496425673719525
Wrapped normal,50.0,test,9,0.0426222621041663
Wrapped normal,50.0,test,10,0.06515415785476
Wrapped normal,50.0,test,11,0.0168815299014174
Wrapped normal,50.0,test,12,0.0471300509876051
Wrapped normal,50.0,test,13,0.015501640300571
Wrapped normal,50.0,test,14,0.030562264779252
Wrapped normal,50.0,test,15,0.0472233594065816
Wrapped normal,50.0,test,16,0.0453249830069708
Wrapped normal,50.0,test,17,0.0352611086265326
Wrapped normal,50.0,test,18,0.0391217159152713
Wrapped normal,50.0,test,19,0.0362194135041992
Wrapped normal,50.0,test,20,0.028347535480488
Wrapped normal,50.0,test,21,0.0200728097682448
Wrapped normal,50.0,test,22,0.0485294320161298
Wrapped normal,50.0,test,23,0.0318045710634745
Wrapped normal,50.0,test,24,0.0208594146197671
Wrapped normal,50.0,test,25,0.0618331265287147
Wrapped normal,50.0,test,26,0.0346307357694782
Wrapped normal,50.0,test,27,0.051695385353257
Wrapped normal,50.0,test,28,0.0344917642913428
Wrapped normal,50.0,test,29,0.0519855972251926
Wrapped normal,50.0,test,30,0.0422981390116363
Wrapped normal,50.0,test,31,0.0292210566345128
Wrapped normal,50.0,test,32,0.0548035244301116
Wrapped normal,50.0,test,33,0.0216964512527734
Wrapped normal,50.0,test,34,0.0530321535495568
Wrapped normal,50.0,test,35,0.0169644642696392
Wrapped normal,50.0,test,36,0.0384175826192816
Wrapped normal,50.0,test,37,0.0603367857716521
Wrapped normal,50.0,test,38,0.0205213864722682
Wrapped normal,50.0,test,39,0.0728355814392234
Wrapped normal,50.0,test,40,0.0395040221839545
Wrapped normal,50.0,test,41,0.0187408397184673
Wrapped normal,50.0,test,42,0.0678247687397847
Wrapped normal,50.0,test,43,0.0274092075690779
Wrapped normal,50.0,test,44,0.0200103229621119
Wrapped normal,50.0,test,45,0.0659136998318682
Wrapped normal,50.0,test,46,0.0292775287018486
Wrapped normal,50.0,test,47,0.0596796380448059
Wrapped normal,50.0,test,48,0.0241636530739696
Wrapped normal,50.0,test,49,0.0372409951819106
Wrapped normal,50.0,test,50,0.0511517039321471
Wrapped normal,50.0,test,51,0.05100530897087
Wrapped normal,50.0,test,52,0.0367873056628997
Wrapped normal,50.0,test,53,0.0170245251848329
Wrapped normal,50.0,test,54,0.0581926163649003
Wrapped normal,50.0,test,55,0.0528253468713652
Wrapped normal,50.0,test,56,0.0475827602167475
Wrapped normal,50.0,test,57,0.0388281782083871
Wrapped normal,50.0,test,58,0.0442185887577625
Wrapped normal,50.0,test,59,0.0497953404023559
Wrapped normal,50.0,test,60,0.0231708862831437
Wrapped normal,50.0,test,61,0.0330473437197889
Wrapped normal,50.0,test,62,0.0817483784267715
Wrapped normal,50.0,test,63,0.0470867265594328
Wrapped normal,50.0,test,64,0.0423500436915259
Wrapped normal,50.0,test,65,0.0340426333274671
Wrapped normal,50.0,test,66,0.0245696768270836
Wrapped normal,50.0,test,67,0.0158501317468727
Wrapped normal,50.0,test,68,0.0890239748549876
Wrapped normal,50.0,test,69,0.0425315309849364
Wrapped normal,50.0,test,70,0.0460483951734011
Wrapped normal,50.0,test,71,0.0342619471991285
Wrapped normal,50.0,test,72,0.0192176800955273
Wrapped normal,50.0,test,73,0.0345741955958008
Wrapped normal,50.0,test,74,0.0466505485767065
Wrapped normal,50.0,test,75,0.0729130592704283
Wrapped normal,50.0,test,76,0.0599329361779766
Wrapped normal,50.0,test,77,0.0633127432372012
Wrapped normal,50.0,test,78,0.0435674124931483
Wrapped normal,50.0,test,79,0.0634215396923301
Wrapped normal,50.0,test,80,0.0694431858359964
Wrapped normal,50.0,test,81,0.0251298687609254
Wrapped normal,50.0,test,82,0.0297053213543618
Wrapped normal,50.0,test,83,0.0464663059487754
Wrapped normal,50.0,test,84,0.0344186730978496
Wrapped normal,50.0,test,85,0.0525909232623945
Wrapped normal,50.0,test,86,0.062525389608886
Wrapped normal,50.0,test,87,0.0316237394230953
Wrapped normal,50.0,test,88,0.0438736747197196
Wrapped normal,50.0,test,89,0.037847074495583
Wrapped normal,50.0,test,90,0.0433858742059591
Wrapped normal,50.0,test,91,0.0270413396512778
Wrapped normal,50.0,test,92,0.0465719076673379
Wrapped normal,50.0,test,93,0.0292801749439718
Wrapped normal,50.0,test,94,0.02656767637747
Wrapped normal,50.0,test,95,0.0431120556010129
Wrapped normal,50.0,test,96,0.0257651250621296
Wrapped normal,50.0,test,97,0.038865455906741
Wrapped normal,50.0,test,98,0.0437394673229057
Complex Bingham,1.0,train,0,0.3074625943662194
Complex Bingham,1.0,train,1,0.2256869844742401
Complex Bingham,1.0,train,2,0.1604104581084121
Complex Bingham,1.0,train,3,0.184586462676744
Complex Bingham,1.0,train,4,0.280165005307406
Complex Bingham,1.0,train,5,0.251257512480836
Complex Bingham,1.0,train,6,0.2045407329894711
Complex Bingham,1.0,train,7,0.2232410324041412
Complex Bingham,1.0,train,8,0.2626067055088604
Complex Bingham,1.0,train,9,0.2939200846824142
Complex Bingham,1.0,train,10,0.2669315962623083
Complex Bingham,1.0,train,11,0.2771907229205346
Complex Bingham,1.0,train,12,0.253820667919446
Complex Bingham,1.0,train,13,0.3179559472696968
Complex Bingham,1.0,train,14,0.1839543143100795
Complex Bingham,1.0,train,15,0.2485054326759029
Complex Bingham,1.0,train,16,0.2849666211604684
Complex Bingham,1.0,train,17,0.1924067702845229
Complex Bingham,1.0,train,18,0.3289967787838982
Complex Bingham,1.0,train,19,0.1513689638333392
Complex Bingham,1.0,train,20,0.205804879168919
Complex Bingham,1.0,train,21,0.1978564143025885
Complex Bingham,1.0,train,22,0.2274417335201037
Complex Bingham,1.0,train,23,0.2677958384712869
Complex Bingham,1.0,train,24,0.3280774855239372
Complex Bingham,1.0,train,25,0.3435324348379144
Complex Bingham,1.0,train,26,0.2489932840043253
Complex Bingham,1.0,train,27,0.2480436242816346
Complex Bingham,1.0,train,28,0.2498968239687429
Complex Bingham,1.0,train,29,0.1742623428658245
Complex Bingham,1.0,train,30,0.2253723533395852
Complex Bingham,1.0,train,31,0.1860761072253246
Complex Bingham,1.0,train,32,0.262886949329712
Complex Bingham,1.0,train,33,0.2618873329036565
Complex Bingham,1.0,train,34,0.3193340426025997
Complex Bingham,1.0,train,35,0.2725004087928292
Complex Bingham,1.0,train,36,0.2342432561518414
Complex Bingham,1.0,train,37,0.2175182073670532
Complex Bingham,1.0,train,38,0.2064767778312298
Complex Bingham,1.0,train,39,0.2017170316545741
Complex Bingham,1.0,train,40,0.1856846850494262
Complex Bingham,1.0,train,41,0.245413297457005
Complex Bingham,1.0,train,42,0.148812701689837
Complex Bingham,1.0,train,43,0.2187280553448719
Complex Bingham,1.0,train,44,0.2729346770056429
Complex Bingham,1.0,train,45,0.2836216008331975
Complex Bingham,1.0,train,46,0.2117869386361537
Complex Bingham,1.0,train,47,0.1487025435948478
Complex Bingham,1.0,train,48,0.2797016693585872
Complex Bingham,1.0,train,49,0.2567179150310196
Complex Bingham,1.0,train,50,0.3026460683577919
Complex Bingham,1.0,train,51,0.1954186589346899
Complex Bingham,1.0,train,52,0.3040193610494048
Complex Bingham,1.0,train,53,0.2652690738721172
Complex Bingham,1.0,train,54,0.2158035792739072
Complex Bingham,1.0,train,55,0.2168743615545688
Complex Bingham,1.0,train,56,0.2499844881665171
Complex Bingham,1.0,train,57,0.3505566139882222
Complex Bingham,1.0,train,58,0.2205724129642862
Complex Bingham,1.0,train,59,0.1744364383930391
Complex Bingham,1.0,train,60,0.159255038954178
Complex Bingham,1.0,train,61,0.2362454200714744
Complex Bingham,1.0,train,62,0.1355240248941248
Complex Bingham,1.0,train,63,0.209251258930454
Complex Bingham,1.0,train,64,0.1905060996273966
Complex Bingham,1.0,train,65,0.2135589315745025
Complex Bingham,1.0,train,66,0.2132509228204659
Complex Bingham,1.0,train,67,0.2153424201614519
Complex Bingham,1.0,train,68,0.2538354928993667
Complex Bingham,1.0,train,69,0.3301930962105776
Complex Bingham,1.0,train,70,0.2832343664234626
Complex Bingham,1.0,train,71,0.2227508442201416
Complex Bingham,1.0,train,72,0.2098763876284328
Complex Bingham,1.0,train,73,0.2024437087242887
Complex Bingham,1.0,train,74,0.2902414805347193
Complex Bingham,1.0,train,75,0.163352697703139
Complex Bingham,1.0,train,76,0.2168037089334258
Complex Bingham,1.0,train,77,0.2130078839138276
Complex Bingham,1.0,train,78,0.242755192718434
Complex Bingham,1.0,train,79,0.2889543195585007
Complex Bingham,1.0,train,80,0.2008766414566815
Complex Bingham,1.0,train,81,0.2393070867176125
Complex Bingham,1.0,train,82,0.2015507952931707
Complex Bingham,1.0,train,83,0.1956029569212423
Complex Bingham,1.0,train,84,0.2283844658760098
Complex Bingham,1.0,train,85,0.2429581107901568
Complex Bingham,1.0,train,86,0.2389578257872003
Complex Bingham,1.0,train,87,0.3400279075244412
Complex Bingham,1.0,train,88,0.1797499037135324
Complex Bingham,1.0,train,89,0.2936057563296869
Complex Bingham,1.0,train,90,0.2338478287517119
Complex Bingham,1.0,train,91,0.2865271763892459
Complex Bingham,1.0,train,92,0.2020763985970247
Complex Bingham,1.0,train,93,0.2988812692702969
Complex Bingham,1.0,train,94,0.2487016395692346
Complex Bingham,1.0,train,95,0.2261813275846477
Complex Bingham,1.0,train,96,0.310253530726719
Complex Bingham,1.0,train,97,0.2441862202038855
Complex Bingham,1.0,train,98,0.2417401878232289
Complex Bingham,1.0,train,99,0.240431216467396
Complex Bingham,1.0,train,100,0.2651236479610712
Complex Bingham,1.0,train,101,0.1713439881776189
Complex Bingham,1.0,train,102,0.221148038971321
Complex Bingham,1.0,train,103,0.2037989885025996
Complex Bingham,1.0,train,104,0.2889105363549091
Complex Bingham,1.0,train,105,0.1935270903470723
Complex Bingham,1.0,train,106,0.2204586473531719
Complex Bingham,1.0,train,107,0.1611855370220802
Complex Bingham,1.0,train,108,0.2103689838611119
Complex Bingham,1.0,train,109,0.1979302031532931
Complex Bingham,1.0,train,110,0.252805235257669
Complex Bingham,1.0,train,111,0.2255875619449416
Complex Bingham,1.0,train,112,0.2843357049424728
Complex Bingham,1.0,train,113,0.2978917408014294
Complex Bingham,1.0,train,114,0.154985009593242
Complex Bingham,1.0,train,115,0.3024581495792051
Complex Bingham,1.0,train,116,0.3077771019385716
Complex Bingham,1.0,train,117,0.1802557732710118
Complex Bingham,1.0,train,118,0.3043075890284611
Complex Bingham,1.0,train,119,0.2904655095428631
Complex Bingham,1.0,train,120,0.1944790331540524
Complex Bingham,1.0,train,121,0.2052149969833676
Complex Bingham,1.0,train,122,0.2846159076874026
Complex Bingham,1.0,train,123,0.2301231998913702
Complex Bingham,1.0,train,124,0.2280771799744436
Complex Bingham,1.0,train,125,0.3212604402239204
Complex Bingham,1.0,train,126,0.2432355560320963
Complex Bingham,1.0,train,127,0.2600255419554629
Complex Bingham,1.0,train,128,0.18246756131706
Complex Bingham,1.0,train,129,0.3113733385893151
Complex Bingham,1.0,train,130,0.2361399734349694
Complex Bingham,1.0,train,131,0.1732094685067478
Complex Bingham,1.0,train,132,0.1653685215101782
Complex Bingham,1.0,train,133,0.2493860919084995
Complex Bingham,1.0,train,134,0.2210483675017295
Complex Bingham,1.0,train,135,0.264233760482424
Complex Bingham,1.0,train,136,0.2507016013665326
Complex Bingham,1.0,train,137,0.2880728627997601
Complex Bingham,1.0,train,138,0.2864002844590027
Complex Bingham,1.0,train,139,0.2778319065724329
Complex Bingham,1.0,train,140,0.2238745789059787
Complex Bingham,1.0,train,141,0.2068202633312676
Complex Bingham,1.0,train,142,0.1762348196034512
Complex Bingham,1.0,train,143,0.1819037905330677
Complex Bingham,1.0,train,144,0.3073308068922643
Complex Bingham,1.0,train,145,0.260219014714237
Complex Bingham,1.0,train,146,0.2067785168339598
Complex Bingham,1.0,train,147,0.2617384214516989
Complex Bingham,1.0,train,148,0.2267503606203151
Complex Bingham,1.0,train,149,0.274693476384206
Complex Bingham,1.0,train,150,0.2573895652346408
Complex Bingham,1.0,train,151,0.2858978168981317
Complex Bingham,1.0,train,152,0.2148013465887128
Complex Bingham,1.0,train,153,0.2168746339714758
Complex Bingham,1.0,train,154,0.2819421985515655
Complex Bingham,1.0,test,0,0.2014896265407052
Complex Bingham,1.0,test,1,0.2938435402110255
Complex Bingham,1.0,test,2,0.2574064774131642
Complex Bingham,1.0,test,3,0.2321610731103893
Complex Bingham,1.0,test,4,0.2235185266814673
Complex Bingham,1.0,test,5,0.2521298595150039
Complex Bingham,1.0,test,6,0.1776494053705654
Complex Bingham,1.0,test,7,0.2632003664349869
Complex Bingham,1.0,test,8,0.2823324062697857
Complex Bingham,1.0,test,9,0.2558455108760949
Complex Bingham,1.0,test,10,0.2546881625992773
Complex Bingham,1.0,test,11,0.2115358791870691
Complex Bingham,1.0,test,12,0.2511880106692674
Complex Bingham,1.0,test,13,0.2713628529050736
Complex Bingham,1.0,test,14,0.2562700983640264
Complex Bingham,1.0,test,15,0.2477992623420693
Complex Bingham,1.0,test,16,0.241588660941516
Complex Bingham,1.0,test,17,0.2109441915270408
Complex Bingham,1.0,test,18,0.2116773709916055
Complex Bingham,1.0,test,19,0.2771789072046084
Complex Bingham,1.0,test,20,0.232443466717401
Complex Bingham,1.0,test,21,0.2566506360893406
Complex Bingham,1.0,test,22,0.2681161131321335
Complex Bingham,1.0,test,23,0.2337686687252184
Complex Bingham,1.0,test,24,0.1869892852884581
Complex Bingham,1.0,test,25,0.2555324209864594
Complex Bingham,1.0,test,26,0.190373261174226
Complex Bingham,1.0,test,27,0.2300475160461689
Complex Bingham,1.0,test,28,0.2919504978731285
Complex Bingham,1.0,test,29,0.246778177909587
Complex Bingham,1.0,test,30,0.3039665938512757
Complex Bingham,1.0,test,31,0.2377517141091498
Complex Bingham,1.0,test,32,0.2049935935803605
Complex Bingham,1.0,test,33,0.228449477927644
Complex Bingham,1.0,test,34,0.2121101808931141
Complex Bingham,1.0,test,35,0.2425971356944881
Complex Bingham,1.0,test,36,0.197480394990879
Complex Bingham,1.0,test,37,0.2494086996026506
Complex Bingham,1.0,test,38,0.19651089783997
Complex Bingham,1.0,test,39,0.2542816959703338
Complex Bingham,1.0,test,40,0.281128618912576
Complex Bingham,1.0,test,41,0.262598068790991
Complex Bingham,1.0,test,42,0.3258958908424186
Complex Bingham,1.0,test,43,0.237472840927921
Complex Bingham,1.0,test,44,0.2549527188934208
Complex Bingham,1.0,test,45,0.1923542678699279
Complex Bingham,1.0,test,46,0.2251168389452008
Complex Bingham,1.0,test,47,0.2105995036749901
Complex Bingham,1.0,test,48,0.2452064711206747
Complex Bingham,1.0,test,49,0.2182754016587938
Complex Bingham,1.0,test,50,0.2184272647149467
Complex Bingham,1.0,test,51,0.2036751640705333
Complex Bingham,1.0,test,52,0.2404954602657368
Complex Bingham,1.0,test,53,0.2998809019947649
Complex Bingham,1.0,test,54,0.2890907692698993
Complex Bingham,1.0,test,55,0.2924721274841642
Complex Bingham,1.0,test,56,0.2395053503957657
Complex Bingham,1.0,test,57,0.2893648182239671
Complex Bingham,1.0,test,58,0.245440361437723
Complex Bingham,1.0,test,59,0.2599433789824513
Complex Bingham,1.0,test,60,0.2391678038277355
Complex Bingham,1.0,test,61,0.1892997294211902
Complex Bingham,1.0,test,62,0.208149424671957
Complex Bingham,1.0,test,63,0.2930008119031441
Complex Bingham,1.0,test,64,0.2399974560854903
Complex Bingham,1.0,test,65,0.2396881562055309
Complex Bingham,1.0,test,66,0.174814463999149
Complex Bingham,1.0,test,67,0.2221151342805617
Complex Bingham,1.0,test,68,0.3131679932744253
Complex Bingham,1.0,test,69,0.2862031442984859
Complex Bingham,1.0,test,70,0.1856526410857824
Complex Bingham,1.0,test,71,0.1865338636164314
Complex Bingham,1.0,test,72,0.2376935053936874
Complex Bingham,1.0,test,73,0.1843065500110441
Complex Bingham,1.0,test,74,0.2972775886690328
Complex Bingham,1.0,test,75,0.30283996304831
Complex Bingham,1.0,test,76,0.2388397441892135
Complex Bingham,1.0,test,77,0.2624152668034531
Complex Bingham,1.0,test,78,0.2460614523941674
Complex Bingham,1.0,test,79,0.2464931995471069
Complex Bingham,1.0,test,80,0.1605994569774749
Complex Bingham,1.0,test,81,0.2868079910981232
Complex Bingham,1.0,test,82,0.2507727562075242
Complex Bingham,1.0,test,83,0.237791038739932
Complex Bingham,1.0,test,84,0.2270802684221496
Complex Bingham,1.0,test,85,0.2469605436226234
Complex Bingham,1.0,test,86,0.248708770666361
Complex Bingham,1.0,test,87,0.2308824319738859
Complex Bingham,1.0,test,88,0.2013380224329412
Complex Bingham,1.0,test,89,0.2263315132862562
Complex Bingham,1.0,test,90,0.2410272258066721
Complex Bingham,1.0,test,91,0.200014495477774
Complex Bingham,1.0,test,92,0.2733426584526796
Complex Bingham,1.0,test,93,0.2944155186689319
Complex Bingham,1.0,test,94,0.281482547932082
Complex Bingham,1.0,test,95,0.2424776746364553
Complex Bingham,1.0,test,96,0.2555756175955539
Complex Bingham,1.0,test,97,0.1225364825222673
Complex Bingham,1.0,test,98,0.2267382018917745
Complex Bingham,5.0,train,0,0.368821240427171
Complex Bingham,5.0,train,1,0.3056659517887963
Complex Bingham,5.0,train,2,0.3483743118194659
Complex Bingham,5.0,train,3,0.3727597542255279
Complex Bingham,5.0,train,4,0.3526266781916323
Complex Bingham,5.0,train,5,0.3289255963569334
Complex Bingham,5.0,train,6,0.4411141143339342
Complex Bingham,5.0,train,7,0.4530575060304888
Complex Bingham,5.0,train,8,0.3636158404054782
Complex Bingham,5.0,train,9,0.3712098255411671
Complex Bingham,5.0,train,10,0.4058280398437786
Complex Bingham,5.0,train,11,0.3998830969983074
Complex Bingham,5.0,train,12,0.3788508257720629
Complex Bingham,5.0,train,13,0.2599258021235885
Complex Bingham,5.0,train,14,0.3530459369765811
Complex Bingham,5.0,train,15,0.2782443096255408
Complex Bingham,5.0,train,16,0.3625661652726517
Complex Bingham,5.0,train,17,0.3711784678085139
Complex Bingham,5.0,train,18,0.3600169765029544
Complex Bingham,5.0,train,19,0.5020390925688029
Complex Bingham,5.0,train,20,0.3854277077300034
Complex Bingham,5.0,train,21,0.3021533276984393
Complex Bingham,5.0,train,22,0.4274123398256182
Complex Bingham,5.0,train,23,0.3071715897021309
Complex Bingham,5.0,train,24,0.4481901208498068
Complex Bingham,5.0,train,25,0.4537020165091778
Complex Bingham,5.0,train,26,0.5454862266580777
Complex Bingham,5.0,train,27,0.4271937685295932
Complex Bingham,5.0,train,28,0.4187660552418189
Complex Bingham,5.0,train,29,0.2347723219008007
Complex Bingham,5.0,train,30,0.4412367894157582
Complex Bingham,5.0,train,31,0.3874862172362456
Complex Bingham,5.0,train,32,0.3460396006535045
Complex Bingham,5.0,train,33,0.4933640674475562
Complex Bingham,5.0,train,34,0.4576489905842917
Complex Bingham,5.0,train,35,0.3051792888133318
Complex Bingham,5.0,train,36,0.3058405584034682
Complex Bingham,5.0,train,37,0.3412804756731416
Complex Bingham,5.0,train,38,0.4098478314653476
Complex Bingham,5.0,train,39,0.380003275151251
Complex Bingham,5.0,train,40,0.3642857520827992
Complex Bingham,5.0,train,41,0.2345913932048141
Complex Bingham,5.0,train,42,0.5411010438742344
Complex Bingham,5.0,train,43,0.3174482994779189
Complex Bingham,5.0,train,44,0.4336673330264726
Complex Bingham,5.0,train,45,0.4182753620337859
Complex Bingham,5.0,train,46,0.4064757513894331
Complex Bingham,5.0,train,47,0.3792249320317006
Complex Bingham,5.0,train,48,0.271945470084436
Complex Bingham,5.0,train,49,0.4349875037463102
Complex Bingham,5.0,train,50,0.3696633401463128
Complex Bingham,5.0,train,51,0.3909900510225979
Complex Bingham,5.0,train,52,0.4258350346328132
Complex Bingham,5.0,train,53,0.3384569513342537
Complex Bingham,5.0,train,54,0.4811614105970667
Complex Bingham,5.0,train,55,0.4122558268334692
Complex Bingham,5.0,train,56,0.381940900982335
Complex Bingham,5.0,train,57,0.4527990388801245
Complex Bingham,5.0,train,58,0.3830520270915701
Complex Bingham,5.0,train,59,0.512152071122938
Complex Bingham,5.0,train,60,0.2480835413055992
Complex Bingham,5.0,train,61,0.4854730264328799
Complex Bingham,5.0,train,62,0.4292245720187866
Complex Bingham,5.0,train,63,0.4908202825819436
Complex Bingham,5.0,train,64,0.4239509737943394
Complex Bingham,5.0,train,65,0.4658927341196212
Complex Bingham,5.0,train,66,0.282473161186734
Complex Bingham,5.0,train,67,0.348527518163316
Complex Bingham,5.0,train,68,0.449223166659797
Complex Bingham,5.0,train,69,0.3427195359668112
Complex Bingham,5.0,train,70,0.4654700417824056
Complex Bingham,5.0,train,71,0.2614917823731807
Complex Bingham,5.0,train,72,0.3244566312591079
Complex Bingham,5.0,train,73,0.3048696403193067
Complex Bingham,5.0,train,74,0.4715497417195148
Complex Bingham,5.0,train,75,0.3403375349268911
Complex Bingham,5.0,train,76,0.2761272550353884
Complex Bingham,5.0,train,77,0.4429970075151927
Complex Bingham,5.0,train,78,0.3493206686643408
Complex Bingham,5.0,train,79,0.4195561259222979
Complex Bingham,5.0,train,80,0.3956646985995814
Complex Bingham,5.0,train,81,0.4120814990093844
Complex Bingham,5.0,train,82,0.4291403998846844
Complex Bingham,5.0,train,83,0.3298762666313786
Complex Bingham,5.0,train,84,0.4350420423668423
Complex Bingham,5.0,train,85,0.4019073657794147
Complex Bingham,5.0,train,86,0.3714966763745743
Complex Bingham,5.0,train,87,0.5665044010395106
Complex Bingham,5.0,train,88,0.4088599821361718
Complex Bingham,5.0,train,89,0.3234023323252191
Complex Bingham,5.0,train,90,0.3808510592978995
Complex Bingham,5.0,train,91,0.4053671135878611
Complex Bingham,5.0,train,92,0.3750959913396471
Complex Bingham,5.0,train,93,0.4186203517405335
Complex Bingham,5.0,train,94,0.3776085521972575
Complex Bingham,5.0,train,95,0.3205745730293545
Complex Bingham,5.0,train,96,0.408976118691486
Complex Bingham,5.0,train,97,0.3753102062675863
Complex Bingham,5.0,train,98,0.2764797571362733
Complex Bingham,5.0,train,99,0.3195844618502927
Complex Bingham,5.0,train,100,0.3976290341477249
Complex Bingham,5.0,train,101,0.3840865726674936
Complex Bingham,5.0,train,102,0.413053096925067
Complex Bingham,5.0,train,103,0.2413808943540251
Complex Bingham,5.0,train,104,0.4485131323390099
Complex Bingham,5.0,train,105,0.3343366455061746
Complex Bingham,5.0,train,106,0.3441035926443842
Complex Bingham,5.0,train,107,0.3588436610204391
Complex Bingham,5.0,train,108,0.3165708000935259
Complex Bingham,5.0,train,109,0.3796668437539658
Complex Bingham,5.0,train,110,0.3370613098224961
Complex Bingham,5.0,train,111,0.4373925354936515
Complex Bingham,5.0,train,112,0.4589649155884139
Complex Bingham,5.0,train,113,0.4930634824889307
Complex Bingham,5.0,train,114,0.3568769004260212
Complex Bingham,5.0,train,115,0.3904365432046703
Complex Bingham,5.0,train,116,0.3806221465904422
Complex Bingham,5.0,train,117,0.4450886502213279
Complex Bingham,5.0,train,118,0.4240390065435038
Complex Bingham,5.0,train,119,0.3986419329465497
Complex Bingham,5.0,train,120,0.3973190797288841
Complex Bingham,5.0,train,121,0.4192499231054045
Complex Bingham,5.0,train,122,0.3850484037327045
Complex Bingham,5.0,train,123,0.3806009290092139
Complex Bingham,5.0,train,124,0.2965892387298439
Complex Bingham,5.0,train,125,0.4776791876992178
Complex Bingham,5.0,train,126,0.5105904561945659
Complex Bingham,5.0,train,127,0.2892709665576601
Complex Bingham,5.0,train,128,0.315131493642112
Complex Bingham,5.0,train,129,0.4939885201938624
Complex Bingham,5.0,train,130,0.3557898475096934
Complex Bingham,5.0,train,131,0.3082025908723252
Complex Bingham,5.0,train,132,0.3512894142964423
Complex Bingham,5.0,train,133,0.420530468991791
Complex Bingham,5.0,train,134,0.4722453216963977
Complex Bingham,5.0,train,135,0.3867182941413281
Complex Bingham,5.0,train,136,0.3388452303130252
Complex Bingham,5.0,train,137,0.3284240548767964
Complex Bingham,5.0,train,138,0.4146295215995333
Complex Bingham,5.0,train,139,0.4780041279793005
Complex Bingham,5.0,train,140,0.4221284330349026
Complex Bingham,5.0,train,141,0.2700626158735439
Complex Bingham,5.0,train,142,0.4156943744785896
Complex Bingham,5.0,train,143,0.3860937162962546
Complex Bingham,5.0,train,144,0.3844240509376855
Complex Bingham,5.0,train,145,0.3929990902397244
Complex Bingham,5.0,train,146,0.3621097990785186
Complex Bingham,5.0,train,147,0.4403602294250865
Complex Bingham,5.0,train,148,0.2932956707765306
Complex Bingham,5.0,train,149,0.3344585915925589
Complex Bingham,5.0,train,150,0.32306890246806
Complex Bingham,5.0,train,151,0.3530050509170905
Complex Bingham,5.0,train,152,0.2633488404883278
Complex Bingham,5.0,train,153,0.4043366819807993
Complex Bingham,5.0,train,154,0.4579910943656165
Complex Bingham,5.0,test,0,0.300831738249993
Complex Bingham,5.0,test,1,0.4447413945966049
Complex Bingham,5.0,test,2,0.3671089941104515
Complex Bingham,5.0,test,3,0.3436841863213417
Complex Bingham,5.0,test,4,0.2988535231174445
Complex Bingham,5.0,test,5,0.4280174835575876
Complex Bingham,5.0,test,6,0.3286029883687934
Complex Bingham,5.0,test,7,0.2585536756852715
Complex Bingham,5.0,test,8,0.4834172892262097
Complex Bingham,5.0,test,9,0.4257074168559158
Complex Bingham,5.0,test,10,0.3941952407509949
Complex Bingham,5.0,test,11,0.3056953307294794
Complex Bingham,5.0,test,12,0.3817552851563678
Complex Bingham,5.0,test,13,0.4155888030600463
Complex Bingham,5.0,test,14,0.4198676852668148
Complex Bingham,5.0,test,15,0.353380735913188
Complex Bingham,5.0,test,16,0.2255569114491292
Complex Bingham,5.0,test,17,0.3582836016662611
Complex Bingham,5.0,test,18,0.4542219711486158
Complex Bingham,5.0,test,19,0.4680208625238236
Complex Bingham,5.0,test,20,0.3103625214598354
Complex Bingham,5.0,test,21,0.3193009228384156
Complex Bingham,5.0,test,22,0.4640466203795532
Complex Bingham,5.0,test,23,0.4153312761739315
Complex Bingham,5.0,test,24,0.4353938734246775
Complex Bingham,5.0,test,25,0.4038629623368497
Complex Bingham,5.0,test,26,0.4571911697636118
Complex Bingham,5.0,test,27,0.3576371679919792
Complex Bingham,5.0,test,28,0.430213922772809
Complex Bingham,5.0,test,29,0.4181385619648374
Complex Bingham,5.0,test,30,0.4865727438962325
Complex Bingham,5.0,test,31,0.3323424193741509
Complex Bingham,5.0,test,32,0.406156918415917
Complex Bingham,5.0,test,33,0.348316457806464
Complex Bingham,5.0,test,34,0.358449919309206
Complex Bingham,5.0,test,35,0.3990751487946992
Complex Bingham,5.0,test,36,0.2502681331101646
Complex Bingham,5.0,test,37,0.3909790689258546
Complex Bingham,5.0,test,38,0.345934664729667
Complex Bingham,5.0,test,39,0.4720562690826925
Complex Bingham,5.0,test,40,0.421552623586116
Complex Bingham,5.0,test,41,0.3105661041959537
Complex Bingham,5.0,test,42,0.3595569809700508
Complex Bingham,5.0,test,43,0.3546667186160112
Complex Bingham,5.0,test,44,0.423733172362928
Complex Bingham,5.0,test,45,0.4560603715397461
Complex Bingham,5.0,test,46,0.3965742022329037
Complex Bingham,5.0,test,47,0.2633011092612839
Complex Bingham,5.0,test,48,0.3663649364587473
Complex Bingham,5.0,test,49,0.4662028214807581
Complex Bingham,5.0,test,50,0.3560644118781239
Complex Bingham,5.0,test,51,0.2898641428276066
Complex Bingham,5.0,test,52,0.408523494312499
Complex Bingham,5.0,test,53,0.4084398355619269
Complex Bingham,5.0,test,54,0.4547437079667772
Complex Bingham,5.0,test,55,0.4222799541732018
Complex Bingham,5.0,test,56,0.4996738767845908
Complex Bingham,5.0,test,57,0.486048095873956
Complex Bingham,5.0,test,58,0.4564483937085579
Complex Bingham,5.0,test,59,0.3115731248185672
Complex Bingham,5.0,test,60,0.2910795920712705
Complex Bingham,5.0,test,61,0.292337186635163
Complex Bingham,5.0,test,62,0.3516133109983713
Complex Bingham,5.0,test,63,0.3953850524136255
Complex Bingham,5.0,test,64,0.4528999478962208
Complex Bingham,5.0,test,65,0.4102310191164175
Complex Bingham,5.0,test,66,0.3954732504831181
Complex Bingham,5.0,test,67,0.5034314950952532
Complex Bingham,5.0,test,68,0.3898900030614346
Complex Bingham,5.0,test,69,0.3450910399598574
Complex Bingham,5.0,test,70,0.319157974712429
Complex Bingham,5.0,test,71,0.3585518510012282
Complex Bingham,5.0,test,72,0.2542439804904781
Complex Bingham,5.0,test,73,0.3895290561645234
Complex Bingham,5.0,test,74,0.4365063938564586
Complex Bingham,5.0,test,75,0.2883087688419167
Complex Bingham,5.0,test,76,0.3818805535891585
Complex Bingham,5.0,test,77,0.2749222008841141
Complex Bingham,5.0,test,78,0.4486292117789516
Complex Bingham,5.0,test,79,0.3611573124516576
Complex Bingham,5.0,test,80,0.2416689295255773
Complex Bingham,5.0,test,81,0.5101049382552818
Complex Bingham,5.0,test,82,0.4755481164149731
Complex Bingham,5.0,test,83,0.2873847399547061
Complex Bingham,5.0,test,84,0.3153917393816269
Complex Bingham,5.0,test,85,0.3141212569163227
Complex Bingham,5.0,test,86,0.3264597734197018
Complex Bingham,5.0,test,87,0.3720499973976017
Complex Bingham,5.0,test,88,0.3715302213710503
Complex Bingham,5.0,test,89,0.3228440634099816
Complex Bingham,5.0,test,90,0.3123048344814385
Complex Bingham,5.0,test,91,0.3779356058974316
Complex Bingham,5.0,test,92,0.337705955656961
Complex Bingham,5.0,test,93,0.3721576277896902
Complex Bingham,5.0,test,94,0.3465136883264917
Complex Bingham,5.0,test,95,0.3157734765733983
Complex Bingham,5.0,test,96,0.3629760296478737
Complex Bingham,5.0,test,97,0.3016478328238632
Complex Bingham,5.0,test,98,0.460475644577541
Complex Bingham,10.0,train,0,0.3739571160390038
Complex Bingham,10.0,train,1,0.3915777603868958
Complex Bingham,10.0,train,2,0.3696435513153721
Complex Bingham,10.0,train,3,0.3709855863623226
Complex Bingham,10.0,train,4,0.6050674183557507
Complex Bingham,10.0,train,5,0.4181938049644624
Complex Bingham,10.0,train,6,0.4773536890324548
Complex Bingham,10.0,train,7,0.5060358829696915
Complex Bingham,10.0,train,8,0.4496621095140348
Complex Bingham,10.0,train,9,0.5376808577945611
Complex Bingham,10.0,train,10,0.46840566008027
Complex Bingham,10.0,train,11,0.4946683925079418
Complex Bingham,10.0,train,12,0.6131172108134224
Complex Bingham,10.0,train,13,0.3253911100487174
Complex Bingham,10.0,train,14,0.4858743453876167
Complex Bingham,10.0,train,15,0.5056860828488037
Complex Bingham,10.0,train,16,0.5369442598317792
Complex Bingham,10.0,train,17,0.4722050169311023
Complex Bingham,10.0,train,18,0.4861962896579017
Complex Bingham,10.0,train,19,0.6788416429331945
Complex Bingham,10.0,train,20,0.4863817112274786
Complex Bingham,10.0,train,21,0.4291250308909313
Complex Bingham,10.0,train,22,0.4342633052246465
Complex Bingham,10.0,train,23,0.4704523271478475
Complex Bingham,10.0,train,24,0.5649708830119378
Complex Bingham,10.0,train,25,0.5711309096870699
Complex Bingham,10.0,train,26,0.690699613735664
Complex Bingham,10.0,train,27,0.5196789274420335
Complex Bingham,10.0,train,28,0.5616264437070734
Complex Bingham,10.0,train,29,0.2363741608023691
Complex Bingham,10.0,train,30,0.4863913994766572
Complex Bingham,10.0,train,31,0.4346148067315984
Complex Bingham,10.0,train,32,0.4952004549620591
Complex Bingham,10.0,train,33,0.6078870851838589
Complex Bingham,10.0,train,34,0.5860841765685704
Complex Bingham,10.0,train,35,0.3900005911362014
Complex Bingham,10.0,train,36,0.3654205740458114
Complex Bingham,10.0,train,37,0.5062694074182896
Complex Bingham,10.0,train,38,0.4102110257362781
Complex Bingham,10.0,train,39,0.5948660070070195
Complex Bingham,10.0,train,40,0.5110834395759343
Complex Bingham,10.0,train,41,0.2522186368062326
Complex Bingham,10.0,train,42,0.512391987836901
Complex Bingham,10.0,train,43,0.3623895827358512
Complex Bingham,10.0,train,44,0.5316997712003106
Complex Bingham,10.0,train,45,0.5305673107489586
Complex Bingham,10.0,train,46,0.4322004991229755
Complex Bingham,10.0,train,47,0.5063127737925432
Complex Bingham,10.0,train,48,0.4010257203478386
Complex Bingham,10.0,train,49,0.5554056267675302
Complex Bingham,10.0,train,50,0.506113737132576
Complex Bingham,10.0,train,51,0.429885634818047
Complex Bingham,10.0,train,52,0.5195617311779229
Complex Bingham,10.0,train,53,0.4111323374354296
Complex Bingham,10.0,train,54,0.5331940309369706
Complex Bingham,10.0,train,55,0.4768039521616667
Complex Bingham,10.0,train,56,0.3884075551502098
Complex Bingham,10.0,train,57,0.5535940536677536
Complex Bingham,10.0,train,58,0.5327124511454909
Complex Bingham,10.0,train,59,0.5286840143463409
Complex Bingham,10.0,train,60,0.5054600266624877
Complex Bingham,10.0,train,61,0.5725916927843688
Complex Bingham,10.0,train,62,0.46039168401116
Complex Bingham,10.0,train,63,0.6525558064611243
Complex Bingham,10.0,train,64,0.4981020423866597
Complex Bingham,10.0,train,65,0.7170901398054436
Complex Bingham,10.0,train,66,0.487836583556725
Complex Bingham,10.0,train,67,0.4660812855527437
Complex Bingham,10.0,train,68,0.6081744732003844
Complex Bingham,10.0,train,69,0.4749642736765725
Complex Bingham,10.0,train,70,0.570539084811141
Complex Bingham,10.0,train,71,0.2628870269137677
Complex Bingham,10.0,train,72,0.3932566671518268
Complex Bingham,10.0,train,73,0.4658427247515307
Complex Bingham,10.0,train,74,0.6004578343132945
Complex Bingham,10.0,train,75,0.3178650306442018
Complex Bingham,10.0,train,76,0.3875491785116512
Complex Bingham,10.0,train,77,0.5608411665452229
Complex Bingham,10.0,train,78,0.5918468381767502
Complex Bingham,10.0,train,79,0.5429977713077938
Complex Bingham,10.0,train,80,0.4607321276518806
Complex Bingham,10.0,train,81,0.3841594377983788
Complex Bingham,10.0,train,82,0.5222288136875795
Complex Bingham,10.0,train,83,0.4835709155592871
Complex Bingham,10.0,train,84,0.4475572027972289
Complex Bingham,10.0,train,85,0.4482685670568411
Complex Bingham,10.0,train,86,0.4092505464468376
Complex Bingham,10.0,train,87,0.6460490038735663
Complex Bingham,10.0,train,88,0.4414703798813526
Complex Bingham,10.0,train,89,0.5166696448417901
Complex Bingham,10.0,train,90,0.5031013746894568
Complex Bingham,10.0,train,91,0.4139213517509006
Complex Bingham,10.0,train,92,0.572179288455348
Complex Bingham,10.0,train,93,0.4733194814905359
Complex Bingham,10.0,train,94,0.4960334223935184
Complex Bingham,10.0,train,95,0.4552770959407721
Complex Bingham,10.0,train,96,0.5260611133570403
Complex Bingham,10.0,train,97,0.5076157490624653
Complex Bingham,10.0,train,98,0.2857950609782047
Complex Bingham,10.0,train,99,0.2891837722846277
Complex Bingham,10.0,train,100,0.4720419243521472
Complex Bingham,10.0,train,101,0.4626304891613694
Complex Bingham,10.0,train,102,0.4805969860963184
Complex Bingham,10.0,train,103,0.3913654869961787
Complex Bingham,10.0,train,104,0.596264701351738
Complex Bingham,10.0,train,105,0.3622265161236417
Complex Bingham,10.0,train,106,0.5699499984608936
Complex Bingham,10.0,train,107,0.3956601466616314
Complex Bingham,10.0,train,108,0.4757184962485941
Complex Bingham,10.0,train,109,0.5086033224745856
Complex Bingham,10.0,train,110,0.4879340698784696
Complex Bingham,10.0,train,111,0.5250865468256162
Complex Bingham,10.0,train,112,0.5907139139726004
Complex Bingham,10.0,train,113,0.568057728441953
Complex Bingham,10.0,train,114,0.4287200683391861
Complex Bingham,10.0,train,115,0.5362414514775838
Complex Bingham,10.0,train,116,0.4694159787742967
Complex Bingham,10.0,train,117,0.5412551654884905
Complex Bingham,10.0,train,118,0.48068131936815
Complex Bingham,10.0,train,119,0.5897950630979606
Complex Bingham,10.0,train,120,0.5191935869887014
Complex Bingham,10.0,train,121,0.524616936899089
Complex Bingham,10.0,train,122,0.5723628956818534
Complex Bingham,10.0,train,123,0.4575067039018279
Complex Bingham,10.0,train,124,0.4523708730133582
Complex Bingham,10.0,train,125,0.6118150770908033
Complex Bingham,10.0,train,126,0.7066991183467866
Complex Bingham,10.0,train,127,0.3841145785263429
Complex Bingham,10.0,train,128,0.4464588327233836
Complex Bingham,10.0,train,129,0.6499205875141393
Complex Bingham,10.0,train,130,0.4331924804303499
Complex Bingham,10.0,train,131,0.3872420856635559
Complex Bingham,10.0,train,132,0.6287276566084151
Complex Bingham,10.0,train,133,0.5470279231236552
Complex Bingham,10.0,train,134,0.6180022429389562
Complex Bingham,10.0,train,135,0.6415155269261381
Complex Bingham,10.0,train,136,0.4559800772269397
Complex Bingham,10.0,train,137,0.4103421472338366
Complex Bingham,10.0,train,138,0.5298840056497169
Complex Bingham,10.0,train,139,0.651837120926075
Complex Bingham,10.0,train,140,0.4882202096723889
Complex Bingham,10.0,train,141,0.4423809126023671
Complex Bingham,10.0,train,142,0.5207376962914171
Complex Bingham,10.0,train,143,0.4744967686981229
Complex Bingham,10.0,train,144,0.4178661507501248
Complex Bingham,10.0,train,145,0.5033697410670279
Complex Bingham,10.0,train,146,0.4846787709429181
Complex Bingham,10.0,train,147,0.5080187085550658
Complex Bingham,10.0,train,148,0.4425182926408912
Complex Bingham,10.0,train,149,0.5191030092877637
Complex Bingham,10.0,train,150,0.5347096311941859
Complex Bingham,10.0,train,151,0.4993860326400721
Complex Bingham,10.0,train,152,0.3279768728028328
Complex Bingham,10.0,train,153,0.5623001026518877
Complex Bingham,10.0,train,154,0.5302845942667239
Complex Bingham,10.0,test,0,0.3706429062183269
Complex Bingham,10.0,test,1,0.5136847232985342
Complex Bingham,10.0,test,2,0.4747788537086387
Complex Bingham,10.0,test,3,0.3830505021335397
Complex Bingham,10.0,test,4,0.392382404209475
Complex Bingham,10.0,test,5,0.6254961096260945
Complex Bingham,10.0,test,6,0.4044809130175557
Complex Bingham,10.0,test,7,0.3335715651773925
Complex Bingham,10.0,test,8,0.5616984068987183
Complex Bingham,10.0,test,9,0.4787999117868622
Complex Bingham,10.0,test,10,0.5997638173456368
Complex Bingham,10.0,test,11,0.5064919138759747
Complex Bingham,10.0,test,12,0.504144973720521
Complex Bingham,10.0,test,13,0.3970487950139714
Complex Bingham,10.0,test,14,0.6230969999239648
Complex Bingham,10.0,test,15,0.508355937678471
Complex Bingham,10.0,test,16,0.3017905248888348
Complex Bingham,10.0,test,17,0.390505131319245
Complex Bingham,10.0,test,18,0.5533410159706369
Complex Bingham,10.0,test,19,0.502301730847288
Complex Bingham,10.0,test,20,0.3705474107197769
Complex Bingham,10.0,test,21,0.4215976767204127
Complex Bingham,10.0,test,22,0.5280406027775902
Complex Bingham,10.0,test,23,0.555613617626272
Complex Bingham,10.0,test,24,0.4708089193025069
Complex Bingham,10.0,test,25,0.5511839480559466
Complex Bingham,10.0,test,26,0.5160327290798886
Complex Bingham,10.0,test,27,0.4718574464931029
Complex Bingham,10.0,test,28,0.53605868974053
Complex Bingham,10.0,test,29,0.656674777679318
Complex Bingham,10.0,test,30,0.5715807773065686
Complex Bingham,10.0,test,31,0.4260516555500834
Complex Bingham,10.0,test,32,0.5383616342769602
Complex Bingham,10.0,test,33,0.4388544292847069
Complex Bingham,10.0,test,34,0.4384735628526017
Complex Bingham,10.0,test,35,0.5506981637640067
Complex Bingham,10.0,test,36,0.282667558700065
Complex Bingham,10.0,test,37,0.5031810274099471
Complex Bingham,10.0,test,38,0.3599712046871611
Complex Bingham,10.0,test,39,0.4703616652072143
Complex Bingham,10.0,test,40,0.5769563442760813
Complex Bingham,10.0,test,41,0.4286645045764335
Complex Bingham,10.0,test,42,0.5194403759209061
Complex Bingham,10.0,test,43,0.4299815080310412
Complex Bingham,10.0,test,44,0.4906541189932881
Complex Bingham,10.0,test,45,0.5148228383160661
Complex Bingham,10.0,test,46,0.4915775942944889
Complex Bingham,10.0,test,47,0.4047712788725439
Complex Bingham,10.0,test,48,0.4600938318741006
Complex Bingham,10.0,test,49,0.5305637870087139
Complex Bingham,10.0,test,50,0.4527077269153042
Complex Bingham,10.0,test,51,0.4607648759652813
Complex Bingham,10.0,test,52,0.3861129762853223
Complex Bingham,10.0,test,53,0.4581341511760368
Complex Bingham,10.0,test,54,0.5077103795371293
Complex Bingham,10.0,test,55,0.4875767825623351
Complex Bingham,10.0,test,56,0.5191136514663705
Complex Bingham,10.0,test,57,0.5302610064375852
Complex Bingham,10.0,test,58,0.5952265236328603
Complex Bingham,10.0,test,59,0.3787952975691371
Complex Bingham,10.0,test,60,0.3653197276868004
Complex Bingham,10.0,test,61,0.3645410433831682
Complex Bingham,10.0,test,62,0.5195336100764212
Complex Bingham,10.0,test,63,0.4766829934249951
Complex Bingham,10.0,test,64,0.5317164054799356
Complex Bingham,10.0,test,65,0.4173721701303842
Complex Bingham,10.0,test,66,0.48127676441322
Complex Bingham,10.0,test,67,0.5686938546407544
Complex Bingham,10.0,test,68,0.3909558175223466
Complex Bingham,10.0,test,69,0.4676335647475014
Complex Bingham,10.0,test,70,0.4536194013172983
Complex Bingham,10.0,test,71,0.4763004968248718
Complex Bingham,10.0,test,72,0.3141401845935047
Complex Bingham,10.0,test,73,0.4933259087008488
Complex Bingham,10.0,test,74,0.5803107279670404
Complex Bingham,10.0,test,75,0.4117944208926651
Complex Bingham,10.0,test,76,0.5075467329931641
Complex Bingham,10.0,test,77,0.3106046009693138
Complex Bingham,10.0,test,78,0.4794965501837275
Complex Bingham,10.0,test,79,0.4926741003675473
Complex Bingham,10.0,test,80,0.2806780622175242
Complex Bingham,10.0,test,81,0.6161383653335412
Complex Bingham,10.0,test,82,0.5472102958773207
Complex Bingham,10.0,test,83,0.4967348624881856
Complex Bingham,10.0,test,84,0.4322065628248756
Complex Bingham,10.0,test,85,0.444209743976788
Complex Bingham,10.0,test,86,0.3977550979507048
Complex Bingham,10.0,test,87,0.5470933147474702
Complex Bingham,10.0,test,88,0.6122994066330563
Complex Bingham,10.0,test,89,0.4239714589140247
Complex Bingham,10.0,test,90,0.4545123643760639
Complex Bingham,10.0,test,91,0.4551525083937788
Complex Bingham,10.0,test,92,0.3465863362537975
Complex Bingham,10.0,test,93,0.4682042230640094
Complex Bingham,10.0,test,94,0.4039540191041915
Complex Bingham,10.0,test,95,0.3625034187119123
Complex Bingham,10.0,test,96,0.4718363357596275
Complex Bingham,10.0,test,97,0.3657648880570583
Complex Bingham,10.0,test,98,0.5444530541816643
Complex Bingham,25.0,train,0,0.5004320532328717
Complex Bingham,25.0,train,1,0.4843960296342726
Complex Bingham,25.0,train,2,0.4439235872456625
Complex Bingham,25.0,train,3,0.4182319433201555
Complex Bingham,25.0,train,4,0.6200052777874563
Complex Bingham,25.0,train,5,0.619657741441969
Complex Bingham,25.0,train,6,0.58601414222622
Complex Bingham,25.0,train,7,0.5951102989933287
Complex Bingham,25.0,train,8,0.4172120834907857
Complex Bingham,25.0,train,9,0.502436279228915
Complex Bingham,25.0,train,10,0.5386976956343853
Complex Bingham,25.0,train,11,0.582305261654953
Complex Bingham,25.0,train,12,0.7515441769858049
Complex Bingham,25.0,train,13,0.3338621261904755
Complex Bingham,25.0,train,14,0.5183089725301029
Complex Bingham,25.0,train,15,0.5028224183646314
Complex Bingham,25.0,train,16,0.6304568226336965
Complex Bingham,25.0,train,17,0.6249529184396317
Complex Bingham,25.0,train,18,0.5144741161124449
Complex Bingham,25.0,train,19,0.7002836654706438
Complex Bingham,25.0,train,20,0.4628473610316643
Complex Bingham,25.0,train,21,0.5676992340340236
Complex Bingham,25.0,train,22,0.5865838468203481
Complex Bingham,25.0,train,23,0.5273735141194397
Complex Bingham,25.0,train,24,0.6593209512876453
Complex Bingham,25.0,train,25,0.6361046430359364
Complex Bingham,25.0,train,26,0.7134549826865039
Complex Bingham,25.0,train,27,0.5706969692492359
Complex Bingham,25.0,train,28,0.6234186921087234
Complex Bingham,25.0,train,29,0.3852181669227243
Complex Bingham,25.0,train,30,0.5270299474647607
Complex Bingham,25.0,train,31,0.5548295752166124
Complex Bingham,25.0,train,32,0.6503314901401293
Complex Bingham,25.0,train,33,0.6414712064642185
Complex Bingham,25.0,train,34,0.6395811649729084
Complex Bingham,25.0,train,35,0.3472294789313878
Complex Bingham,25.0,train,36,0.3553042102512589
Complex Bingham,25.0,train,37,0.6307198169529629
Complex Bingham,25.0,train,38,0.6586267089612454
Complex Bingham,25.0,train,39,0.5440705253366704
Complex Bingham,25.0,train,40,0.5074060925213209
Complex Bingham,25.0,train,41,0.2607527884565757
Complex Bingham,25.0,train,42,0.6943282368736647
Complex Bingham,25.0,train,43,0.4759945848259777
Complex Bingham,25.0,train,44,0.5796173967738811
Complex Bingham,25.0,train,45,0.5817967724496759
Complex Bingham,25.0,train,46,0.58986461738086
Complex Bingham,25.0,train,47,0.5461961760953767
Complex Bingham,25.0,train,48,0.3869730919316866
Complex Bingham,25.0,train,49,0.5564789835904962
Complex Bingham,25.0,train,50,0.5468787539842435
Complex Bingham,25.0,train,51,0.5244035898408053
Complex Bingham,25.0,train,52,0.5758703230135175
Complex Bingham,25.0,train,53,0.3624043256127404
Complex Bingham,25.0,train,54,0.6180913702058939
Complex Bingham,25.0,train,55,0.5760034581171433
Complex Bingham,25.0,train,56,0.5171877215562757
Complex Bingham,25.0,train,57,0.7052970453245497
Complex Bingham,25.0,train,58,0.5383723937334935
Complex Bingham,25.0,train,59,0.5543172058490736
Complex Bingham,25.0,train,60,0.453048960476446
Complex Bingham,25.0,train,61,0.6025048756570744
Complex Bingham,25.0,train,62,0.5093450372805822
Complex Bingham,25.0,train,63,0.7413654728363461
Complex Bingham,25.0,train,64,0.5488914950631545
Complex Bingham,25.0,train,65,0.773895223100638
Complex Bingham,25.0,train,66,0.622404983804039
Complex Bingham,25.0,train,67,0.454818996325565
Complex Bingham,25.0,train,68,0.5724601330864906
Complex Bingham,25.0,train,69,0.604211740914401
Complex Bingham,25.0,train,70,0.6514338168991552
Complex Bingham,25.0,train,71,0.4199045242912765
Complex Bingham,25.0,train,72,0.555233546905406
Complex Bingham,25.0,train,73,0.5071614018120038
Complex Bingham,25.0,train,74,0.5981873971167222
Complex Bingham,25.0,train,75,0.4382358371734736
Complex Bingham,25.0,train,76,0.5196399651562975
Complex Bingham,25.0,train,77,0.5958318505972066
Complex Bingham,25.0,train,78,0.6222872596633192
Complex Bingham,25.0,train,79,0.6052422618513807
Complex Bingham,25.0,train,80,0.4620065315303469
Complex Bingham,25.0,train,81,0.471658928189011
Complex Bingham,25.0,train,82,0.5554257998649074
Complex Bingham,25.0,train,83,0.4692683795647586
Complex Bingham,25.0,train,84,0.5781923293513297
Complex Bingham,25.0,train,85,0.5194275050398632
Complex Bingham,25.0,train,86,0.4920718255934478
Complex Bingham,25.0,train,87,0.6922378407930947
Complex Bingham,25.0,train,88,0.5223630168985418
Complex Bingham,25.0,train,89,0.5340573039823647
Complex Bingham,25.0,train,90,0.4969374888013268
Complex Bingham,25.0,train,91,0.5652713861187995
Complex Bingham,25.0,train,92,0.6347328253836348
Complex Bingham,25.0,train,93,0.4844856126265091
Complex Bingham,25.0,train,94,0.6282899973056049
Complex Bingham,25.0,train,95,0.5180647821430343
Complex Bingham,25.0,train,96,0.5895090852480144
Complex Bingham,25.0,train,97,0.5418366749425766
Complex Bingham,25.0,train,98,0.3558116945415568
Complex Bingham,25.0,train,99,0.4043900057896041
Complex Bingham,25.0,train,100,0.5168581308484544
Complex Bingham,25.0,train,101,0.6184826259739784
Complex Bingham,25.0,train,102,0.5916679115785921
Complex Bingham,25.0,train,103,0.5260008429507083
Complex Bingham,25.0,train,104,0.622726041734327
Complex Bingham,25.0,train,105,0.3892841087590452
Complex Bingham,25.0,train,106,0.5429891643944723
Complex Bingham,25.0,train,107,0.50649369722198
Complex Bingham,25.0,train,108,0.4667625108317926
Complex Bingham,25.0,train,109,0.5657498852175428
Complex Bingham,25.0,train,110,0.5300723264912673
Complex Bingham,25.0,train,111,0.5900361878051348
Complex Bingham,25.0,train,112,0.5396115754287056
Complex Bingham,25.0,train,113,0.6545577523972296
Complex Bingham,25.0,train,114,0.4085449018999822
Complex Bingham,25.0,train,115,0.6245676640905511
Complex Bingham,25.0,train,116,0.5565440898409707
Complex Bingham,25.0,train,117,0.5450222396361261
Complex Bingham,25.0,train,118,0.5717211338640199
Complex Bingham,25.0,train,119,0.6265095731838821
Complex Bingham,25.0,train,120,0.4759280407448898
Complex Bingham,25.0,train,121,0.5473867772052718
Complex Bingham,25.0,train,122,0.525694077872785
Complex Bingham,25.0,train,123,0.5231183330544605
Complex Bingham,25.0,train,124,0.4729133853898719
Complex Bingham,25.0,train,125,0.6433298403402882
Complex Bingham,25.0,train,126,0.7398270178464977
Complex Bingham,25.0,train,127,0.380051249687748
Complex Bingham,25.0,train,128,0.5355455684371504
Complex Bingham,25.0,train,129,0.6509404740799817
Complex Bingham,25.0,train,130,0.4572399360957276
Complex Bingham,25.0,train,131,0.4192614289049605
Complex Bingham,25.0,train,132,0.5855499637293451
Complex Bingham,25.0,train,133,0.6463088873586054
Complex Bingham,25.0,train,134,0.6498361469484403
Complex Bingham,25.0,train,135,0.6207247503381715
Complex Bingham,25.0,train,136,0.6064691601332981
Complex Bingham,25.0,train,137,0.3787569354361334
Complex Bingham,25.0,train,138,0.5774718490435847
Complex Bingham,25.0,train,139,0.6267127730044445
Complex Bingham,25.0,train,140,0.5859500749254833
Complex Bingham,25.0,train,141,0.4106250816862577
Complex Bingham,25.0,train,142,0.5926181812981105
Complex Bingham,25.0,train,143,0.5887826499873382
Complex Bingham,25.0,train,144,0.4622045440678313
Complex Bingham,25.0,train,145,0.559197452287044
Complex Bingham,25.0,train,146,0.5717266013414894
Complex Bingham,25.0,train,147,0.6324478363059182
Complex Bingham,25.0,train,148,0.4095751934459084
Complex Bingham,25.0,train,149,0.5265087598020466
Complex Bingham,25.0,train,150,0.5883501874392055
Complex Bingham,25.0,train,151,0.557224316912727
Complex Bingham,25.0,train,152,0.3848469541209683
Complex Bingham,25.0,train,153,0.5061358465338801
Complex Bingham,25.0,train,154,0.5263609129570458
Complex Bingham,25.0,test,0,0.4505012502827863
Complex Bingham,25.0,test,1,0.5129579415017285
Complex Bingham,25.0,test,2,0.5924627410866238
Complex Bingham,25.0,test,3,0.4809333769834807
Complex Bingham,25.0,test,4,0.4216070317435024
Complex Bingham,25.0,test,5,0.6032068107028731
Complex Bingham,25.0,test,6,0.4279940856882439
Complex Bingham,25.0,test,7,0.3662612254359468
Complex Bingham,25.0,test,8,0.6560057716348523
Complex Bingham,25.0,test,9,0.4208188188057254
Complex Bingham,25.0,test,10,0.5896101068226973
Complex Bingham,25.0,test,11,0.4554800994536493
Complex Bingham,25.0,test,12,0.5058644081396486
Complex Bingham,25.0,test,13,0.463481591546582
Complex Bingham,25.0,test,14,0.6332731549196082
Complex Bingham,25.0,test,15,0.5223751573993647
Complex Bingham,25.0,test,16,0.3889171414218684
Complex Bingham,25.0,test,17,0.3737225777699499
Complex Bingham,25.0,test,18,0.5474191393584816
Complex Bingham,25.0,test,19,0.579331297547016
Complex Bingham,25.0,test,20,0.4763826793348341
Complex Bingham,25.0,test,21,0.4773229475480628
Complex Bingham,25.0,test,22,0.5880516800114527
Complex Bingham,25.0,test,23,0.5729588049313418
Complex Bingham,25.0,test,24,0.4381023683689957
Complex Bingham,25.0,test,25,0.484926041314484
Complex Bingham,25.0,test,26,0.4959368154773116
Complex Bingham,25.0,test,27,0.5358988893227171
Complex Bingham,25.0,test,28,0.4880183396595249
Complex Bingham,25.0,test,29,0.5763829535208101
Complex Bingham,25.0,test,30,0.6521681499006373
Complex Bingham,25.0,test,31,0.4106713038575012
Complex Bingham,25.0,test,32,0.511447232574208
Complex Bingham,25.0,test,33,0.5118941678415131
Complex Bingham,25.0,test,34,0.4600655912494236
Complex Bingham,25.0,test,35,0.5340949857284166
Complex Bingham,25.0,test,36,0.2313980841510256
Complex Bingham,25.0,test,37,0.5958848261938415
Complex Bingham,25.0,test,38,0.3594871653095355
Complex Bingham,25.0,test,39,0.5329450084967814
Complex Bingham,25.0,test,40,0.6015099553276463
Complex Bingham,25.0,test,41,0.5033382764010839
Complex Bingham,25.0,test,42,0.5451171913389911
Complex Bingham,25.0,test,43,0.4317626950019946
Complex Bingham,25.0,test,44,0.5707009177387619
Complex Bingham,25.0,test,45,0.5740515430980926
Complex Bingham,25.0,test,46,0.447228650146998
Complex Bingham,25.0,test,47,0.3668002871072217
Complex Bingham,25.0,test,48,0.4758681016114573
Complex Bingham,25.0,test,49,0.5620625205778074
Complex Bingham,25.0,test,50,0.5026841620350493
Complex Bingham,25.0,test,51,0.3703761190671754
Complex Bingham,25.0,test,52,0.4520047541462098
Complex Bingham,25.0,test,53,0.4466383181652285
Complex Bingham,25.0,test,54,0.5645351119474645
Complex Bingham,25.0,test,55,0.5571740162328314
Complex Bingham,25.0,test,56,0.4370797647885139
Complex Bingham,25.0,test,57,0.54375382406985
Complex Bingham,25.0,test,58,0.571444772143267
Complex Bingham,25.0,test,59,0.3738239262377878
Complex Bingham,25.0,test,60,0.412505281465338
Complex Bingham,25.0,test,61,0.3437085426332197
Complex Bingham,25.0,test,62,0.4786461831852077
Complex Bingham,25.0,test,63,0.5424043577337884
Complex Bingham,25.0,test,64,0.5246127891502704
Complex Bingham,25.0,test,65,0.3376618911241774
Complex Bingham,25.0,test,66,0.4901915526963546
Complex Bingham,25.0,test,67,0.5595437847055011
Complex Bingham,25.0,test,68,0.3590655636143149
Complex Bingham,25.0,test,69,0.4320307243926856
Complex Bingham,25.0,test,70,0.4226568802456098
Complex Bingham,25.0,test,71,0.3366884870030974
Complex Bingham,25.0,test,72,0.3083308346366851
Complex Bingham,25.0,test,73,0.5007249586853962
Complex Bingham,25.0,test,74,0.5005562729274736
Complex Bingham,25.0,test,75,0.3987876632447668
Complex Bingham,25.0,test,76,0.4974172237404377
Complex Bingham,25.0,test,77,0.3769304529696682
Complex Bingham,25.0,test,78,0.5684155492569639
Complex Bingham,25.0,test,79,0.5624963491533711
Complex Bingham,25.0,test,80,0.3536098763493943
Complex Bingham,25.0,test,81,0.62423800475735
Complex Bingham,25.0,test,82,0.5253237916081857
Complex Bingham,25.0,test,83,0.4579890890391557
Complex Bingham,25.0,test,84,0.4071656968724313
Complex Bingham,25.0,test,85,0.4360004467494555
Complex Bingham,25.0,test,86,0.4371374529672433
Complex Bingham,25.0,test,87,0.5782601252552375
Complex Bingham,25.0,test,88,0.6110643190914061
Complex Bingham,25.0,test,89,0.4660969841251723
Complex Bingham,25.0,test,90,0.4389076490459219
Complex Bingham,25.0,test,91,0.5424483253875515
Complex Bingham,25.0,test,92,0.2981449304201057
Complex Bingham,25.0,test,93,0.5373817115113878
Complex Bingham,25.0,test,94,0.5151069756842673
Complex Bingham,25.0,test,95,0.5124782036901121
Complex Bingham,25.0,test,96,0.502210987173952
Complex Bingham,25.0,test,97,0.3874104438811476
Complex Bingham,25.0,test,98,0.572603219540812
Complex Bingham,50.0,train,0,0.531960270140973
Complex Bingham,50.0,train,1,0.3962287995193013
Complex Bingham,50.0,train,2,0.4947014636135183
Complex Bingham,50.0,train,3,0.4391382698158986
Complex Bingham,50.0,train,4,0.563033679964504
Complex Bingham,50.0,train,5,0.609487166808445
Complex Bingham,50.0,train,6,0.6429846467969146
Complex Bingham,50.0,train,7,0.6308572537306536
Complex Bingham,50.0,train,8,0.4677094570548691
Complex Bingham,50.0,train,9,0.5059643676486327
Complex Bingham,50.0,train,10,0.5384044791013255
Complex Bingham,50.0,train,11,0.5727758503568718
Complex Bingham,50.0,train,12,0.7229118387079958
Complex Bingham,50.0,train,13,0.2601390524846601
Complex Bingham,50.0,train,14,0.5050136472842739
Complex Bingham,50.0,train,15,0.5527640716095912
Complex Bingham,50.0,train,16,0.602437734261369
Complex Bingham,50.0,train,17,0.6160135463668021
Complex Bingham,50.0,train,18,0.462034522520966
Complex Bingham,50.0,train,19,0.6590584011966227
Complex Bingham,50.0,train,20,0.476212672289101
Complex Bingham,50.0,train,21,0.6352681934403736
Complex Bingham,50.0,train,22,0.5565002111559108
Complex Bingham,50.0,train,23,0.4674369512676204
Complex Bingham,50.0,train,24,0.7305349058469948
Complex Bingham,50.0,train,25,0.6754932976173453
Complex Bingham,50.0,train,26,0.7520706837203234
Complex Bingham,50.0,train,27,0.6195550924477629
Complex Bingham,50.0,train,28,0.6485255081971959
Complex Bingham,50.0,train,29,0.3820172183492225
Complex Bingham,50.0,train,30,0.6480876335477043
Complex Bingham,50.0,train,31,0.5530622576286025
Complex Bingham,50.0,train,32,0.7230333469733323
Complex Bingham,50.0,train,33,0.6200167758234126
Complex Bingham,50.0,train,34,0.6484619776558217
Complex Bingham,50.0,train,35,0.3632006240268491
Complex Bingham,50.0,train,36,0.3838271132822646
Complex Bingham,50.0,train,37,0.5611375368820686
Complex Bingham,50.0,train,38,0.6942132758496271
Complex Bingham,50.0,train,39,0.5237776489111126
Complex Bingham,50.0,train,40,0.4775115974003275
Complex Bingham,50.0,train,41,0.2425661746797914
Complex Bingham,50.0,train,42,0.6231564333061206
Complex Bingham,50.0,train,43,0.4221082359896873
Complex Bingham,50.0,train,44,0.5692893787224869
Complex Bingham,50.0,train,45,0.6280036314613108
Complex Bingham,50.0,train,46,0.5756167380538831
Complex Bingham,50.0,train,47,0.5595531622006329
Complex Bingham,50.0,train,48,0.3845071045568245
Complex Bingham,50.0,train,49,0.6102220984935117
Complex Bingham,50.0,train,50,0.5771791471836899
Complex Bingham,50.0,train,51,0.5654859597998827
Complex Bingham,50.0,train,52,0.6134246983867007
Complex Bingham,50.0,train,53,0.3084336011745474
Complex Bingham,50.0,train,54,0.6280970597630424
Complex Bingham,50.0,train,55,0.5486353492363157
Complex Bingham,50.0,train,56,0.4851674521389485
Complex Bingham,50.0,train,57,0.608881420912063
Complex Bingham,50.0,train,58,0.5772382350159005
Complex Bingham,50.0,train,59,0.6500193165196654
Complex Bingham,50.0,train,60,0.5440529671570784
Complex Bingham,50.0,train,61,0.6121673531258354
Complex Bingham,50.0,train,62,0.5632935079709832
Complex Bingham,50.0,train,63,0.6393246387388443
Complex Bingham,50.0,train,64,0.5718315197857841
Complex Bingham,50.0,train,65,0.7293249202146707
Complex Bingham,50.0,train,66,0.5379156259693104
Complex Bingham,50.0,train,67,0.4579332264028255
Complex Bingham,50.0,train,68,0.6244398743204661
Complex Bingham,50.0,train,69,0.5866588173372334
Complex Bingham,50.0,train,70,0.7081898972247853
Complex Bingham,50.0,train,71,0.3616811423846635
Complex Bingham,50.0,train,72,0.5265668877569456
Complex Bingham,50.0,train,73,0.5640043435436206
Complex Bingham,50.0,train,74,0.6180574704869504
Complex Bingham,50.0,train,75,0.4139023877604255
Complex Bingham,50.0,train,76,0.4265236178348999
Complex Bingham,50.0,train,77,0.6332021945885709
Complex Bingham,50.0,train,78,0.6134319762054362
Complex Bingham,50.0,train,79,0.6889355411734804
Complex Bingham,50.0,train,80,0.4811289464112439
Complex Bingham,50.0,train,81,0.4046787190376786
Complex Bingham,50.0,train,82,0.612182745539207
Complex Bingham,50.0,train,83,0.5075411935610782
Complex Bingham,50.0,train,84,0.7218986109040012
Complex Bingham,50.0,train,85,0.615606530680185
Complex Bingham,50.0,train,86,0.4638833392547249
Complex Bingham,50.0,train,87,0.6467813273437749
Complex Bingham,50.0,train,88,0.5815162849863205
Complex Bingham,50.0,train,89,0.5182201238489912
Complex Bingham,50.0,train,90,0.5181526361317721
Complex Bingham,50.0,train,91,0.5784676770695933
Complex Bingham,50.0,train,92,0.6159309438122089
Complex Bingham,50.0,train,93,0.4937742488893171
Complex Bingham,50.0,train,94,0.5849138998456416
Complex Bingham,50.0,train,95,0.4843107817466642
Complex Bingham,50.0,train,96,0.5656657200696142
Complex Bingham,50.0,train,97,0.5755684623075737
Complex Bingham,50.0,train,98,0.311173727746764
Complex Bingham,50.0,train,99,0.4227063703836538
Complex Bingham,50.0,train,100,0.6106998505795972
Complex Bingham,50.0,train,101,0.607184550084388
Complex Bingham,50.0,train,102,0.4864419477176712
Complex Bingham,50.0,train,103,0.5628458718515418
Complex Bingham,50.0,train,104,0.6532348504000811
Complex Bingham,50.0,train,105,0.3957064968515176
Complex Bingham,50.0,train,106,0.531136071389529
Complex Bingham,50.0,train,107,0.5708257326259201
Complex Bingham,50.0,train,108,0.4858418066747327
Complex Bingham,50.0,train,109,0.6358608726854283
Complex Bingham,50.0,train,110,0.5037226796100933
Complex Bingham,50.0,train,111,0.5216333917649024
Complex Bingham,50.0,train,112,0.5956882695294512
Complex Bingham,50.0,train,113,0.6111509712981211
Complex Bingham,50.0,train,114,0.5159107168666873
Complex Bingham,50.0,train,115,0.662798150954504
Complex Bingham,50.0,train,116,0.5804219661805465
Complex Bingham,50.0,train,117,0.6152775832273721
Complex Bingham,50.0,train,118,0.60096149751952
Complex Bingham,50.0,train,119,0.6301177434983973
Complex Bingham,50.0,train,120,0.4186743144116511
Complex Bingham,50.0,train,121,0.5198492082465628
Complex Bingham,50.0,train,122,0.4861044631083133
Complex Bingham,50.0,train,123,0.5327272005118322
Complex Bingham,50.0,train,124,0.5027297705167896
Complex Bingham,50.0,train,125,0.675550350097483
Complex Bingham,50.0,train,126,0.7026887768434537
Complex Bingham,50.0,train,127,0.4977946575495399
Complex Bingham,50.0,train,128,0.4873868831068258
Complex Bingham,50.0,train,129,0.707756355529251
Complex Bingham,50.0,train,130,0.4790420357605979
Complex Bingham,50.0,train,131,0.3908516328591838
Complex Bingham,50.0,train,132,0.4891475944814664
Complex Bingham,50.0,train,133,0.6258876637575581
Complex Bingham,50.0,train,134,0.6234084963923338
Complex Bingham,50.0,train,135,0.6318018106021329
Complex Bingham,50.0,train,136,0.6418965384906609
Complex Bingham,50.0,train,137,0.4048115955570284
Complex Bingham,50.0,train,138,0.5677071181338398
Complex Bingham,50.0,train,139,0.570421980887295
Complex Bingham,50.0,train,140,0.5695271501915683
Complex Bingham,50.0,train,141,0.3897378874355807
Complex Bingham,50.0,train,142,0.5316916321968406
Complex Bingham,50.0,train,143,0.6344869443143212
Complex Bingham,50.0,train,144,0.5053445798246898
Complex Bingham,50.0,train,145,0.5869862158419508
Complex Bingham,50.0,train,146,0.5255865629729785
Complex Bingham,50.0,train,147,0.6574355394264767
Complex Bingham,50.0,train,148,0.4510621813614351
Complex Bingham,50.0,train,149,0.5901839502341574
Complex Bingham,50.0,train,150,0.5883395370526983
Complex Bingham,50.0,train,151,0.527430987671571
Complex Bingham,50.0,train,152,0.3939063680766261
Complex Bingham,50.0,train,153,0.5167794136431696
Complex Bingham,50.0,train,154,0.5456606367569178
Complex Bingham,50.0,test,0,0.4669647988238601
Complex Bingham,50.0,test,1,0.5299455121527146
Complex Bingham,50.0,test,2,0.5517301486838767
Complex Bingham,50.0,test,3,0.4837984112299763
Complex Bingham,50.0,test,4,0.3942805434135154
Complex Bingham,50.0,test,5,0.5383774576025682
Complex Bingham,50.0,test,6,0.4356096516103022
Complex Bingham,50.0,test,7,0.3275187981516286
Complex Bingham,50.0,test,8,0.4744654312754118
Complex Bingham,50.0,test,9,0.367739093483699
Complex Bingham,50.0,test,10,0.5338695282324948
Complex Bingham,50.0,test,11,0.4406033030127583
Complex Bingham,50.0,test,12,0.5432664099738383
Complex Bingham,50.0,test,13,0.4438262076421478
Complex Bingham,50.0,test,14,0.620114625328729
Complex Bingham,50.0,test,15,0.4935005491928562
Complex Bingham,50.0,test,16,0.326681280498695
Complex Bingham,50.0,test,17,0.3918223023519063
Complex Bingham,50.0,test,18,0.5062118520019742
Complex Bingham,50.0,test,19,0.6181117806537736
Complex Bingham,50.0,test,20,0.3705289022073538
Complex Bingham,50.0,test,21,0.4959576444241333
Complex Bingham,50.0,test,22,0.5693621110987824
Complex Bingham,50.0,test,23,0.5858276242481326
Complex Bingham,50.0,test,24,0.4288035511827821
Complex Bingham,50.0,test,25,0.4527729405302066
Complex Bingham,50.0,test,26,0.4711320923526364
Complex Bingham,50.0,test,27,0.4529331687642337
Complex Bingham,50.0,test,28,0.5477591342222032
Complex Bingham,50.0,test,29,0.5783545561845056
Complex Bingham,50.0,test,30,0.6172800117876515
Complex Bingham,50.0,test,31,0.3878480306289088
Complex Bingham,50.0,test,32,0.4957508719670449
Complex Bingham,50.0,test,33,0.5153778223714791
Complex Bingham,50.0,test,34,0.42759311504116
Complex Bingham,50.0,test,35,0.4986884120497131
Complex Bingham,50.0,test,36,0.2698176262930484
Complex Bingham,50.0,test,37,0.5936533789027456
Complex Bingham,50.0,test,38,0.3163538582773751
Complex Bingham,50.0,test,39,0.3990934295975725
Complex Bingham,50.0,test,40,0.6085704143680619
Complex Bingham,50.0,test,41,0.5221789729946781
Complex Bingham,50.0,test,42,0.4835276093787118
Complex Bingham,50.0,test,43,0.2815982679072952
Complex Bingham,50.0,test,44,0.511792774728064
Complex Bingham,50.0,test,45,0.5488750766244319
Complex Bingham,50.0,test,46,0.407030028435194
Complex Bingham,50.0,test,47,0.3702407070367794
Complex Bingham,50.0,test,48,0.4371477130086042
Complex Bingham,50.0,test,49,0.5202283915476943
Complex Bingham,50.0,test,50,0.4560758057549084
Complex Bingham,50.0,test,51,0.374936710114225
Complex Bingham,50.0,test,52,0.4830420716078241
Complex Bingham,50.0,test,53,0.3980338712144318
Complex Bingham,50.0,test,54,0.5844016470614664
Complex Bingham,50.0,test,55,0.4742795697910961
Complex Bingham,50.0,test,56,0.4132710938167367
Complex Bingham,50.0,test,57,0.6162635368434393
Complex Bingham,50.0,test,58,0.5743483863540098
Complex Bingham,50.0,test,59,0.3527932352714286
Complex Bingham,50.0,test,60,0.4142410257332838
Complex Bingham,50.0,test,61,0.2998182902811941
Complex Bingham,50.0,test,62,0.5001472787157761
Complex Bingham,50.0,test,63,0.4990859951705905
Complex Bingham,50.0,test,64,0.543121925883833
Complex Bingham,50.0,test,65,0.3256007004569063
Complex Bingham,50.0,test,66,0.5163033576479484
Complex Bingham,50.0,test,67,0.5097989283204768
Complex Bingham,50.0,test,68,0.3396057071114014
Complex Bingham,50.0,test,69,0.4366757806762985
Complex Bingham,50.0,test,70,0.3771649337190894
Complex Bingham,50.0,test,71,0.4558758218464757
Complex Bingham,50.0,test,72,0.2039245566434558
Complex Bingham,50.0,test,73,0.5551619415249193
Complex Bingham,50.0,test,74,0.4696261890357951
Complex Bingham,50.0,test,75,0.3378536528107344
Complex Bingham,50.0,test,76,0.5093908815630819
Complex Bingham,50.0,test,77,0.3421866428816275
Complex Bingham,50.0,test,78,0.5488755830505185
Complex Bingham,50.0,test,79,0.5084300606513041
Complex Bingham,50.0,test,80,0.3253812679952786
Complex Bingham,50.0,test,81,0.5788068375496953
Complex Bingham,50.0,test,82,0.5505343542889696
Complex Bingham,50.0,test,83,0.4972566257159892
Complex Bingham,50.0,test,84,0.5069381872783396
Complex Bingham,50.0,test,85,0.4361203176390034
Complex Bingham,50.0,test,86,0.4546717128032106
Complex Bingham,50.0,test,87,0.6119387087842136
Complex Bingham,50.0,test,88,0.5633371578445133
Complex Bingham,50.0,test,89,0.4551086074698214
Complex Bingham,50.0,test,90,0.4133103249266345
Complex Bingham,50.0,test,91,0.4619692050665379
Complex Bingham,50.0,test,92,0.3375454646392323
Complex Bingham,50.0,test,93,0.5247349062863967
Complex Bingham,50.0,test,94,0.4684976270966705
Complex Bingham,50.0,test,95,0.5050552576476804
Complex Bingham,50.0,test,96,0.4886579380105367
Complex Bingham,50.0,test,97,0.3805037605175604
Complex Bingham,50.0,test,98,0.6078659767362701
MACG,1.0,train,0,0.2073479815041272
MACG,1.0,train,1,0.2060762745555782
MACG,1.0,train,2,0.2057478627771962
MACG,1.0,train,3,0.1274235293334416
MACG,1.0,train,4,0.2289734146389694
MACG,1.0,train,5,0.2385273456211163
MACG,1.0,train,6,0.1703054832804582
MACG,1.0,train,7,0.1801908103341543
MACG,1.0,train,8,0.2067229898808077
MACG,1.0,train,9,0.2965049533948535
MACG,1.0,train,10,0.2536091890552566
MACG,1.0,train,11,0.2565077936322446
MACG,1.0,train,12,0.2164154932775294
MACG,1.0,train,13,0.2405430975266865
MACG,1.0,train,14,0.1726450770697111
MACG,1.0,train,15,0.1770379241835443
MACG,1.0,train,16,0.2206592196456195
MACG,1.0,train,17,0.2103420614997793
MACG,1.0,train,18,0.3474740546601967
MACG,1.0,train,19,0.1764462797163734
MACG,1.0,train,20,0.1982797717052887
MACG,1.0,train,21,0.1672253891177157
MACG,1.0,train,22,0.1690338777360887
MACG,1.0,train,23,0.2607563934577295
MACG,1.0,train,24,0.3478085362704867
MACG,1.0,train,25,0.2863677843944519
MACG,1.0,train,26,0.1937501341782188
MACG,1.0,train,27,0.2065636685863467
MACG,1.0,train,28,0.215144388470541
MACG,1.0,train,29,0.228208457698628
MACG,1.0,train,30,0.1899666353492447
MACG,1.0,train,31,0.2057584658790502
MACG,1.0,train,32,0.2929590717022143
MACG,1.0,train,33,0.2194345494214912
MACG,1.0,train,34,0.2620601667975583
MACG,1.0,train,35,0.2054263603721956
MACG,1.0,train,36,0.191866775814234
MACG,1.0,train,37,0.2100993700450674
MACG,1.0,train,38,0.2441838722891811
MACG,1.0,train,39,0.2177185020105487
MACG,1.0,train,40,0.197167209009669
MACG,1.0,train,41,0.22060746563218
MACG,1.0,train,42,0.1606283972717171
MACG,1.0,train,43,0.2791561303556495
MACG,1.0,train,44,0.2948432527505195
MACG,1.0,train,45,0.2304691408463118
MACG,1.0,train,46,0.1444940436822191
MACG,1.0,train,47,0.1470757666562269
MACG,1.0,train,48,0.2668052030784917
MACG,1.0,train,49,0.2269195698106649
MACG,1.0,train,50,0.2483202347450499
MACG,1.0,train,51,0.2296952368190376
MACG,1.0,train,52,0.2848134224927513
MACG,1.0,train,53,0.2706751873599276
MACG,1.0,train,54,0.1883391050889571
MACG,1.0,train,55,0.2332022888101104
MACG,1.0,train,56,0.2134942258515157
MACG,1.0,train,57,0.3265960755866988
MACG,1.0,train,58,0.1968432556742806
MACG,1.0,train,59,0.2070410615930468
MACG,1.0,train,60,0.1842948232193258
MACG,1.0,train,61,0.2272104941581726
MACG,1.0,train,62,0.19704898381594
MACG,1.0,train,63,0.2227000094127599
MACG,1.0,train,64,0.228921507731202
MACG,1.0,train,65,0.2257618657331265
MACG,1.0,train,66,0.2061465419332984
MACG,1.0,train,67,0.2394052239239264
MACG,1.0,train,68,0.2300536831629799
MACG,1.0,train,69,0.2679052776915651
MACG,1.0,train,70,0.2363890213479606
MACG,1.0,train,71,0.2313136170891531
MACG,1.0,train,72,0.1781849157815437
MACG,1.0,train,73,0.1889930509218578
MACG,1.0,train,74,0.2615825607302355
MACG,1.0,train,75,0.1303296225117936
MACG,1.0,train,76,0.2226626755889768
MACG,1.0,train,77,0.2252420829267511
MACG,1.0,train,78,0.2774576633753562
MACG,1.0,train,79,0.2402591266762263
MACG,1.0,train,80,0.2234563859499407
MACG,1.0,train,81,0.1719511058839411
MACG,1.0,train,82,0.1935300612424055
MACG,1.0,train,83,0.1766989017080032
MACG,1.0,train,84,0.2045201410277287
MACG,1.0,train,85,0.1831333640827552
MACG,1.0,train,86,0.1583759080143772
MACG,1.0,train,87,0.2428564453592954
MACG,1.0,train,88,0.2421418685503674
MACG,1.0,train,89,0.2825526057827218
MACG,1.0,train,90,0.2096644114962771
MACG,1.0,train,91,0.1833437379087629
MACG,1.0,train,92,0.1872211100305862
MACG,1.0,train,93,0.1996885504312914
MACG,1.0,train,94,0.2255132879815552
MACG,1.0,train,95,0.2149667861253757
MACG,1.0,train,96,0.2161483497530635
MACG,1.0,train,97,0.2328336058650174
MACG,1.0,train,98,0.1973002692249032
MACG,1.0,train,99,0.1850863895133352
MACG,1.0,train,100,0.2260923966598766
MACG,1.0,train,101,0.1993701294118723
MACG,1.0,train,102,0.1695569123493785
MACG,1.0,train,103,0.2051880952249425
MACG,1.0,train,104,0.2484165984339268
MACG,1.0,train,105,0.2030017045389829
MACG,1.0,train,106,0.2156024199918828
MACG,1.0,train,107,0.1497919732204527
MACG,1.0,train,108,0.1742558087873225
MACG,1.0,train,109,0.1468433829506683
MACG,1.0,train,110,0.2013624249569826
MACG,1.0,train,111,0.2080740049140035
MACG,1.0,train,112,0.1943608816413379
MACG,1.0,train,113,0.3074771188712121
MACG,1.0,train,114,0.1575564721547991
MACG,1.0,train,115,0.2420804578005779
MACG,1.0,train,116,0.3149001038841847
MACG,1.0,train,117,0.1884487124707324
MACG,1.0,train,118,0.2061654693706019
MACG,1.0,train,119,0.1983680936940925
MACG,1.0,train,120,0.2254617918077898
MACG,1.0,train,121,0.1972897959772393
MACG,1.0,train,122,0.2879093529144099
MACG,1.0,train,123,0.2209768781036162
MACG,1.0,train,124,0.1647867498833923
MACG,1.0,train,125,0.2628717687235811
MACG,1.0,train,126,0.2104009071318883
MACG,1.0,train,127,0.1693829926787535
MACG,1.0,train,128,0.195480362854515
MACG,1.0,train,129,0.213001912039091
MACG,1.0,train,130,0.2226208117212316
MACG,1.0,train,131,0.1812336110029526
MACG,1.0,train,132,0.1653805684609871
MACG,1.0,train,133,0.2088782551214631
MACG,1.0,train,134,0.2692991744975702
MACG,1.0,train,135,0.2095630999783469
MACG,1.0,train,136,0.2055559046575848
MACG,1.0,train,137,0.2239459406219734
MACG,1.0,train,138,0.2496591001907581
MACG,1.0,train,139,0.2607954810277698
MACG,1.0,train,140,0.2637408538894896
MACG,1.0,train,141,0.2656711624911342
MACG,1.0,train,142,0.2665773887956503
MACG,1.0,train,143,0.2043039373307033
MACG,1.0,train,144,0.2969836411521673
MACG,1.0,train,145,0.2101390664002579
MACG,1.0,train,146,0.1936902193271212
MACG,1.0,train,147,0.2120326176245746
MACG,1.0,train,148,0.1764656078800452
MACG,1.0,train,149,0.2604879774863567
MACG,1.0,train,150,0.1967388017269917
MACG,1.0,train,151,0.3180010341098715
MACG,1.0,train,152,0.147341204171568
MACG,1.0,train,153,0.1889610569619487
MACG,1.0,train,154,0.2048438951367547
MACG,1.0,test,0,0.2055774186367828
MACG,1.0,test,1,0.2062698641347114
MACG,1.0,test,2,0.2232286727766266
MACG,1.0,test,3,0.202694699622399
MACG,1.0,test,4,0.1815729566804425
MACG,1.0,test,5,0.2561236462256677
MACG,1.0,test,6,0.183237060622995
MACG,1.0,test,7,0.1791030954468285
MACG,1.0,test,8,0.2432441529581147
MACG,1.0,test,9,0.2232562524406054
MACG,1.0,test,10,0.2272233877779253
MACG,1.0,test,11,0.187912480424599
MACG,1.0,test,12,0.2128722532090124
MACG,1.0,test,13,0.2188447697667424
MACG,1.0,test,14,0.3001557062177156
MACG,1.0,test,15,0.2148262912272363
MACG,1.0,test,16,0.200476479400483
MACG,1.0,test,17,0.1983245106261665
MACG,1.0,test,18,0.1817327067146288
MACG,1.0,test,19,0.2825599261959055
MACG,1.0,test,20,0.2483872557070439
MACG,1.0,test,21,0.1973576520463478
MACG,1.0,test,22,0.2376532461389812
MACG,1.0,test,23,0.2222300752320237
MACG,1.0,test,24,0.2129409601044252
MACG,1.0,test,25,0.1858152349172413
MACG,1.0,test,26,0.2050681383674563
MACG,1.0,test,27,0.2010173448008966
MACG,1.0,test,28,0.2532089759089875
MACG,1.0,test,29,0.233787177116165
MACG,1.0,test,30,0.2424792772428573
MACG,1.0,test,31,0.2569715370678411
MACG,1.0,test,32,0.2303762621051307
MACG,1.0,test,33,0.223501389240217
MACG,1.0,test,34,0.1865787896736678
MACG,1.0,test,35,0.2452625431845787
MACG,1.0,test,36,0.2173149317881665
MACG,1.0,test,37,0.2226126026105234
MACG,1.0,test,38,0.1980103966402588
MACG,1.0,test,39,0.2137667389271232
MACG,1.0,test,40,0.2831966832232075
MACG,1.0,test,41,0.1908296166711647
MACG,1.0,test,42,0.2664453433790174
MACG,1.0,test,43,0.1907569680024381
MACG,1.0,test,44,0.1797840879976509
MACG,1.0,test,45,0.2175048856177803
MACG,1.0,test,46,0.2394886532238573
MACG,1.0,test,47,0.1784110813431439
MACG,1.0,test,48,0.2334301347737881
MACG,1.0,test,49,0.2145777559729938
MACG,1.0,test,50,0.1365865145438942
MACG,1.0,test,51,0.2107758420663476
MACG,1.0,test,52,0.2336413657312432
MACG,1.0,test,53,0.2388833497440109
MACG,1.0,test,54,0.2234657861347605
MACG,1.0,test,55,0.2218104540804854
MACG,1.0,test,56,0.2046741809932041
MACG,1.0,test,57,0.2896796428976447
MACG,1.0,test,58,0.2861162048644355
MACG,1.0,test,59,0.2451786628547493
MACG,1.0,test,60,0.2614628135368831
MACG,1.0,test,61,0.1514698655612459
MACG,1.0,test,62,0.132843477941914
MACG,1.0,test,63,0.2483011725307093
MACG,1.0,test,64,0.2364561611839306
MACG,1.0,test,65,0.2588739371717941
MACG,1.0,test,66,0.1382816138176988
MACG,1.0,test,67,0.2309559251166358
MACG,1.0,test,68,0.1567700485883368
MACG,1.0,test,69,0.1921160287685855
MACG,1.0,test,70,0.1921101409660922
MACG,1.0,test,71,0.2030725109490488
MACG,1.0,test,72,0.2048419075697533
MACG,1.0,test,73,0.1679065269171451
MACG,1.0,test,74,0.2628081568582296
MACG,1.0,test,75,0.2537040811256407
MACG,1.0,test,76,0.2693734102307973
MACG,1.0,test,77,0.2255765481698508
MACG,1.0,test,78,0.1744076813583268
MACG,1.0,test,79,0.1995638178398765
MACG,1.0,test,80,0.1441993119946406
MACG,1.0,test,81,0.2747331084545795
MACG,1.0,test,82,0.1816682393731232
MACG,1.0,test,83,0.1681342910041815
MACG,1.0,test,84,0.1750267558348944
MACG,1.0,test,85,0.1751662865889032
MACG,1.0,test,86,0.2159650860984141
MACG,1.0,test,87,0.2008798952766272
MACG,1.0,test,88,0.129779237940177
MACG,1.0,test,89,0.1722439442614329
MACG,1.0,test,90,0.1457640152856627
MACG,1.0,test,91,0.1796854856522085
MACG,1.0,test,92,0.2207714979083481
MACG,1.0,test,93,0.2823756317615538
MACG,1.0,test,94,0.2907475702208369
MACG,1.0,test,95,0.1896303022033222
MACG,1.0,test,96,0.2417249890652625
MACG,1.0,test,97,0.1474371185071612
MACG,1.0,test,98,0.2462768909792876
MACG,5.0,train,0,0.3490450382296259
MACG,5.0,train,1,0.2753402329409343
MACG,5.0,train,2,0.2767345204817679
MACG,5.0,train,3,0.3463083644391749
MACG,5.0,train,4,0.3499420090156553
MACG,5.0,train,5,0.2596420904842516
MACG,5.0,train,6,0.3914562726847971
MACG,5.0,train,7,0.3839481690772282
MACG,5.0,train,8,0.3788357521755393
MACG,5.0,train,9,0.3698389523285805
MACG,5.0,train,10,0.312369136790424
MACG,5.0,train,11,0.3943274040618438
MACG,5.0,train,12,0.4616156040328039
MACG,5.0,train,13,0.2642906008311771
MACG,5.0,train,14,0.3575322809624936
MACG,5.0,train,15,0.2973209238927122
MACG,5.0,train,16,0.4135136086951161
MACG,5.0,train,17,0.3935308208803652
MACG,5.0,train,18,0.338046504867999
MACG,5.0,train,19,0.3576039316037933
MACG,5.0,train,20,0.3138331447696112
MACG,5.0,train,21,0.3497577446614422
MACG,5.0,train,22,0.3288725619515402
MACG,5.0,train,23,0.2974309873826107
MACG,5.0,train,24,0.3796491861477121
MACG,5.0,train,25,0.4267645011666838
MACG,5.0,train,26,0.4986922291873872
MACG,5.0,train,27,0.3832116500426348
MACG,5.0,train,28,0.317407858122016
MACG,5.0,train,29,0.2407579052071762
MACG,5.0,train,30,0.3398004896018722
MACG,5.0,train,31,0.3312278350776229
MACG,5.0,train,32,0.3617519108090647
MACG,5.0,train,33,0.4180643426341868
MACG,5.0,train,34,0.3931555399275767
MACG,5.0,train,35,0.2750963090222341
MACG,5.0,train,36,0.3020132390605187
MACG,5.0,train,37,0.3433118878421674
MACG,5.0,train,38,0.3630842122351373
MACG,5.0,train,39,0.3623535552186752
MACG,5.0,train,40,0.2846349098706974
MACG,5.0,train,41,0.2148965019967676
MACG,5.0,train,42,0.4501226186996259
MACG,5.0,train,43,0.3609163425620987
MACG,5.0,train,44,0.3719731479251194
MACG,5.0,train,45,0.3313451988356432
MACG,5.0,train,46,0.382751710642287
MACG,5.0,train,47,0.3203525228107802
MACG,5.0,train,48,0.270233330902687
MACG,5.0,train,49,0.4425982455163448
MACG,5.0,train,50,0.3725274109747414
MACG,5.0,train,51,0.3437658605897495
MACG,5.0,train,52,0.4012297094802807
MACG,5.0,train,53,0.3251685130818031
MACG,5.0,train,54,0.3046058193550741
MACG,5.0,train,55,0.3787459019512671
MACG,5.0,train,56,0.2977686582600447
MACG,5.0,train,57,0.439027362457282
MACG,5.0,train,58,0.2987932249452261
MACG,5.0,train,59,0.4095131758666672
MACG,5.0,train,60,0.33372053238557
MACG,5.0,train,61,0.3873819035064467
MACG,5.0,train,62,0.3062759490264337
MACG,5.0,train,63,0.469624076793412
MACG,5.0,train,64,0.2919318495972321
MACG,5.0,train,65,0.4223891077313957
MACG,5.0,train,66,0.2498977099443045
MACG,5.0,train,67,0.2779897839946101
MACG,5.0,train,68,0.383475533804247
MACG,5.0,train,69,0.3633648235491893
MACG,5.0,train,70,0.4080485557404046
MACG,5.0,train,71,0.1966689389260144
MACG,5.0,train,72,0.2967843801705764
MACG,5.0,train,73,0.2610109128664672
MACG,5.0,train,74,0.351627536203851
MACG,5.0,train,75,0.2645059845872055
MACG,5.0,train,76,0.3119077624262408
MACG,5.0,train,77,0.3166133014643717
MACG,5.0,train,78,0.4170315496787629
MACG,5.0,train,79,0.3249144761901426
MACG,5.0,train,80,0.3459452066909049
MACG,5.0,train,81,0.3889804469210471
MACG,5.0,train,82,0.3921035631872517
MACG,5.0,train,83,0.3269756372737197
MACG,5.0,train,84,0.3333156212252011
MACG,5.0,train,85,0.4157766077949101
MACG,5.0,train,86,0.2931177697720537
MACG,5.0,train,87,0.5250664506946952
MACG,5.0,train,88,0.3704472530644072
MACG,5.0,train,89,0.3339428539000125
MACG,5.0,train,90,0.2937085190939899
MACG,5.0,train,91,0.2539194288367311
MACG,5.0,train,92,0.3622411043165973
MACG,5.0,train,93,0.3165625859761353
MACG,5.0,train,94,0.4441324323559871
MACG,5.0,train,95,0.3428966123544708
MACG,5.0,train,96,0.4102435042573548
MACG,5.0,train,97,0.3248116051153931
MACG,5.0,train,98,0.2680713899162436
MACG,5.0,train,99,0.2808259922436349
MACG,5.0,train,100,0.4310726368671546
MACG,5.0,train,101,0.3405164367934156
MACG,5.0,train,102,0.3178005899021813
MACG,5.0,train,103,0.2188805212795739
MACG,5.0,train,104,0.4375221155268627
MACG,5.0,train,105,0.2105914908765727
MACG,5.0,train,106,0.346231768342534
MACG,5.0,train,107,0.3254284852377694
MACG,5.0,train,108,0.2463147779946479
MACG,5.0,train,109,0.3634679066844185
MACG,5.0,train,110,0.3338303837089657
MACG,5.0,train,111,0.3607440223463252
MACG,5.0,train,112,0.4415245747659733
MACG,5.0,train,113,0.4397467205170755
MACG,5.0,train,114,0.3348847674026767
MACG,5.0,train,115,0.2924252883360339
MACG,5.0,train,116,0.3477404093869465
MACG,5.0,train,117,0.3850258154948904
MACG,5.0,train,118,0.4161350746337685
MACG,5.0,train,119,0.3501130533195449
MACG,5.0,train,120,0.3602864056836464
MACG,5.0,train,121,0.3856417855312689
MACG,5.0,train,122,0.3009441261000763
MACG,5.0,train,123,0.3742040675784294
MACG,5.0,train,124,0.339494024425462
MACG,5.0,train,125,0.4933767601503878
MACG,5.0,train,126,0.4917802413085864
MACG,5.0,train,127,0.3340616851216184
MACG,5.0,train,128,0.3178477677416096
MACG,5.0,train,129,0.4024913964423255
MACG,5.0,train,130,0.3142212642151081
MACG,5.0,train,131,0.2105231461492186
MACG,5.0,train,132,0.3271177371717162
MACG,5.0,train,133,0.3597159114703161
MACG,5.0,train,134,0.384401363478949
MACG,5.0,train,135,0.3115600171924166
MACG,5.0,train,136,0.3417631894240315
MACG,5.0,train,137,0.250762679130649
MACG,5.0,train,138,0.3690701464865751
MACG,5.0,train,139,0.4374505707945661
MACG,5.0,train,140,0.3940894280650233
MACG,5.0,train,141,0.2383283880291451
MACG,5.0,train,142,0.3576719972647376
MACG,5.0,train,143,0.3430234091969422
MACG,5.0,train,144,0.2852053445118988
MACG,5.0,train,145,0.3447680515775739
MACG,5.0,train,146,0.2844997180934406
MACG,5.0,train,147,0.3580063749629023
MACG,5.0,train,148,0.3410120700984509
MACG,5.0,train,149,0.2764407260472162
MACG,5.0,train,150,0.247142143407357
MACG,5.0,train,151,0.3533885072593712
MACG,5.0,train,152,0.2242109104725181
MACG,5.0,train,153,0.3658755638842783
MACG,5.0,train,154,0.3098963905082356
MACG,5.0,test,0,0.2310783346726065
MACG,5.0,test,1,0.4327226972549185
MACG,5.0,test,2,0.3530198275089641
MACG,5.0,test,3,0.4030302928577283
MACG,5.0,test,4,0.25742701443201
MACG,5.0,test,5,0.3100971905802634
MACG,5.0,test,6,0.2077576459493872
MACG,5.0,test,7,0.1825137810449062
MACG,5.0,test,8,0.4325788613570697
MACG,5.0,test,9,0.4058327430987689
MACG,5.0,test,10,0.3874332058678059
MACG,5.0,test,11,0.3186510530491838
MACG,5.0,test,12,0.3128395289154034
MACG,5.0,test,13,0.3709970925219666
MACG,5.0,test,14,0.4846743976752555
MACG,5.0,test,15,0.2663555158621521
MACG,5.0,test,16,0.2216701903141546
MACG,5.0,test,17,0.2628207002787122
MACG,5.0,test,18,0.3649735175599383
MACG,5.0,test,19,0.3706122790021395
MACG,5.0,test,20,0.255627860431304
MACG,5.0,test,21,0.2854038455060421
MACG,5.0,test,22,0.4346760540561914
MACG,5.0,test,23,0.3627467753238658
MACG,5.0,test,24,0.3490269596366805
MACG,5.0,test,25,0.3860191553847431
MACG,5.0,test,26,0.4482524813440111
MACG,5.0,test,27,0.3294805506037392
MACG,5.0,test,28,0.3820802544751321
MACG,5.0,test,29,0.4187293952886727
MACG,5.0,test,30,0.4228094883953482
MACG,5.0,test,31,0.3538116600450969
MACG,5.0,test,32,0.3824082020658227
MACG,5.0,test,33,0.3549387612456021
MACG,5.0,test,34,0.3350230572199892
MACG,5.0,test,35,0.4132385021471315
MACG,5.0,test,36,0.2362085095513085
MACG,5.0,test,37,0.3900115657681777
MACG,5.0,test,38,0.2798103896732013
MACG,5.0,test,39,0.4083543479517769
MACG,5.0,test,40,0.3553871741776118
MACG,5.0,test,41,0.2927647453729713
MACG,5.0,test,42,0.2538652129128106
MACG,5.0,test,43,0.2905531258072212
MACG,5.0,test,44,0.3809820752548661
MACG,5.0,test,45,0.4056308330734882
MACG,5.0,test,46,0.3262804375974342
MACG,5.0,test,47,0.2244993433164541
MACG,5.0,test,48,0.3350561616977584
MACG,5.0,test,49,0.419735621870171
MACG,5.0,test,50,0.2686124351086925
MACG,5.0,test,51,0.3009797589337119
MACG,5.0,test,52,0.2963549823423825
MACG,5.0,test,53,0.3969189630642183
MACG,5.0,test,54,0.4134884746167992
MACG,5.0,test,55,0.389887285909264
MACG,5.0,test,56,0.3597872793655097
MACG,5.0,test,57,0.3880327978132256
MACG,5.0,test,58,0.3595858578267688
MACG,5.0,test,59,0.3680104189551291
MACG,5.0,test,60,0.2759081237710298
MACG,5.0,test,61,0.2320060246198715
MACG,5.0,test,62,0.2930955472343703
MACG,5.0,test,63,0.3654408993697681
MACG,5.0,test,64,0.3687930704828407
MACG,5.0,test,65,0.3338109400904383
MACG,5.0,test,66,0.3333976398459375
MACG,5.0,test,67,0.5000557661387669
MACG,5.0,test,68,0.3819498066500554
MACG,5.0,test,69,0.3371483830906889
MACG,5.0,test,70,0.2810526585048433
MACG,5.0,test,71,0.2985015979509954
MACG,5.0,test,72,0.1477879731478728
MACG,5.0,test,73,0.3254651952781174
MACG,5.0,test,74,0.4986785559445199
MACG,5.0,test,75,0.2382265581656032
MACG,5.0,test,76,0.3472554577779195
MACG,5.0,test,77,0.2443777505302415
MACG,5.0,test,78,0.4059438760403224
MACG,5.0,test,79,0.3499212169388276
MACG,5.0,test,80,0.2352149914497199
MACG,5.0,test,81,0.3943034750225227
MACG,5.0,test,82,0.4609036680038352
MACG,5.0,test,83,0.2995715744594264
MACG,5.0,test,84,0.2872232915674766
MACG,5.0,test,85,0.2957172006845844
MACG,5.0,test,86,0.324659723480297
MACG,5.0,test,87,0.3592456500388057
MACG,5.0,test,88,0.3220395936999865
MACG,5.0,test,89,0.320332712900099
MACG,5.0,test,90,0.2759910631841881
MACG,5.0,test,91,0.3699400989047248
MACG,5.0,test,92,0.3349426345246581
MACG,5.0,test,93,0.3574908833622703
MACG,5.0,test,94,0.3439894419506676
MACG,5.0,test,95,0.3295727018187552
MACG,5.0,test,96,0.2731389991583317
MACG,5.0,test,97,0.2317916350702444
MACG,5.0,test,98,0.4115262409355771
MACG,10.0,train,0,0.3696275798172695
MACG,10.0,train,1,0.3649196630628977
MACG,10.0,train,2,0.4437383590926987
MACG,10.0,train,3,0.4605007024461096
MACG,10.0,train,4,0.4539387145561223
MACG,10.0,train,5,0.4061456297920547
MACG,10.0,train,6,0.4059633423843383
MACG,10.0,train,7,0.4472798466081964
MACG,10.0,train,8,0.4122060339612008
MACG,10.0,train,9,0.518827357711777
MACG,10.0,train,10,0.4735943815800874
MACG,10.0,train,11,0.505527595685069
MACG,10.0,train,12,0.5591901694810782
MACG,10.0,train,13,0.2933184972281037
MACG,10.0,train,14,0.3883899799240751
MACG,10.0,train,15,0.4773284296871489
MACG,10.0,train,16,0.4245913306470464
MACG,10.0,train,17,0.3722455789205832
MACG,10.0,train,18,0.4583724804415973
MACG,10.0,train,19,0.5605729262627898
MACG,10.0,train,20,0.4119987865730151
MACG,10.0,train,21,0.4596267116181085
MACG,10.0,train,22,0.3901526379994616
MACG,10.0,train,23,0.4081153693083402
MACG,10.0,train,24,0.5856812448083784
MACG,10.0,train,25,0.5439185649434912
MACG,10.0,train,26,0.5946914853009005
MACG,10.0,train,27,0.5140240028637836
MACG,10.0,train,28,0.4966768987815983
MACG,10.0,train,29,0.2897450853640913
MACG,10.0,train,30,0.5155310316441479
MACG,10.0,train,31,0.4464838063703517
MACG,10.0,train,32,0.4283781227469249
MACG,10.0,train,33,0.5377526856100996
MACG,10.0,train,34,0.5112114670149337
MACG,10.0,train,35,0.3682093063694327
MACG,10.0,train,36,0.332767841202325
MACG,10.0,train,37,0.3860190078061128
MACG,10.0,train,38,0.4397265046349293
MACG,10.0,train,39,0.5603174088601839
MACG,10.0,train,40,0.4083245762977137
MACG,10.0,train,41,0.2176975243361072
MACG,10.0,train,42,0.4356876637489515
MACG,10.0,train,43,0.2978383033546614
MACG,10.0,train,44,0.4980677413499351
MACG,10.0,train,45,0.6218185525036362
MACG,10.0,train,46,0.3876943744333432
MACG,10.0,train,47,0.446156824139461
MACG,10.0,train,48,0.3384214230835286
MACG,10.0,train,49,0.4719857233297951
MACG,10.0,train,50,0.4033334305933694
MACG,10.0,train,51,0.4641309556304548
MACG,10.0,train,52,0.4594016497471604
MACG,10.0,train,53,0.3583665312792509
MACG,10.0,train,54,0.4463945161203198
MACG,10.0,train,55,0.4479740327625522
MACG,10.0,train,56,0.3012795924238913
MACG,10.0,train,57,0.5655583265789336
MACG,10.0,train,58,0.528392135340083
MACG,10.0,train,59,0.4237347217515619
MACG,10.0,train,60,0.4414480804717613
MACG,10.0,train,61,0.5939854068317537
MACG,10.0,train,62,0.4574327347654459
MACG,10.0,train,63,0.6117340637918489
MACG,10.0,train,64,0.4934614946190286
MACG,10.0,train,65,0.6314702905800156
MACG,10.0,train,66,0.4428051342507314
MACG,10.0,train,67,0.3624755711471247
MACG,10.0,train,68,0.6191501272065221
MACG,10.0,train,69,0.4959501022301385
MACG,10.0,train,70,0.501770879940101
MACG,10.0,train,71,0.2963596466659938
MACG,10.0,train,72,0.4513333799619219
MACG,10.0,train,73,0.4408697239262603
MACG,10.0,train,74,0.53213375549382
MACG,10.0,train,75,0.4320490313528035
MACG,10.0,train,76,0.3917126231273277
MACG,10.0,train,77,0.5293647805152841
MACG,10.0,train,78,0.564175613954499
MACG,10.0,train,79,0.4926814558467227
MACG,10.0,train,80,0.4498587967894061
MACG,10.0,train,81,0.4052382838428288
MACG,10.0,train,82,0.4477007763209775
MACG,10.0,train,83,0.3706732231782366
MACG,10.0,train,84,0.4231421578394921
MACG,10.0,train,85,0.490534195140541
MACG,10.0,train,86,0.3912747755068201
MACG,10.0,train,87,0.5903825528347895
MACG,10.0,train,88,0.4456497729318011
MACG,10.0,train,89,0.360711500802781
MACG,10.0,train,90,0.4091412956886076
MACG,10.0,train,91,0.3984503924584153
MACG,10.0,train,92,0.524649360924097
MACG,10.0,train,93,0.4667664079977907
MACG,10.0,train,94,0.5663436222939771
MACG,10.0,train,95,0.3843560020363645
MACG,10.0,train,96,0.485132280384405
MACG,10.0,train,97,0.3965990806200171
MACG,10.0,train,98,0.3091514315385306
MACG,10.0,train,99,0.3195578657976622
MACG,10.0,train,100,0.527333594442171
MACG,10.0,train,101,0.407386916776325
MACG,10.0,train,102,0.5044871633351562
MACG,10.0,train,103,0.3143476351416712
MACG,10.0,train,104,0.5558158741523062
MACG,10.0,train,105,0.3207907466807459
MACG,10.0,train,106,0.4573945912019408
MACG,10.0,train,107,0.3385059879047962
MACG,10.0,train,108,0.4978502585811956
MACG,10.0,train,109,0.4952801031489126
MACG,10.0,train,110,0.4110392067024112
MACG,10.0,train,111,0.4369700996830206
MACG,10.0,train,112,0.5415703400779183
MACG,10.0,train,113,0.4593828358127755
MACG,10.0,train,114,0.4349886002587165
MACG,10.0,train,115,0.4790424552054938
MACG,10.0,train,116,0.4086193770762857
MACG,10.0,train,117,0.5021171106134075
MACG,10.0,train,118,0.4642390620674016
MACG,10.0,train,119,0.5703987872303843
MACG,10.0,train,120,0.3301024908838912
MACG,10.0,train,121,0.3998130409768355
MACG,10.0,train,122,0.4610373268201473
MACG,10.0,train,123,0.4081483272912592
MACG,10.0,train,124,0.4439534837971057
MACG,10.0,train,125,0.5218011899954483
MACG,10.0,train,126,0.6041571242477602
MACG,10.0,train,127,0.3065142737137523
MACG,10.0,train,128,0.3595635706934915
MACG,10.0,train,129,0.5500238927100034
MACG,10.0,train,130,0.3883695488668945
MACG,10.0,train,131,0.3218753746100293
MACG,10.0,train,132,0.4686114836593795
MACG,10.0,train,133,0.5394440468786313
MACG,10.0,train,134,0.528626474322322
MACG,10.0,train,135,0.5183994737326529
MACG,10.0,train,136,0.4228780275816841
MACG,10.0,train,137,0.4177657824946654
MACG,10.0,train,138,0.3771461911208515
MACG,10.0,train,139,0.5523804452638896
MACG,10.0,train,140,0.4341808316851468
MACG,10.0,train,141,0.3315290901635281
MACG,10.0,train,142,0.3796797044293343
MACG,10.0,train,143,0.4315471446151544
MACG,10.0,train,144,0.4178919772581951
MACG,10.0,train,145,0.4520832937261748
MACG,10.0,train,146,0.5090675372029643
MACG,10.0,train,147,0.5141735091730618
MACG,10.0,train,148,0.4363880494587623
MACG,10.0,train,149,0.4389924741473205
MACG,10.0,train,150,0.5302770385034808
MACG,10.0,train,151,0.4416229485799931
MACG,10.0,train,152,0.2459502211425943
MACG,10.0,train,153,0.540689006635083
MACG,10.0,train,154,0.4442879805962115
MACG,10.0,test,0,0.4044495666937207
MACG,10.0,test,1,0.5277726843735651
MACG,10.0,test,2,0.3772081367433043
MACG,10.0,test,3,0.390872350351499
MACG,10.0,test,4,0.4028589922088348
MACG,10.0,test,5,0.4853954209747279
MACG,10.0,test,6,0.3581292448467718
MACG,10.0,test,7,0.2711875174133145
MACG,10.0,test,8,0.5077086751824954
MACG,10.0,test,9,0.4252729803178956
MACG,10.0,test,10,0.5616793415526671
MACG,10.0,test,11,0.3966192201933119
MACG,10.0,test,12,0.4755024053766
MACG,10.0,test,13,0.4258350530848372
MACG,10.0,test,14,0.5873239257746026
MACG,10.0,test,15,0.3378495281008142
MACG,10.0,test,16,0.3307914535820761
MACG,10.0,test,17,0.4070139927481602
MACG,10.0,test,18,0.4939059555173201
MACG,10.0,test,19,0.5304855333029594
MACG,10.0,test,20,0.3476525074440986
MACG,10.0,test,21,0.4172328011289642
MACG,10.0,test,22,0.506175369961228
MACG,10.0,test,23,0.5043211157902083
MACG,10.0,test,24,0.3768150396773421
MACG,10.0,test,25,0.4477236945857903
MACG,10.0,test,26,0.538057973162467
MACG,10.0,test,27,0.3364601588092433
MACG,10.0,test,28,0.5272104487236079
MACG,10.0,test,29,0.5521637592315561
MACG,10.0,test,30,0.5658193138570211
MACG,10.0,test,31,0.4040485511881786
MACG,10.0,test,32,0.4595684079631709
MACG,10.0,test,33,0.340228460220893
MACG,10.0,test,34,0.3966579946339599
MACG,10.0,test,35,0.5078185381890563
MACG,10.0,test,36,0.2623863328649879
MACG,10.0,test,37,0.5692214362260756
MACG,10.0,test,38,0.3346925825752371
MACG,10.0,test,39,0.3922988835241323
MACG,10.0,test,40,0.5679344364714674
MACG,10.0,test,41,0.4884569447809885
MACG,10.0,test,42,0.4427648297486353
MACG,10.0,test,43,0.3440840886469954
MACG,10.0,test,44,0.4768416271064654
MACG,10.0,test,45,0.4751625012828783
MACG,10.0,test,46,0.4475555889065618
MACG,10.0,test,47,0.3877667680795959
MACG,10.0,test,48,0.4169024761209526
MACG,10.0,test,49,0.4654125256160412
MACG,10.0,test,50,0.4371084761962629
MACG,10.0,test,51,0.497420154395026
MACG,10.0,test,52,0.4044196046677367
MACG,10.0,test,53,0.4900519050423403
MACG,10.0,test,54,0.5230136892884729
MACG,10.0,test,55,0.4649126609689853
MACG,10.0,test,56,0.4772017629299451
MACG,10.0,test,57,0.5026563426582014
MACG,10.0,test,58,0.5404375804755719
MACG,10.0,test,59,0.3929997722964679
MACG,10.0,test,60,0.3483506209595262
MACG,10.0,test,61,0.2881238447620153
MACG,10.0,test,62,0.3976620232021702
MACG,10.0,test,63,0.3707131842858671
MACG,10.0,test,64,0.558971682434649
MACG,10.0,test,65,0.3232842750150436
MACG,10.0,test,66,0.5391167409432925
MACG,10.0,test,67,0.5478516381610062
MACG,10.0,test,68,0.4129444768455784
MACG,10.0,test,69,0.3847676160267382
MACG,10.0,test,70,0.3699610564204525
MACG,10.0,test,71,0.4342893608190967
MACG,10.0,test,72,0.2900045098173345
MACG,10.0,test,73,0.4413766603632618
MACG,10.0,test,74,0.522690680587241
MACG,10.0,test,75,0.3200176096959335
MACG,10.0,test,76,0.4198332245732681
MACG,10.0,test,77,0.3036162006381959
MACG,10.0,test,78,0.3945789454710546
MACG,10.0,test,79,0.4548885289205249
MACG,10.0,test,80,0.2340644833353144
MACG,10.0,test,81,0.5642937283962283
MACG,10.0,test,82,0.4953554490801632
MACG,10.0,test,83,0.398889577906153
MACG,10.0,test,84,0.413133085350614
MACG,10.0,test,85,0.4624418449466081
MACG,10.0,test,86,0.3152356228164565
MACG,10.0,test,87,0.4633558965830745
MACG,10.0,test,88,0.5601439580500396
MACG,10.0,test,89,0.3852484010670126
MACG,10.0,test,90,0.3770361825557243
MACG,10.0,test,91,0.3975247952912655
MACG,10.0,test,92,0.3262792408780006
MACG,10.0,test,93,0.5241275370662689
MACG,10.0,test,94,0.4980530176188007
MACG,10.0,test,95,0.3964098095172332
MACG,10.0,test,96,0.4219401692408119
MACG,10.0,test,97,0.3812507595137962
MACG,10.0,test,98,0.4939021069661339
MACG,25.0,train,0,0.4509381640498435
MACG,25.0,train,1,0.4214608093701157
MACG,25.0,train,2,0.4812229897316081
MACG,25.0,train,3,0.4043561312710263
MACG,25.0,train,4,0.6546457779978166
MACG,25.0,train,5,0.5331866821381815
MACG,25.0,train,6,0.5495664473152693
MACG,25.0,train,7,0.463443383351292
MACG,25.0,train,8,0.4429228081656922
MACG,25.0,train,9,0.4950674253138327
MACG,25.0,train,10,0.5342423551870545
MACG,25.0,train,11,0.601140002627328
MACG,25.0,train,12,0.6669801645177927
MACG,25.0,train,13,0.3096518866424831
MACG,25.0,train,14,0.5076476821902121
MACG,25.0,train,15,0.5424966671518716
MACG,25.0,train,16,0.5830850538669073
MACG,25.0,train,17,0.5090077891591375
MACG,25.0,train,18,0.544186692648067
MACG,25.0,train,19,0.5966127110118435
MACG,25.0,train,20,0.4564269601130159
MACG,25.0,train,21,0.6016378843977104
MACG,25.0,train,22,0.4847845308220165
MACG,25.0,train,23,0.4740425202218392
MACG,25.0,train,24,0.7404057005473835
MACG,25.0,train,25,0.5968164980990702
MACG,25.0,train,26,0.6606021005747034
MACG,25.0,train,27,0.5915494244382222
MACG,25.0,train,28,0.5635289641274653
MACG,25.0,train,29,0.3870968938509158
MACG,25.0,train,30,0.5857058779912614
MACG,25.0,train,31,0.480261984752061
MACG,25.0,train,32,0.5645493996163586
MACG,25.0,train,33,0.6380517992347159
MACG,25.0,train,34,0.5759465166523059
MACG,25.0,train,35,0.3606488428634786
MACG,25.0,train,36,0.3988342019096013
MACG,25.0,train,37,0.6027187861783659
MACG,25.0,train,38,0.5191026884532043
MACG,25.0,train,39,0.5429817500257142
MACG,25.0,train,40,0.4664613056053183
MACG,25.0,train,41,0.2219206063179243
MACG,25.0,train,42,0.5922089855637992
MACG,25.0,train,43,0.3952113668498643
MACG,25.0,train,44,0.5527902101331844
MACG,25.0,train,45,0.5293503458692744
MACG,25.0,train,46,0.5724080533340249
MACG,25.0,train,47,0.5247994408947152
MACG,25.0,train,48,0.3995838970715299
MACG,25.0,train,49,0.5747118942301616
MACG,25.0,train,50,0.5715088446353325
MACG,25.0,train,51,0.5399270311560905
MACG,25.0,train,52,0.5947597542882913
MACG,25.0,train,53,0.3723103823362887
MACG,25.0,train,54,0.6020867461608298
MACG,25.0,train,55,0.4778967338388655
MACG,25.0,train,56,0.6002137284043217
MACG,25.0,train,57,0.5917408347842174
MACG,25.0,train,58,0.5099476198049379
MACG,25.0,train,59,0.5169495249663775
MACG,25.0,train,60,0.4394456229422186
MACG,25.0,train,61,0.5989360305929452
MACG,25.0,train,62,0.5325840884315505
MACG,25.0,train,63,0.6414645658992917
MACG,25.0,train,64,0.53172456045113
MACG,25.0,train,65,0.7242839981698822
MACG,25.0,train,66,0.460584629974386
MACG,25.0,train,67,0.4444336677203108
MACG,25.0,train,68,0.5581479483344088
MACG,25.0,train,69,0.6602253759161726
MACG,25.0,train,70,0.64020464752288
MACG,25.0,train,71,0.3268882685471517
MACG,25.0,train,72,0.5754321331026199
MACG,25.0,train,73,0.4555520113936743
MACG,25.0,train,74,0.4705649293824678
MACG,25.0,train,75,0.4841815374792365
MACG,25.0,train,76,0.4580456747734057
MACG,25.0,train,77,0.5607864737738579
MACG,25.0,train,78,0.5628049017597925
MACG,25.0,train,79,0.5273258969319067
MACG,25.0,train,80,0.5045282477813255
MACG,25.0,train,81,0.4726965763110481
MACG,25.0,train,82,0.597986168097083
MACG,25.0,train,83,0.4289449522028199
MACG,25.0,train,84,0.497502706896
MACG,25.0,train,85,0.4948946295162914
MACG,25.0,train,86,0.40329518342345
MACG,25.0,train,87,0.649231675814774
MACG,25.0,train,88,0.5664725264243491
MACG,25.0,train,89,0.510682784630703
MACG,25.0,train,90,0.5092448069543974
MACG,25.0,train,91,0.5325214216813929
MACG,25.0,train,92,0.5261264343898122
MACG,25.0,train,93,0.5105238623220448
MACG,25.0,train,94,0.5941327682789609
MACG,25.0,train,95,0.4669568202487137
MACG,25.0,train,96,0.5065457742444404
MACG,25.0,train,97,0.5399644354308539
MACG,25.0,train,98,0.2902126012259343
MACG,25.0,train,99,0.3916699891099299
MACG,25.0,train,100,0.5009132573435122
MACG,25.0,train,101,0.5183361438792146
MACG,25.0,train,102,0.5335328083499103
MACG,25.0,train,103,0.4959445630718585
MACG,25.0,train,104,0.5912587857741084
MACG,25.0,train,105,0.3361999476372346
MACG,25.0,train,106,0.5246802200833761
MACG,25.0,train,107,0.4718619240368347
MACG,25.0,train,108,0.4331719309625503
MACG,25.0,train,109,0.569300851161422
MACG,25.0,train,110,0.5009188207629423
MACG,25.0,train,111,0.4913322731530279
MACG,25.0,train,112,0.5700235559323292
MACG,25.0,train,113,0.6205063501796688
MACG,25.0,train,114,0.4722146694686178
MACG,25.0,train,115,0.5765156149629057
MACG,25.0,train,116,0.5291013720715285
MACG,25.0,train,117,0.55599212541672
MACG,25.0,train,118,0.5595789456357025
MACG,25.0,train,119,0.619481564311391
MACG,25.0,train,120,0.4122088182394551
MACG,25.0,train,121,0.5098896889551366
MACG,25.0,train,122,0.4826921758487396
MACG,25.0,train,123,0.512551549987068
MACG,25.0,train,124,0.5258452762677186
MACG,25.0,train,125,0.5231104753865987
MACG,25.0,train,126,0.6594587365799234
MACG,25.0,train,127,0.3043264272964709
MACG,25.0,train,128,0.3439986456051434
MACG,25.0,train,129,0.5773354804714231
MACG,25.0,train,130,0.5366702004302286
MACG,25.0,train,131,0.5010947417473421
MACG,25.0,train,132,0.5150516928963533
MACG,25.0,train,133,0.6058797655108031
MACG,25.0,train,134,0.6634974702043667
MACG,25.0,train,135,0.5392656711394721
MACG,25.0,train,136,0.593118920014931
MACG,25.0,train,137,0.3455716604193953
MACG,25.0,train,138,0.5612936723149319
MACG,25.0,train,139,0.6172366213055922
MACG,25.0,train,140,0.5573353875464423
MACG,25.0,train,141,0.4295735336554988
MACG,25.0,train,142,0.4827469119680219
MACG,25.0,train,143,0.540215425328914
MACG,25.0,train,144,0.4268264478857168
MACG,25.0,train,145,0.5413477768631091
MACG,25.0,train,146,0.5246698023432474
MACG,25.0,train,147,0.5371551845819893
MACG,25.0,train,148,0.4020032391087672
MACG,25.0,train,149,0.4816116968911755
MACG,25.0,train,150,0.5969404932636125
MACG,25.0,train,151,0.4925555647647289
MACG,25.0,train,152,0.3342453031013465
MACG,25.0,train,153,0.5386223531295834
MACG,25.0,train,154,0.4869953032841304
MACG,25.0,test,0,0.412582469112245
MACG,25.0,test,1,0.565192041502908
MACG,25.0,test,2,0.6129644615093148
MACG,25.0,test,3,0.4743058954275433
MACG,25.0,test,4,0.4610256994823075
MACG,25.0,test,5,0.5670531223216719
MACG,25.0,test,6,0.3931317607625337
MACG,25.0,test,7,0.3729642157299761
MACG,25.0,test,8,0.5734956787722705
MACG,25.0,test,9,0.4092919151888949
MACG,25.0,test,10,0.5511978136448342
MACG,25.0,test,11,0.4415335222206255
MACG,25.0,test,12,0.5056273811344472
MACG,25.0,test,13,0.4071800147929081
MACG,25.0,test,14,0.6393004003222553
MACG,25.0,test,15,0.4850092987616788
MACG,25.0,test,16,0.3811394298529585
MACG,25.0,test,17,0.4382523279544536
MACG,25.0,test,18,0.5668773566817382
MACG,25.0,test,19,0.6569836951966904
MACG,25.0,test,20,0.4254567500263153
MACG,25.0,test,21,0.4304851535443225
MACG,25.0,test,22,0.6094764012847013
MACG,25.0,test,23,0.5540493142173953
MACG,25.0,test,24,0.4671938411459804
MACG,25.0,test,25,0.5429178632013696
MACG,25.0,test,26,0.5181304433180342
MACG,25.0,test,27,0.444502607848947
MACG,25.0,test,28,0.4357434691909509
MACG,25.0,test,29,0.5670848928219777
MACG,25.0,test,30,0.5530553618124036
MACG,25.0,test,31,0.3636684602717749
MACG,25.0,test,32,0.4853763990277565
MACG,25.0,test,33,0.4634552953218661
MACG,25.0,test,34,0.4409574179753213
MACG,25.0,test,35,0.4535630451940766
MACG,25.0,test,36,0.3089462042481604
MACG,25.0,test,37,0.5981631214299321
MACG,25.0,test,38,0.3792215504975934
MACG,25.0,test,39,0.4805929249805534
MACG,25.0,test,40,0.635161401940428
MACG,25.0,test,41,0.5182012634205962
MACG,25.0,test,42,0.4556384414604001
MACG,25.0,test,43,0.3446195179815217
MACG,25.0,test,44,0.5442227671478314
MACG,25.0,test,45,0.4804113707286235
MACG,25.0,test,46,0.4318160420419477
MACG,25.0,test,47,0.3709011167572756
MACG,25.0,test,48,0.5157825677410126
MACG,25.0,test,49,0.5564598702183418
MACG,25.0,test,50,0.4159416092156954
MACG,25.0,test,51,0.4135557637172781
MACG,25.0,test,52,0.4405487910214861
MACG,25.0,test,53,0.5055938906595614
MACG,25.0,test,54,0.549718805187234
MACG,25.0,test,55,0.4611588807785888
MACG,25.0,test,56,0.4379334764074704
MACG,25.0,test,57,0.6041849644109856
MACG,25.0,test,58,0.5689671794176033
MACG,25.0,test,59,0.4552626679358302
MACG,25.0,test,60,0.4006089583584502
MACG,25.0,test,61,0.3408860284502961
MACG,25.0,test,62,0.4292796102796142
MACG,25.0,test,63,0.4854018552017261
MACG,25.0,test,64,0.5639784270731936
MACG,25.0,test,65,0.3405135686500146
MACG,25.0,test,66,0.492750105914401
MACG,25.0,test,67,0.5739687186351682
MACG,25.0,test,68,0.3103977709705309
MACG,25.0,test,69,0.4359911542935475
MACG,25.0,test,70,0.4120408943906071
MACG,25.0,test,71,0.4098899727483628
MACG,25.0,test,72,0.3199039847936003
MACG,25.0,test,73,0.4905208497465946
MACG,25.0,test,74,0.5508438613325152
MACG,25.0,test,75,0.42836772739114
MACG,25.0,test,76,0.4426389221649867
MACG,25.0,test,77,0.4619519664827943
MACG,25.0,test,78,0.5343799697297104
MACG,25.0,test,79,0.5471726027204946
MACG,25.0,test,80,0.3324290855247422
MACG,25.0,test,81,0.6548570681763543
MACG,25.0,test,82,0.5394202723155924
MACG,25.0,test,83,0.4386182307863869
MACG,25.0,test,84,0.4503890707138272
MACG,25.0,test,85,0.4760379832899397
MACG,25.0,test,86,0.4171827154691594
MACG,25.0,test,87,0.4996194577696243
MACG,25.0,test,88,0.5419847910357904
MACG,25.0,test,89,0.4290645415044323
MACG,25.0,test,90,0.4457744182719425
MACG,25.0,test,91,0.4904234410136453
MACG,25.0,test,92,0.3576255586762465
MACG,25.0,test,93,0.518114573865483
MACG,25.0,test,94,0.5188460407344192
MACG,25.0,test,95,0.5116535360027085
MACG,25.0,test,96,0.4766614866604747
MACG,25.0,test,97,0.367026279244021
MACG,25.0,test,98,0.6197855047493107
MACG,50.0,train,0,0.4712087799589058
MACG,50.0,train,1,0.4196560203981435
MACG,50.0,train,2,0.4768789269072812
MACG,50.0,train,3,0.4196223410479908
MACG,50.0,train,4,0.5974074017880872
MACG,50.0,train,5,0.5264335458575505
MACG,50.0,train,6,0.5638345283405799
MACG,50.0,train,7,0.4871347673504881
MACG,50.0,train,8,0.412450137944669
MACG,50.0,train,9,0.5236924699425346
MACG,50.0,train,10,0.5347654644323571
MACG,50.0,train,11,0.5778883500936132
MACG,50.0,train,12,0.6355138374125529
MACG,50.0,train,13,0.3392896897059455
MACG,50.0,train,14,0.5169670365767255
MACG,50.0,train,15,0.5142389566682117
MACG,50.0,train,16,0.6752369665946534
MACG,50.0,train,17,0.5254902615188511
MACG,50.0,train,18,0.5142452158218618
MACG,50.0,train,19,0.6276985511621425
MACG,50.0,train,20,0.4538329433966858
MACG,50.0,train,21,0.6053822648763856
MACG,50.0,train,22,0.4622274439250481
MACG,50.0,train,23,0.515446857583975
MACG,50.0,train,24,0.6624757213451119
MACG,50.0,train,25,0.6492495284378264
MACG,50.0,train,26,0.7075552950703632
MACG,50.0,train,27,0.614646632616614
MACG,50.0,train,28,0.6285377929636226
MACG,50.0,train,29,0.3754704133160526
MACG,50.0,train,30,0.636025806035794
MACG,50.0,train,31,0.5403809717254473
MACG,50.0,train,32,0.634791831763878
MACG,50.0,train,33,0.6436240171139944
MACG,50.0,train,34,0.5707404410031713
MACG,50.0,train,35,0.4219238477271733
MACG,50.0,train,36,0.3904893738791227
MACG,50.0,train,37,0.5288702834550696
MACG,50.0,train,38,0.5423073547931432
MACG,50.0,train,39,0.4952783794132826
MACG,50.0,train,40,0.4650296412461323
MACG,50.0,train,41,0.30258455022635
MACG,50.0,train,42,0.5507442417677323
MACG,50.0,train,43,0.4433812214598763
MACG,50.0,train,44,0.5349675778263454
MACG,50.0,train,45,0.664908703329336
MACG,50.0,train,46,0.5447799309931511
MACG,50.0,train,47,0.4922148214503735
MACG,50.0,train,48,0.4225970219496308
MACG,50.0,train,49,0.5344398975158449
MACG,50.0,train,50,0.5518551569215838
MACG,50.0,train,51,0.5073897979871401
MACG,50.0,train,52,0.6215504730340257
MACG,50.0,train,53,0.4270383315128479
MACG,50.0,train,54,0.6010338384723085
MACG,50.0,train,55,0.5425292697125716
MACG,50.0,train,56,0.5406086697566453
MACG,50.0,train,57,0.6045858628855284
MACG,50.0,train,58,0.5030566899419918
MACG,50.0,train,59,0.5503048379038463
MACG,50.0,train,60,0.5397378895661231
MACG,50.0,train,61,0.553397973922771
MACG,50.0,train,62,0.5505017988362795
MACG,50.0,train,63,0.6265892755017728
MACG,50.0,train,64,0.6123902021974074
MACG,50.0,train,65,0.6747513463528622
MACG,50.0,train,66,0.6109362884003506
MACG,50.0,train,67,0.4345635079231619
MACG,50.0,train,68,0.620479203765413
MACG,50.0,train,69,0.666767551874884
MACG,50.0,train,70,0.6800877272281222
MACG,50.0,train,71,0.359490148698077
MACG,50.0,train,72,0.5278911808211784
MACG,50.0,train,73,0.4711150523471394
MACG,50.0,train,74,0.5783950186818477
MACG,50.0,train,75,0.4661410299931361
MACG,50.0,train,76,0.4865175859194771
MACG,50.0,train,77,0.5819407778778249
MACG,50.0,train,78,0.595096089276827
MACG,50.0,train,79,0.672047338418889
MACG,50.0,train,80,0.4919268017411592
MACG,50.0,train,81,0.450456204171519
MACG,50.0,train,82,0.5618499358459067
MACG,50.0,train,83,0.4657906741403643
MACG,50.0,train,84,0.5566083461099414
MACG,50.0,train,85,0.5807782577230512
MACG,50.0,train,86,0.526695492567385
MACG,50.0,train,87,0.6744192540608386
MACG,50.0,train,88,0.566543915238063
MACG,50.0,train,89,0.577256370801114
MACG,50.0,train,90,0.4613754945159984
MACG,50.0,train,91,0.5462139024062671
MACG,50.0,train,92,0.5722489724675959
MACG,50.0,train,93,0.4460112558919577
MACG,50.0,train,94,0.5982771172571715
MACG,50.0,train,95,0.4711385776070286
MACG,50.0,train,96,0.5794771805802941
MACG,50.0,train,97,0.5626231887522557
MACG,50.0,train,98,0.3878591315278232
MACG,50.0,train,99,0.4703842846778807
MACG,50.0,train,100,0.5972815235972735
MACG,50.0,train,101,0.6185976321710359
MACG,50.0,train,102,0.5386007738020147
MACG,50.0,train,103,0.5286466030491146
MACG,50.0,train,104,0.6057196710209447
MACG,50.0,train,105,0.3621325649702852
MACG,50.0,train,106,0.5255181047035438
MACG,50.0,train,107,0.4848930240984954
MACG,50.0,train,108,0.4134143164128088
MACG,50.0,train,109,0.5485686969696943
MACG,50.0,train,110,0.5225522600693642
MACG,50.0,train,111,0.5559620176687796
MACG,50.0,train,112,0.6052887293214833
MACG,50.0,train,113,0.5857678363393721
MACG,50.0,train,114,0.4363909034506842
MACG,50.0,train,115,0.6445272718360716
MACG,50.0,train,116,0.512442815797355
MACG,50.0,train,117,0.595377605074048
MACG,50.0,train,118,0.4939601446023108
MACG,50.0,train,119,0.6243500215566896
MACG,50.0,train,120,0.4317713694284962
MACG,50.0,train,121,0.4796616245597054
MACG,50.0,train,122,0.5050250812283218
MACG,50.0,train,123,0.5696442709216188
MACG,50.0,train,124,0.4792964674223951
MACG,50.0,train,125,0.6198951300699427
MACG,50.0,train,126,0.7440431213075609
MACG,50.0,train,127,0.3987771914819781
MACG,50.0,train,128,0.4789721784209597
MACG,50.0,train,129,0.559009202850998
MACG,50.0,train,130,0.4728997036913503
MACG,50.0,train,131,0.4575076749118112
MACG,50.0,train,132,0.4242711776058353
MACG,50.0,train,133,0.5561983950280083
MACG,50.0,train,134,0.589663233636692
MACG,50.0,train,135,0.5348206097443472
MACG,50.0,train,136,0.5877868308065128
MACG,50.0,train,137,0.4092090360781641
MACG,50.0,train,138,0.5839158619113827
MACG,50.0,train,139,0.629700447709953
MACG,50.0,train,140,0.5249657738947404
MACG,50.0,train,141,0.3840459933443703
MACG,50.0,train,142,0.5038672677512143
MACG,50.0,train,143,0.640639987229118
MACG,50.0,train,144,0.4979157958135503
MACG,50.0,train,145,0.5249520038183807
MACG,50.0,train,146,0.5020608236357809
MACG,50.0,train,147,0.6235911681094273
MACG,50.0,train,148,0.4619860316715424
MACG,50.0,train,149,0.5571442032307791
MACG,50.0,train,150,0.6419150045768376
MACG,50.0,train,151,0.5082009979761023
MACG,50.0,train,152,0.4584884094050656
MACG,50.0,train,153,0.5604049685735459
MACG,50.0,train,154,0.5214465892521083
MACG,50.0,test,0,0.407255330057231
MACG,50.0,test,1,0.5565255117939426
MACG,50.0,test,2,0.6273635682222525
MACG,50.0,test,3,0.5263206081816465
MACG,50.0,test,4,0.4487920717600736
MACG,50.0,test,5,0.5435323128616162
MACG,50.0,test,6,0.3682930941115919
MACG,50.0,test,7,0.3758056526008737
MACG,50.0,test,8,0.4954489242683503
MACG,50.0,test,9,0.5045853786754245
MACG,50.0,test,10,0.5369169098839306
MACG,50.0,test,11,0.4447630530747953
MACG,50.0,test,12,0.5308154874990962
MACG,50.0,test,13,0.497740292710822
MACG,50.0,test,14,0.6522251536539582
MACG,50.0,test,15,0.4330354647566437
MACG,50.0,test,16,0.334124351825402
MACG,50.0,test,17,0.4269411910282512
MACG,50.0,test,18,0.5493409774720245
MACG,50.0,test,19,0.6209823440945569
MACG,50.0,test,20,0.3961513536133175
MACG,50.0,test,21,0.4777678667408975
MACG,50.0,test,22,0.6105043499280607
MACG,50.0,test,23,0.5626978837521803
MACG,50.0,test,24,0.4507819457890541
MACG,50.0,test,25,0.4609781048513875
MACG,50.0,test,26,0.5140114833644416
MACG,50.0,test,27,0.4210390161907487
MACG,50.0,test,28,0.5097714615838783
MACG,50.0,test,29,0.541683273133879
MACG,50.0,test,30,0.5357677121294702
MACG,50.0,test,31,0.4543231789206899
MACG,50.0,test,32,0.4436688800830923
MACG,50.0,test,33,0.5712386893739742
MACG,50.0,test,34,0.3992736549234816
MACG,50.0,test,35,0.550726885083019
MACG,50.0,test,36,0.3090405857408024
MACG,50.0,test,37,0.6015877022160202
MACG,50.0,test,38,0.3089611787754504
MACG,50.0,test,39,0.5429413203444159
MACG,50.0,test,40,0.6294453604618739
MACG,50.0,test,41,0.4480884470324588
MACG,50.0,test,42,0.5459929386397874
MACG,50.0,test,43,0.3854896294940422
MACG,50.0,test,44,0.455749795351457
MACG,50.0,test,45,0.5567926872915839
MACG,50.0,test,46,0.4626641891056029
MACG,50.0,test,47,0.3753401821045171
MACG,50.0,test,48,0.4733543205809071
MACG,50.0,test,49,0.5843143420458918
MACG,50.0,test,50,0.4551573446979885
MACG,50.0,test,51,0.4195359724355439
MACG,50.0,test,52,0.4587636341338422
MACG,50.0,test,53,0.5039528139049086
MACG,50.0,test,54,0.5897136037712439
MACG,50.0,test,55,0.4987905787909008
MACG,50.0,test,56,0.4793021909715032
MACG,50.0,test,57,0.5840881518243368
MACG,50.0,test,58,0.5380410476630981
MACG,50.0,test,59,0.4184347727199852
MACG,50.0,test,60,0.3669755572610515
MACG,50.0,test,61,0.3809129635526902
MACG,50.0,test,62,0.3914539047683123
MACG,50.0,test,63,0.5680605542295543
MACG,50.0,test,64,0.5702273141926426
MACG,50.0,test,65,0.3828714609279666
MACG,50.0,test,66,0.5151683939920615
MACG,50.0,test,67,0.537925213068848
MACG,50.0,test,68,0.3473855843916729
MACG,50.0,test,69,0.4724330361766087
MACG,50.0,test,70,0.4342129917071617
MACG,50.0,test,71,0.5170472050502941
MACG,50.0,test,72,0.2581807454094114
MACG,50.0,test,73,0.5007308040588685
MACG,50.0,test,74,0.4923746859762566
MACG,50.0,test,75,0.4378891475932061
MACG,50.0,test,76,0.4896419756865448
MACG,50.0,test,77,0.4461754743321519
MACG,50.0,test,78,0.5297876865649239
MACG,50.0,test,79,0.5640723345163962
MACG,50.0,test,80,0.3750915566121369
MACG,50.0,test,81,0.597277374219527
MACG,50.0,test,82,0.548775491045341
MACG,50.0,test,83,0.460563940201205
MACG,50.0,test,84,0.4816139155871508
MACG,50.0,test,85,0.4895867643402283
MACG,50.0,test,86,0.4755169280589111
MACG,50.0,test,87,0.5797372535029442
MACG,50.0,test,88,0.506205059525554
MACG,50.0,test,89,0.4214603911953058
MACG,50.0,test,90,0.4183327578521184
MACG,50.0,test,91,0.4751802510251672
MACG,50.0,test,92,0.4233954426204897
MACG,50.0,test,93,0.5146073101790484
MACG,50.0,test,94,0.5783953583670044
MACG,50.0,test,95,0.5043763996613447
MACG,50.0,test,96,0.537188098147005
MACG,50.0,test,97,0.4238009528879166
MACG,50.0,test,98,0.6767521277816514
Singular Wishart,1.0,train,0,0.213328690108099
Singular Wishart,1.0,train,1,0.2014976664204438
Singular Wishart,1.0,train,2,0.183700669192022
Singular Wishart,1.0,train,3,0.137320993890616
Singular Wishart,1.0,train,4,0.2476128988807943
Singular Wishart,1.0,train,5,0.2333590864370552
Singular Wishart,1.0,train,6,0.1829319852122399
Singular Wishart,1.0,train,7,0.185696077701168
Singular Wishart,1.0,train,8,0.2221427255565831
Singular Wishart,1.0,train,9,0.2962312180681773
Singular Wishart,1.0,train,10,0.2327313056759925
Singular Wishart,1.0,train,11,0.2525093759274229
Singular Wishart,1.0,train,12,0.2457297427159199
Singular Wishart,1.0,train,13,0.2576825725890051
Singular Wishart,1.0,train,14,0.1790510985842957
Singular Wishart,1.0,train,15,0.2075069124544661
Singular Wishart,1.0,train,16,0.2451483252263843
Singular Wishart,1.0,train,17,0.2302316077521755
Singular Wishart,1.0,train,18,0.3456228833499691
Singular Wishart,1.0,train,19,0.1694200044382969
Singular Wishart,1.0,train,20,0.1988179720580072
Singular Wishart,1.0,train,21,0.1499994358810056
Singular Wishart,1.0,train,22,0.1887446574942006
Singular Wishart,1.0,train,23,0.2849663921625461
Singular Wishart,1.0,train,24,0.3608065096595615
Singular Wishart,1.0,train,25,0.2882934087621296
Singular Wishart,1.0,train,26,0.1824901196196007
Singular Wishart,1.0,train,27,0.1985856354563644
Singular Wishart,1.0,train,28,0.2245221375048959
Singular Wishart,1.0,train,29,0.21175585525217
Singular Wishart,1.0,train,30,0.1689610325625436
Singular Wishart,1.0,train,31,0.219304253620351
Singular Wishart,1.0,train,32,0.2873864380642358
Singular Wishart,1.0,train,33,0.2417835834988833
Singular Wishart,1.0,train,34,0.2601725738652871
Singular Wishart,1.0,train,35,0.2106840181128131
Singular Wishart,1.0,train,36,0.1862537573536466
Singular Wishart,1.0,train,37,0.2065275167686378
Singular Wishart,1.0,train,38,0.2439508440793666
Singular Wishart,1.0,train,39,0.2023293245949285
Singular Wishart,1.0,train,40,0.2348253279649688
Singular Wishart,1.0,train,41,0.2541943962885884
Singular Wishart,1.0,train,42,0.1483636084628926
Singular Wishart,1.0,train,43,0.2494618818192441
Singular Wishart,1.0,train,44,0.3004487396158458
Singular Wishart,1.0,train,45,0.2263054806207503
Singular Wishart,1.0,train,46,0.1622978337046624
Singular Wishart,1.0,train,47,0.1581574526803483
Singular Wishart,1.0,train,48,0.2682563547131298
Singular Wishart,1.0,train,49,0.2351319382427217
Singular Wishart,1.0,train,50,0.231592059179544
Singular Wishart,1.0,train,51,0.2211432094349845
Singular Wishart,1.0,train,52,0.3152382247340403
Singular Wishart,1.0,train,53,0.2590636307653017
Singular Wishart,1.0,train,54,0.2106350317919722
Singular Wishart,1.0,train,55,0.2078336462792459
Singular Wishart,1.0,train,56,0.2168655250055605
Singular Wishart,1.0,train,57,0.3555105130043593
Singular Wishart,1.0,train,58,0.2225367178790406
Singular Wishart,1.0,train,59,0.1947051979808201
Singular Wishart,1.0,train,60,0.2144181747126398
Singular Wishart,1.0,train,61,0.2117601947375864
Singular Wishart,1.0,train,62,0.1866020523629465
Singular Wishart,1.0,train,63,0.1938430762079824
Singular Wishart,1.0,train,64,0.2393802963113569
Singular Wishart,1.0,train,65,0.2038193987628674
Singular Wishart,1.0,train,66,0.1938604323106187
Singular Wishart,1.0,train,67,0.2264079561887499
Singular Wishart,1.0,train,68,0.2224217192503046
Singular Wishart,1.0,train,69,0.266236927470722
Singular Wishart,1.0,train,70,0.2113106505271883
Singular Wishart,1.0,train,71,0.2414049895468317
Singular Wishart,1.0,train,72,0.1857360211993849
Singular Wishart,1.0,train,73,0.1745000183985342
Singular Wishart,1.0,train,74,0.2419676964301729
Singular Wishart,1.0,train,75,0.1567733850880143
Singular Wishart,1.0,train,76,0.2353146861987092
Singular Wishart,1.0,train,77,0.2118647351347544
Singular Wishart,1.0,train,78,0.2662490678360313
Singular Wishart,1.0,train,79,0.2466786497179201
Singular Wishart,1.0,train,80,0.2133234419152648
Singular Wishart,1.0,train,81,0.2007494661930429
Singular Wishart,1.0,train,82,0.1703947484008176
Singular Wishart,1.0,train,83,0.1553100973010181
Singular Wishart,1.0,train,84,0.2326238707512119
Singular Wishart,1.0,train,85,0.1754816054374667
Singular Wishart,1.0,train,86,0.1533219657518368
Singular Wishart,1.0,train,87,0.2370295813957102
Singular Wishart,1.0,train,88,0.3057233180774084
Singular Wishart,1.0,train,89,0.2538529300042551
Singular Wishart,1.0,train,90,0.2166302877680908
Singular Wishart,1.0,train,91,0.2019060542215825
Singular Wishart,1.0,train,92,0.1903399591775763
Singular Wishart,1.0,train,93,0.2440443335854937
Singular Wishart,1.0,train,94,0.2214138335375659
Singular Wishart,1.0,train,95,0.2095074356717307
Singular Wishart,1.0,train,96,0.2180781363494135
Singular Wishart,1.0,train,97,0.2407962069098457
Singular Wishart,1.0,train,98,0.2138106155220753
Singular Wishart,1.0,train,99,0.1775295131375441
Singular Wishart,1.0,train,100,0.2244769223988074
Singular Wishart,1.0,train,101,0.1826018985147416
Singular Wishart,1.0,train,102,0.170690709111267
Singular Wishart,1.0,train,103,0.2232542672506816
Singular Wishart,1.0,train,104,0.2549114938597234
Singular Wishart,1.0,train,105,0.1883932968602897
Singular Wishart,1.0,train,106,0.2404005001860097
Singular Wishart,1.0,train,107,0.1484713576728664
Singular Wishart,1.0,train,108,0.1922873132418505
Singular Wishart,1.0,train,109,0.1576408920816683
Singular Wishart,1.0,train,110,0.2471984523373234
Singular Wishart,1.0,train,111,0.1824414445242398
Singular Wishart,1.0,train,112,0.2029032081136603
Singular Wishart,1.0,train,113,0.2942533093184286
Singular Wishart,1.0,train,114,0.1906988958028974
Singular Wishart,1.0,train,115,0.2499489954293367
Singular Wishart,1.0,train,116,0.3192318606433748
Singular Wishart,1.0,train,117,0.1808543934306396
Singular Wishart,1.0,train,118,0.1930459539279349
Singular Wishart,1.0,train,119,0.2184682451157471
Singular Wishart,1.0,train,120,0.2280019462121896
Singular Wishart,1.0,train,121,0.2193854473276969
Singular Wishart,1.0,train,122,0.2866308583372792
Singular Wishart,1.0,train,123,0.2213727120976873
Singular Wishart,1.0,train,124,0.1609345961185924
Singular Wishart,1.0,train,125,0.3047159466928796
Singular Wishart,1.0,train,126,0.1932434581207218
Singular Wishart,1.0,train,127,0.1814006283296215
Singular Wishart,1.0,train,128,0.2219385029079924
Singular Wishart,1.0,train,129,0.2144404346744361
Singular Wishart,1.0,train,130,0.229311674242183
Singular Wishart,1.0,train,131,0.1990274699332386
Singular Wishart,1.0,train,132,0.1461972795172289
Singular Wishart,1.0,train,133,0.209852201869232
Singular Wishart,1.0,train,134,0.2572772756214025
Singular Wishart,1.0,train,135,0.1871114564385692
Singular Wishart,1.0,train,136,0.1992518135164744
Singular Wishart,1.0,train,137,0.2445018093642094
Singular Wishart,1.0,train,138,0.2577451867757564
Singular Wishart,1.0,train,139,0.2869992645363861
Singular Wishart,1.0,train,140,0.2434869869082415
Singular Wishart,1.0,train,141,0.2537877263056275
Singular Wishart,1.0,train,142,0.2916864239079336
Singular Wishart,1.0,train,143,0.2359325669853067
Singular Wishart,1.0,train,144,0.279757186988316
Singular Wishart,1.0,train,145,0.2060891360101594
Singular Wishart,1.0,train,146,0.207185692985905
Singular Wishart,1.0,train,147,0.2557391749304968
Singular Wishart,1.0,train,148,0.1569320803803646
Singular Wishart,1.0,train,149,0.2562529015862794
Singular Wishart,1.0,train,150,0.1867003105269816
Singular Wishart,1.0,train,151,0.3198001858047409
Singular Wishart,1.0,train,152,0.1945927124178756
Singular Wishart,1.0,train,153,0.2303185960284708
Singular Wishart,1.0,train,154,0.213656996049318
Singular Wishart,1.0,test,0,0.2394996630646359
Singular Wishart,1.0,test,1,0.1928178334764987
Singular Wishart,1.0,test,2,0.2325011644888789
Singular Wishart,1.0,test,3,0.2174672631649406
Singular Wishart,1.0,test,4,0.1977083796468921
Singular Wishart,1.0,test,5,0.257578640179896
Singular Wishart,1.0,test,6,0.1933925981866969
Singular Wishart,1.0,test,7,0.1964506709188944
Singular Wishart,1.0,test,8,0.240114928426011
Singular Wishart,1.0,test,9,0.2143620014421676
Singular Wishart,1.0,test,10,0.2535934202562766
Singular Wishart,1.0,test,11,0.1669960968553007
Singular Wishart,1.0,test,12,0.1907516067569921
Singular Wishart,1.0,test,13,0.2153813043777771
Singular Wishart,1.0,test,14,0.2882538951536617
Singular Wishart,1.0,test,15,0.1897573199059795
Singular Wishart,1.0,test,16,0.2325708219677108
Singular Wishart,1.0,test,17,0.2067255545954749
Singular Wishart,1.0,test,18,0.1913198348953269
Singular Wishart,1.0,test,19,0.2651446848268459
Singular Wishart,1.0,test,20,0.2591308682586615
Singular Wishart,1.0,test,21,0.2399703686024181
Singular Wishart,1.0,test,22,0.2450745593459838
Singular Wishart,1.0,test,23,0.2229725933559275
Singular Wishart,1.0,test,24,0.1970844349382543
Singular Wishart,1.0,test,25,0.1836087244045265
Singular Wishart,1.0,test,26,0.2052865856253841
Singular Wishart,1.0,test,27,0.1989963484991661
Singular Wishart,1.0,test,28,0.2578954122807673
Singular Wishart,1.0,test,29,0.2416762309873256
Singular Wishart,1.0,test,30,0.2639453480459714
Singular Wishart,1.0,test,31,0.242463408900843
Singular Wishart,1.0,test,32,0.2695466287569751
Singular Wishart,1.0,test,33,0.2375609065942117
Singular Wishart,1.0,test,34,0.2125910228099005
Singular Wishart,1.0,test,35,0.247389279064184
Singular Wishart,1.0,test,36,0.2072392401215391
Singular Wishart,1.0,test,37,0.2211774504358538
Singular Wishart,1.0,test,38,0.1947341852645462
Singular Wishart,1.0,test,39,0.2105107852570429
Singular Wishart,1.0,test,40,0.2790068678665515
Singular Wishart,1.0,test,41,0.1903976873228182
Singular Wishart,1.0,test,42,0.2938291352709467
Singular Wishart,1.0,test,43,0.2297924104620148
Singular Wishart,1.0,test,44,0.2198784790764464
Singular Wishart,1.0,test,45,0.1904366841486297
Singular Wishart,1.0,test,46,0.2421032951913229
Singular Wishart,1.0,test,47,0.2184267816876884
Singular Wishart,1.0,test,48,0.2412749493747819
Singular Wishart,1.0,test,49,0.1972888881849558
Singular Wishart,1.0,test,50,0.1377297339948735
Singular Wishart,1.0,test,51,0.2044248878385432
Singular Wishart,1.0,test,52,0.2439560549271243
Singular Wishart,1.0,test,53,0.2510333210333387
Singular Wishart,1.0,test,54,0.1989376625586538
Singular Wishart,1.0,test,55,0.2707573093768894
Singular Wishart,1.0,test,56,0.2217097669290783
Singular Wishart,1.0,test,57,0.2723117175548742
Singular Wishart,1.0,test,58,0.2543641267812332
Singular Wishart,1.0,test,59,0.274083750054355
Singular Wishart,1.0,test,60,0.2359987073560046
Singular Wishart,1.0,test,61,0.1595503092135701
Singular Wishart,1.0,test,62,0.1425230467484208
Singular Wishart,1.0,test,63,0.2146076293150642
Singular Wishart,1.0,test,64,0.2265079430992194
Singular Wishart,1.0,test,65,0.246034459756388
Singular Wishart,1.0,test,66,0.1316112023775458
Singular Wishart,1.0,test,67,0.2148332047391154
Singular Wishart,1.0,test,68,0.1628242720638495
Singular Wishart,1.0,test,69,0.1952960495180783
Singular Wishart,1.0,test,70,0.197550069347115
Singular Wishart,1.0,test,71,0.2158313212687593
Singular Wishart,1.0,test,72,0.2543006321426307
Singular Wishart,1.0,test,73,0.1776192114117745
Singular Wishart,1.0,test,74,0.2588314666423122
Singular Wishart,1.0,test,75,0.2574324967466671
Singular Wishart,1.0,test,76,0.2728536063209073
Singular Wishart,1.0,test,77,0.2167312228004806
Singular Wishart,1.0,test,78,0.1690706018492732
Singular Wishart,1.0,test,79,0.1905481543360377
Singular Wishart,1.0,test,80,0.1432015192473199
Singular Wishart,1.0,test,81,0.2731905509229633
Singular Wishart,1.0,test,82,0.1953178871629411
Singular Wishart,1.0,test,83,0.1664688110645313
Singular Wishart,1.0,test,84,0.1966270975836815
Singular Wishart,1.0,test,85,0.2041253896526972
Singular Wishart,1.0,test,86,0.2552343625966574
Singular Wishart,1.0,test,87,0.1769898125662724
Singular Wishart,1.0,test,88,0.1076450056577153
Singular Wishart,1.0,test,89,0.1788533021457872
Singular Wishart,1.0,test,90,0.1398573765351246
Singular Wishart,1.0,test,91,0.1616131949676882
Singular Wishart,1.0,test,92,0.2161454691554029
Singular Wishart,1.0,test,93,0.2745936123770331
Singular Wishart,1.0,test,94,0.2806954994453619
Singular Wishart,1.0,test,95,0.2124094561114587
Singular Wishart,1.0,test,96,0.2004190185726302
Singular Wishart,1.0,test,97,0.1498752232984779
Singular Wishart,1.0,test,98,0.2309714486734504
Singular Wishart,5.0,train,0,0.3864443154904823
Singular Wishart,5.0,train,1,0.283490789957844
Singular Wishart,5.0,train,2,0.189354406811203
Singular Wishart,5.0,train,3,0.3826766434534298
Singular Wishart,5.0,train,4,0.3571795167768674
Singular Wishart,5.0,train,5,0.1964055130822731
Singular Wishart,5.0,train,6,0.3663237611807869
Singular Wishart,5.0,train,7,0.4858093832930431
Singular Wishart,5.0,train,8,0.306228460879634
Singular Wishart,5.0,train,9,0.3660814339538156
Singular Wishart,5.0,train,10,0.349344427622435
Singular Wishart,5.0,train,11,0.3761840877128196
Singular Wishart,5.0,train,12,0.3532807412380392
Singular Wishart,5.0,train,13,0.2306780680928529
Singular Wishart,5.0,train,14,0.322465210890878
Singular Wishart,5.0,train,15,0.2737402620895617
Singular Wishart,5.0,train,16,0.3747309815640443
Singular Wishart,5.0,train,17,0.3269569394411053
Singular Wishart,5.0,train,18,0.4112689109050347
Singular Wishart,5.0,train,19,0.3795945482514541
Singular Wishart,5.0,train,20,0.2976018649883832
Singular Wishart,5.0,train,21,0.3285681470612415
Singular Wishart,5.0,train,22,0.2895368503261856
Singular Wishart,5.0,train,23,0.3150141171903777
Singular Wishart,5.0,train,24,0.3951279507724952
Singular Wishart,5.0,train,25,0.4014477553755221
Singular Wishart,5.0,train,26,0.4785365157498785
Singular Wishart,5.0,train,27,0.4180348192393392
Singular Wishart,5.0,train,28,0.2752051570343226
Singular Wishart,5.0,train,29,0.2298196538293698
Singular Wishart,5.0,train,30,0.3368328028482208
Singular Wishart,5.0,train,31,0.3541440003065446
Singular Wishart,5.0,train,32,0.3515240764372934
Singular Wishart,5.0,train,33,0.3961752405860309
Singular Wishart,5.0,train,34,0.4556165216643673
Singular Wishart,5.0,train,35,0.2891387173771531
Singular Wishart,5.0,train,36,0.2837219306516538
Singular Wishart,5.0,train,37,0.3430193958168447
Singular Wishart,5.0,train,38,0.2810439488301813
Singular Wishart,5.0,train,39,0.3507926663343151
Singular Wishart,5.0,train,40,0.3275871432753015
Singular Wishart,5.0,train,41,0.2056252316463884
Singular Wishart,5.0,train,42,0.4187461392303047
Singular Wishart,5.0,train,43,0.2875414607412376
Singular Wishart,5.0,train,44,0.3524750583994116
Singular Wishart,5.0,train,45,0.3780189869604937
Singular Wishart,5.0,train,46,0.3861184663576035
Singular Wishart,5.0,train,47,0.2905662556191513
Singular Wishart,5.0,train,48,0.2619276708200598
Singular Wishart,5.0,train,49,0.4295707002581653
Singular Wishart,5.0,train,50,0.4231058334206337
Singular Wishart,5.0,train,51,0.3068371702063105
Singular Wishart,5.0,train,52,0.3552050112968937
Singular Wishart,5.0,train,53,0.3286208564040455
Singular Wishart,5.0,train,54,0.3247233097725036
Singular Wishart,5.0,train,55,0.3464023996851886
Singular Wishart,5.0,train,56,0.2931327069664383
Singular Wishart,5.0,train,57,0.3908529245643065
Singular Wishart,5.0,train,58,0.3282667427633877
Singular Wishart,5.0,train,59,0.4017244508484255
Singular Wishart,5.0,train,60,0.2417079389954435
Singular Wishart,5.0,train,61,0.3443821748684197
Singular Wishart,5.0,train,62,0.3625549420009298
Singular Wishart,5.0,train,63,0.4164472902683268
Singular Wishart,5.0,train,64,0.3397369030925783
Singular Wishart,5.0,train,65,0.4235082584086465
Singular Wishart,5.0,train,66,0.2772492883222061
Singular Wishart,5.0,train,67,0.2812441799664892
Singular Wishart,5.0,train,68,0.4587119152125429
Singular Wishart,5.0,train,69,0.2954132599366765
Singular Wishart,5.0,train,70,0.4386956624720539
Singular Wishart,5.0,train,71,0.187761042111734
Singular Wishart,5.0,train,72,0.3517757626489357
Singular Wishart,5.0,train,73,0.3090838372910661
Singular Wishart,5.0,train,74,0.324148837410208
Singular Wishart,5.0,train,75,0.2847744538349486
Singular Wishart,5.0,train,76,0.2923920410697521
Singular Wishart,5.0,train,77,0.3584015189193357
Singular Wishart,5.0,train,78,0.3488611784393409
Singular Wishart,5.0,train,79,0.4066198765118247
Singular Wishart,5.0,train,80,0.3436553923438454
Singular Wishart,5.0,train,81,0.4256633674243246
Singular Wishart,5.0,train,82,0.3707454763231444
Singular Wishart,5.0,train,83,0.3074362713085616
Singular Wishart,5.0,train,84,0.3797119840521467
Singular Wishart,5.0,train,85,0.4763931792897569
Singular Wishart,5.0,train,86,0.2705504896141362
Singular Wishart,5.0,train,87,0.4899467290265094
Singular Wishart,5.0,train,88,0.3894271791878698
Singular Wishart,5.0,train,89,0.3536906362022044
Singular Wishart,5.0,train,90,0.299129507595695
Singular Wishart,5.0,train,91,0.237698834397558
Singular Wishart,5.0,train,92,0.3590375017514151
Singular Wishart,5.0,train,93,0.2841796136155606
Singular Wishart,5.0,train,94,0.4002682916557731
Singular Wishart,5.0,train,95,0.3051480843843647
Singular Wishart,5.0,train,96,0.3581655079899746
Singular Wishart,5.0,train,97,0.3305244281100485
Singular Wishart,5.0,train,98,0.2529298412462807
Singular Wishart,5.0,train,99,0.2678500469441084
Singular Wishart,5.0,train,100,0.3866189292628579
Singular Wishart,5.0,train,101,0.3383910045804942
Singular Wishart,5.0,train,102,0.2836689626256252
Singular Wishart,5.0,train,103,0.3030768220372009
Singular Wishart,5.0,train,104,0.4345769841671592
Singular Wishart,5.0,train,105,0.2344229373849878
Singular Wishart,5.0,train,106,0.3534677148658849
Singular Wishart,5.0,train,107,0.3028852202742611
Singular Wishart,5.0,train,108,0.255734127102925
Singular Wishart,5.0,train,109,0.3757697118873399
Singular Wishart,5.0,train,110,0.2603249477981956
Singular Wishart,5.0,train,111,0.346006187262022
Singular Wishart,5.0,train,112,0.391889024661905
Singular Wishart,5.0,train,113,0.3823591972679802
Singular Wishart,5.0,train,114,0.294124531641345
Singular Wishart,5.0,train,115,0.284223151010495
Singular Wishart,5.0,train,116,0.3257265787775453
Singular Wishart,5.0,train,117,0.3784844825570596
Singular Wishart,5.0,train,118,0.4187174630284316
Singular Wishart,5.0,train,119,0.3480063836581182
Singular Wishart,5.0,train,120,0.3850409769097417
Singular Wishart,5.0,train,121,0.3449308836772389
Singular Wishart,5.0,train,122,0.2622352553561523
Singular Wishart,5.0,train,123,0.2680804753961475
Singular Wishart,5.0,train,124,0.3265883243369178
Singular Wishart,5.0,train,125,0.4919921205817723
Singular Wishart,5.0,train,126,0.4697591205932789
Singular Wishart,5.0,train,127,0.29175306227893
Singular Wishart,5.0,train,128,0.3146563799355397
Singular Wishart,5.0,train,129,0.3355436706634294
Singular Wishart,5.0,train,130,0.2755222119705735
Singular Wishart,5.0,train,131,0.2389992518270605
Singular Wishart,5.0,train,132,0.2283929454216353
Singular Wishart,5.0,train,133,0.4151814580789262
Singular Wishart,5.0,train,134,0.3660401142029238
Singular Wishart,5.0,train,135,0.3524281066523744
Singular Wishart,5.0,train,136,0.3185996106325033
Singular Wishart,5.0,train,137,0.2950733489917569
Singular Wishart,5.0,train,138,0.3320177368808928
Singular Wishart,5.0,train,139,0.4890349750998837
Singular Wishart,5.0,train,140,0.3858803393949584
Singular Wishart,5.0,train,141,0.3099656537390107
Singular Wishart,5.0,train,142,0.4078317495443197
Singular Wishart,5.0,train,143,0.3607975221556445
Singular Wishart,5.0,train,144,0.2806596092546277
Singular Wishart,5.0,train,145,0.3040779669329958
Singular Wishart,5.0,train,146,0.3592100926893738
Singular Wishart,5.0,train,147,0.4039012775336399
Singular Wishart,5.0,train,148,0.3508572791100221
Singular Wishart,5.0,train,149,0.3206713703940289
Singular Wishart,5.0,train,150,0.2402254933307415
Singular Wishart,5.0,train,151,0.3246380130373228
Singular Wishart,5.0,train,152,0.2222335553943187
Singular Wishart,5.0,train,153,0.3556180249922877
Singular Wishart,5.0,train,154,0.3274736024520261
Singular Wishart,5.0,test,0,0.2214577609981245
Singular Wishart,5.0,test,1,0.4038049283101999
Singular Wishart,5.0,test,2,0.3234043150279168
Singular Wishart,5.0,test,3,0.3647685063209116
Singular Wishart,5.0,test,4,0.2431050013896746
Singular Wishart,5.0,test,5,0.3287549029336059
Singular Wishart,5.0,test,6,0.2354296565152213
Singular Wishart,5.0,test,7,0.2507314298130412
Singular Wishart,5.0,test,8,0.4188180681972925
Singular Wishart,5.0,test,9,0.380999115637868
Singular Wishart,5.0,test,10,0.3464817863019506
Singular Wishart,5.0,test,11,0.3057011267373855
Singular Wishart,5.0,test,12,0.3150224910601723
Singular Wishart,5.0,test,13,0.3960206890553253
Singular Wishart,5.0,test,14,0.5085656163633758
Singular Wishart,5.0,test,15,0.2484876370580933
Singular Wishart,5.0,test,16,0.2065269114710506
Singular Wishart,5.0,test,17,0.2645017567208384
Singular Wishart,5.0,test,18,0.3268346643276842
Singular Wishart,5.0,test,19,0.4167100469904076
Singular Wishart,5.0,test,20,0.2589512402338518
Singular Wishart,5.0,test,21,0.2688054270703894
Singular Wishart,5.0,test,22,0.4109669465076161
Singular Wishart,5.0,test,23,0.3492483724651609
Singular Wishart,5.0,test,24,0.3030790784655093
Singular Wishart,5.0,test,25,0.3264405075876951
Singular Wishart,5.0,test,26,0.3689168602228044
Singular Wishart,5.0,test,27,0.2597270811245127
Singular Wishart,5.0,test,28,0.3349734240659837
Singular Wishart,5.0,test,29,0.3753127498347171
Singular Wishart,5.0,test,30,0.4414540171905113
Singular Wishart,5.0,test,31,0.3552545490323151
Singular Wishart,5.0,test,32,0.3227220220374002
Singular Wishart,5.0,test,33,0.3578897687729188
Singular Wishart,5.0,test,34,0.3155833711306871
Singular Wishart,5.0,test,35,0.4381478724277169
Singular Wishart,5.0,test,36,0.1922944422026449
Singular Wishart,5.0,test,37,0.3881145214559745
Singular Wishart,5.0,test,38,0.2894550069918002
Singular Wishart,5.0,test,39,0.3912935308960431
Singular Wishart,5.0,test,40,0.3142611140554918
Singular Wishart,5.0,test,41,0.2510007256378811
Singular Wishart,5.0,test,42,0.2684624172635471
Singular Wishart,5.0,test,43,0.3040351775620573
Singular Wishart,5.0,test,44,0.3205961855001114
Singular Wishart,5.0,test,45,0.4588250219371875
Singular Wishart,5.0,test,46,0.3435614570458707
Singular Wishart,5.0,test,47,0.2516670767638232
Singular Wishart,5.0,test,48,0.2827359580043466
Singular Wishart,5.0,test,49,0.400700787887337
Singular Wishart,5.0,test,50,0.2491088597620938
Singular Wishart,5.0,test,51,0.2717993241827883
Singular Wishart,5.0,test,52,0.3319255785887399
Singular Wishart,5.0,test,53,0.3839054201128271
Singular Wishart,5.0,test,54,0.3663666398779686
Singular Wishart,5.0,test,55,0.3660653488860005
Singular Wishart,5.0,test,56,0.4152288017482091
Singular Wishart,5.0,test,57,0.3660677179050414
Singular Wishart,5.0,test,58,0.2964897413972615
Singular Wishart,5.0,test,59,0.3536065703234902
Singular Wishart,5.0,test,60,0.2987266674726747
Singular Wishart,5.0,test,61,0.2542440090356794
Singular Wishart,5.0,test,62,0.2668564427684836
Singular Wishart,5.0,test,63,0.3453638513158807
Singular Wishart,5.0,test,64,0.3331184371883753
Singular Wishart,5.0,test,65,0.3102135108521129
Singular Wishart,5.0,test,66,0.3504402064045653
Singular Wishart,5.0,test,67,0.5199472840708874
Singular Wishart,5.0,test,68,0.3499780243799597
Singular Wishart,5.0,test,69,0.332043293791111
Singular Wishart,5.0,test,70,0.3069636709220691
Singular Wishart,5.0,test,71,0.3308360285660811
Singular Wishart,5.0,test,72,0.1682789706293894
Singular Wishart,5.0,test,73,0.3167811112437772
Singular Wishart,5.0,test,74,0.4399606298656454
Singular Wishart,5.0,test,75,0.2722323570484532
Singular Wishart,5.0,test,76,0.3668415676647766
Singular Wishart,5.0,test,77,0.228772254329438
Singular Wishart,5.0,test,78,0.328812512539965
Singular Wishart,5.0,test,79,0.3619313368861177
Singular Wishart,5.0,test,80,0.2607618464865964
Singular Wishart,5.0,test,81,0.4085998725675514
Singular Wishart,5.0,test,82,0.4265481215618383
Singular Wishart,5.0,test,83,0.32567621498979
Singular Wishart,5.0,test,84,0.2737851918015229
Singular Wishart,5.0,test,85,0.3184164201401086
Singular Wishart,5.0,test,86,0.3084183339386959
Singular Wishart,5.0,test,87,0.3614449200248343
Singular Wishart,5.0,test,88,0.3345960072820409
Singular Wishart,5.0,test,89,0.3647651184499389
Singular Wishart,5.0,test,90,0.2801416329352209
Singular Wishart,5.0,test,91,0.33461127631721
Singular Wishart,5.0,test,92,0.3071842904669751
Singular Wishart,5.0,test,93,0.3606839580767202
Singular Wishart,5.0,test,94,0.3099902199014416
Singular Wishart,5.0,test,95,0.299247286885956
Singular Wishart,5.0,test,96,0.3059364430477101
Singular Wishart,5.0,test,97,0.2630979882827063
Singular Wishart,5.0,test,98,0.4211733979776215
Singular Wishart,10.0,train,0,0.3326901439488797
Singular Wishart,10.0,train,1,0.3649202908630216
Singular Wishart,10.0,train,2,0.4433113520556245
Singular Wishart,10.0,train,3,0.4266922607412025
Singular Wishart,10.0,train,4,0.4760817420292317
Singular Wishart,10.0,train,5,0.399085579533694
Singular Wishart,10.0,train,6,0.4141146360875866
Singular Wishart,10.0,train,7,0.4886983558628266
Singular Wishart,10.0,train,8,0.3444420785971676
Singular Wishart,10.0,train,9,0.512186478742704
Singular Wishart,10.0,train,10,0.4650933909453185
Singular Wishart,10.0,train,11,0.4401933552597752
Singular Wishart,10.0,train,12,0.508442019078146
Singular Wishart,10.0,train,13,0.2702815114268929
Singular Wishart,10.0,train,14,0.3691892902031629
Singular Wishart,10.0,train,15,0.5451866620480675
Singular Wishart,10.0,train,16,0.4685881813791793
Singular Wishart,10.0,train,17,0.4384564438747166
Singular Wishart,10.0,train,18,0.4445292374084173
Singular Wishart,10.0,train,19,0.5943824394102957
Singular Wishart,10.0,train,20,0.4200053349789534
Singular Wishart,10.0,train,21,0.4369726725572442
Singular Wishart,10.0,train,22,0.4028820630478046
Singular Wishart,10.0,train,23,0.3784511324284639
Singular Wishart,10.0,train,24,0.5996686975282886
Singular Wishart,10.0,train,25,0.5254045985707221
Singular Wishart,10.0,train,26,0.5736828500881467
Singular Wishart,10.0,train,27,0.5103898797362207
Singular Wishart,10.0,train,28,0.4774029146990444
Singular Wishart,10.0,train,29,0.3240476596104127
Singular Wishart,10.0,train,30,0.500523496515081
Singular Wishart,10.0,train,31,0.3582461288777587
Singular Wishart,10.0,train,32,0.4541498995465577
Singular Wishart,10.0,train,33,0.5796827891868002
Singular Wishart,10.0,train,34,0.4942735619330631
Singular Wishart,10.0,train,35,0.3443434253958659
Singular Wishart,10.0,train,36,0.3566071604527322
Singular Wishart,10.0,train,37,0.3988395807512645
Singular Wishart,10.0,train,38,0.4011948508261155
Singular Wishart,10.0,train,39,0.4873162064915259
Singular Wishart,10.0,train,40,0.3847113315750262
Singular Wishart,10.0,train,41,0.2401732972834134
Singular Wishart,10.0,train,42,0.4785794054708214
Singular Wishart,10.0,train,43,0.3061065222542368
Singular Wishart,10.0,train,44,0.4920921525697587
Singular Wishart,10.0,train,45,0.5150132203832237
Singular Wishart,10.0,train,46,0.3725739474278106
Singular Wishart,10.0,train,47,0.4802001178843368
Singular Wishart,10.0,train,48,0.3183078780296297
Singular Wishart,10.0,train,49,0.5407054956324662
Singular Wishart,10.0,train,50,0.4221710379627784
Singular Wishart,10.0,train,51,0.4575890177869225
Singular Wishart,10.0,train,52,0.4565526854594205
Singular Wishart,10.0,train,53,0.3367451391359804
Singular Wishart,10.0,train,54,0.4979695147956359
Singular Wishart,10.0,train,55,0.413904246079309
Singular Wishart,10.0,train,56,0.3183070909243655
Singular Wishart,10.0,train,57,0.5321800906382753
Singular Wishart,10.0,train,58,0.4963941766988154
Singular Wishart,10.0,train,59,0.4288537503381176
Singular Wishart,10.0,train,60,0.4462528974836848
Singular Wishart,10.0,train,61,0.5550500233124254
Singular Wishart,10.0,train,62,0.4518199652732145
Singular Wishart,10.0,train,63,0.5843939823736125
Singular Wishart,10.0,train,64,0.5002375569768446
Singular Wishart,10.0,train,65,0.6364547012580508
Singular Wishart,10.0,train,66,0.4646894250928709
Singular Wishart,10.0,train,67,0.3993867947051323
Singular Wishart,10.0,train,68,0.5583097299911239
Singular Wishart,10.0,train,69,0.4872266926103896
Singular Wishart,10.0,train,70,0.4721522168037413
Singular Wishart,10.0,train,71,0.2920570794933115
Singular Wishart,10.0,train,72,0.4603811239769182
Singular Wishart,10.0,train,73,0.4183474739101934
Singular Wishart,10.0,train,74,0.4881267000628987
Singular Wishart,10.0,train,75,0.4054277975958576
Singular Wishart,10.0,train,76,0.4153463127378686
Singular Wishart,10.0,train,77,0.5109004770281814
Singular Wishart,10.0,train,78,0.5403661707334768
Singular Wishart,10.0,train,79,0.483941034123356
Singular Wishart,10.0,train,80,0.4843579297935302
Singular Wishart,10.0,train,81,0.3367303146952
Singular Wishart,10.0,train,82,0.4803400085881823
Singular Wishart,10.0,train,83,0.3822133859720069
Singular Wishart,10.0,train,84,0.4777213075638111
Singular Wishart,10.0,train,85,0.430584749513951
Singular Wishart,10.0,train,86,0.3639627801606253
Singular Wishart,10.0,train,87,0.5809903112114901
Singular Wishart,10.0,train,88,0.4549291335416127
Singular Wishart,10.0,train,89,0.4421954548820054
Singular Wishart,10.0,train,90,0.4436203198024122
Singular Wishart,10.0,train,91,0.3717783646005169
Singular Wishart,10.0,train,92,0.5296536546145743
Singular Wishart,10.0,train,93,0.4472125421205193
Singular Wishart,10.0,train,94,0.4793072019931947
Singular Wishart,10.0,train,95,0.3495744235962368
Singular Wishart,10.0,train,96,0.4674616206477519
Singular Wishart,10.0,train,97,0.4266702738929018
Singular Wishart,10.0,train,98,0.3212153635907106
Singular Wishart,10.0,train,99,0.3208030708736537
Singular Wishart,10.0,train,100,0.4089254457755643
Singular Wishart,10.0,train,101,0.3722488464825496
Singular Wishart,10.0,train,102,0.4850863576491548
Singular Wishart,10.0,train,103,0.365163713408973
Singular Wishart,10.0,train,104,0.5921075699575458
Singular Wishart,10.0,train,105,0.2899104359624908
Singular Wishart,10.0,train,106,0.4706064749583777
Singular Wishart,10.0,train,107,0.3898704824499338
Singular Wishart,10.0,train,108,0.4754519916292657
Singular Wishart,10.0,train,109,0.490013267015459
Singular Wishart,10.0,train,110,0.4002920738766664
Singular Wishart,10.0,train,111,0.4105993056565813
Singular Wishart,10.0,train,112,0.5290710021839407
Singular Wishart,10.0,train,113,0.4601035509949053
Singular Wishart,10.0,train,114,0.3680074937824273
Singular Wishart,10.0,train,115,0.4611190161003135
Singular Wishart,10.0,train,116,0.4056123530924885
Singular Wishart,10.0,train,117,0.5189965790619268
Singular Wishart,10.0,train,118,0.5395189673963198
Singular Wishart,10.0,train,119,0.5370160967456048
Singular Wishart,10.0,train,120,0.3474994262153117
Singular Wishart,10.0,train,121,0.3636354917502645
Singular Wishart,10.0,train,122,0.5159119187033012
Singular Wishart,10.0,train,123,0.4566621974580909
Singular Wishart,10.0,train,124,0.4796133454441212
Singular Wishart,10.0,train,125,0.5131424201369752
Singular Wishart,10.0,train,126,0.6244828259794983
Singular Wishart,10.0,train,127,0.3041846819059467
Singular Wishart,10.0,train,128,0.4077895131581669
Singular Wishart,10.0,train,129,0.5504007637057141
Singular Wishart,10.0,train,130,0.3501446186220923
Singular Wishart,10.0,train,131,0.2763184681049058
Singular Wishart,10.0,train,132,0.4840771172197274
Singular Wishart,10.0,train,133,0.5717034309735053
Singular Wishart,10.0,train,134,0.5391383530077202
Singular Wishart,10.0,train,135,0.5399406012478077
Singular Wishart,10.0,train,136,0.4218273063566181
Singular Wishart,10.0,train,137,0.4204087732892517
Singular Wishart,10.0,train,138,0.3320253581319157
Singular Wishart,10.0,train,139,0.5413541394937873
Singular Wishart,10.0,train,140,0.4221444760939778
Singular Wishart,10.0,train,141,0.3157454634364323
Singular Wishart,10.0,train,142,0.3962380464575321
Singular Wishart,10.0,train,143,0.5177052425630726
Singular Wishart,10.0,train,144,0.4474413445621281
Singular Wishart,10.0,train,145,0.4928781764089963
Singular Wishart,10.0,train,146,0.4672934880916393
Singular Wishart,10.0,train,147,0.5127311835889086
Singular Wishart,10.0,train,148,0.4105319240759659
Singular Wishart,10.0,train,149,0.44440133312253
Singular Wishart,10.0,train,150,0.4953612070213953
Singular Wishart,10.0,train,151,0.4445011514705669
Singular Wishart,10.0,train,152,0.2302143438749471
Singular Wishart,10.0,train,153,0.4968663560940033
Singular Wishart,10.0,train,154,0.4299574276195725
Singular Wishart,10.0,test,0,0.3735532731490272
Singular Wishart,10.0,test,1,0.5208103573069706
Singular Wishart,10.0,test,2,0.3931427082258204
Singular Wishart,10.0,test,3,0.3709863850100124
Singular Wishart,10.0,test,4,0.4218384256414995
Singular Wishart,10.0,test,5,0.5045139100927628
Singular Wishart,10.0,test,6,0.3551467893056638
Singular Wishart,10.0,test,7,0.2561264871558487
Singular Wishart,10.0,test,8,0.4711556541571963
Singular Wishart,10.0,test,9,0.3887061491406003
Singular Wishart,10.0,test,10,0.5229670408352591
Singular Wishart,10.0,test,11,0.4366657033343216
Singular Wishart,10.0,test,12,0.4258855968911244
Singular Wishart,10.0,test,13,0.3809598648335834
Singular Wishart,10.0,test,14,0.5797434745467862
Singular Wishart,10.0,test,15,0.3902366320990554
Singular Wishart,10.0,test,16,0.3611514798980487
Singular Wishart,10.0,test,17,0.3945139770935674
Singular Wishart,10.0,test,18,0.4263250190235773
Singular Wishart,10.0,test,19,0.4898945154821212
Singular Wishart,10.0,test,20,0.3261640438272867
Singular Wishart,10.0,test,21,0.4011794065260563
Singular Wishart,10.0,test,22,0.485377124681897
Singular Wishart,10.0,test,23,0.5147783565378321
Singular Wishart,10.0,test,24,0.3589189319950939
Singular Wishart,10.0,test,25,0.4690222735142325
Singular Wishart,10.0,test,26,0.4994523891092244
Singular Wishart,10.0,test,27,0.4073971981370675
Singular Wishart,10.0,test,28,0.4662416926211705
Singular Wishart,10.0,test,29,0.5301483518115947
Singular Wishart,10.0,test,30,0.514717318639374
Singular Wishart,10.0,test,31,0.4010893043484339
Singular Wishart,10.0,test,32,0.5115369772008084
Singular Wishart,10.0,test,33,0.4277559458263613
Singular Wishart,10.0,test,34,0.429584686038204
Singular Wishart,10.0,test,35,0.4958172748700992
Singular Wishart,10.0,test,36,0.265770599336647
Singular Wishart,10.0,test,37,0.5434280671152787
Singular Wishart,10.0,test,38,0.3342795856855673
Singular Wishart,10.0,test,39,0.4573087402165613
Singular Wishart,10.0,test,40,0.4850870767916962
Singular Wishart,10.0,test,41,0.4191142951636442
Singular Wishart,10.0,test,42,0.40210468852076
Singular Wishart,10.0,test,43,0.3413225410494857
Singular Wishart,10.0,test,44,0.5010506565327152
Singular Wishart,10.0,test,45,0.436068843492187
Singular Wishart,10.0,test,46,0.4585524386677521
Singular Wishart,10.0,test,47,0.4048039854036274
Singular Wishart,10.0,test,48,0.3555749872416935
Singular Wishart,10.0,test,49,0.4212651293451136
Singular Wishart,10.0,test,50,0.4518326094267171
Singular Wishart,10.0,test,51,0.4445414994632477
Singular Wishart,10.0,test,52,0.3832041224763008
Singular Wishart,10.0,test,53,0.3904163955853398
Singular Wishart,10.0,test,54,0.4529959691765406
Singular Wishart,10.0,test,55,0.4458899381861133
Singular Wishart,10.0,test,56,0.4791840723499154
Singular Wishart,10.0,test,57,0.5012115856808779
Singular Wishart,10.0,test,58,0.4946426947092709
Singular Wishart,10.0,test,59,0.3241949235979895
Singular Wishart,10.0,test,60,0.3996989398839109
Singular Wishart,10.0,test,61,0.3256825761053303
Singular Wishart,10.0,test,62,0.441976789805129
Singular Wishart,10.0,test,63,0.3884137295141807
Singular Wishart,10.0,test,64,0.5310302934856631
Singular Wishart,10.0,test,65,0.3074599262495184
Singular Wishart,10.0,test,66,0.525950415927063
Singular Wishart,10.0,test,67,0.5732882590275663
Singular Wishart,10.0,test,68,0.3358011390964541
Singular Wishart,10.0,test,69,0.40774455236038
Singular Wishart,10.0,test,70,0.3428187418478197
Singular Wishart,10.0,test,71,0.4140272202386943
Singular Wishart,10.0,test,72,0.3526415243464839
Singular Wishart,10.0,test,73,0.4606422124677456
Singular Wishart,10.0,test,74,0.5061907857208261
Singular Wishart,10.0,test,75,0.2979771014960125
Singular Wishart,10.0,test,76,0.4316167130527246
Singular Wishart,10.0,test,77,0.332165926919687
Singular Wishart,10.0,test,78,0.3884084596368571
Singular Wishart,10.0,test,79,0.5083437107126315
Singular Wishart,10.0,test,80,0.2320399039497602
Singular Wishart,10.0,test,81,0.5782293221463963
Singular Wishart,10.0,test,82,0.4610523532829881
Singular Wishart,10.0,test,83,0.3672228132127027
Singular Wishart,10.0,test,84,0.3719513166977278
Singular Wishart,10.0,test,85,0.4694288329552752
Singular Wishart,10.0,test,86,0.327236857700558
Singular Wishart,10.0,test,87,0.4875448392597425
Singular Wishart,10.0,test,88,0.5034606154111995
Singular Wishart,10.0,test,89,0.3911529161495808
Singular Wishart,10.0,test,90,0.4272739747219233
Singular Wishart,10.0,test,91,0.4027529108329795
Singular Wishart,10.0,test,92,0.2455691864869395
Singular Wishart,10.0,test,93,0.5032333335386695
Singular Wishart,10.0,test,94,0.4516119961912123
Singular Wishart,10.0,test,95,0.400131922395483
Singular Wishart,10.0,test,96,0.433855477087225
Singular Wishart,10.0,test,97,0.3222012333050013
Singular Wishart,10.0,test,98,0.5055370028934919
Singular Wishart,25.0,train,0,0.2232478474288018
Singular Wishart,25.0,train,1,0.3506754857865749
Singular Wishart,25.0,train,2,0.1812319124273759
Singular Wishart,25.0,train,3,0.1547483271973129
Singular Wishart,25.0,train,4,0.349375697780829
Singular Wishart,25.0,train,5,0.2787251443690697
Singular Wishart,25.0,train,6,0.2508495611286217
Singular Wishart,25.0,train,7,0.2797989350400331
Singular Wishart,25.0,train,8,0.1747878184682388
Singular Wishart,25.0,train,9,0.2724894379108626
Singular Wishart,25.0,train,10,0.3300846910530378
Singular Wishart,25.0,train,11,0.3336887196254873
Singular Wishart,25.0,train,12,0.4183815782193872
Singular Wishart,25.0,train,13,0.1924600655515055
Singular Wishart,25.0,train,14,0.2447538215298227
Singular Wishart,25.0,train,15,0.3139723842834951
Singular Wishart,25.0,train,16,0.3378000852790633
Singular Wishart,25.0,train,17,0.2483721847005527
Singular Wishart,25.0,train,18,0.185034802256688
Singular Wishart,25.0,train,19,0.3569180407029349
Singular Wishart,25.0,train,20,0.2710053472975285
Singular Wishart,25.0,train,21,0.2469727075725697
Singular Wishart,25.0,train,22,0.2782762926625211
Singular Wishart,25.0,train,23,0.1765260357805314
Singular Wishart,25.0,train,24,0.2958554955710082
Singular Wishart,25.0,train,25,0.2714894357680749
Singular Wishart,25.0,train,26,0.3932271665578057
Singular Wishart,25.0,train,27,0.3412775816032748
Singular Wishart,25.0,train,28,0.3702983688524489
Singular Wishart,25.0,train,29,0.1323543222129429
Singular Wishart,25.0,train,30,0.2965577372404032
Singular Wishart,25.0,train,31,0.27886685816803
Singular Wishart,25.0,train,32,0.2938478985980933
Singular Wishart,25.0,train,33,0.2771455755935222
Singular Wishart,25.0,train,34,0.2955620334063475
Singular Wishart,25.0,train,35,0.1547847365780893
Singular Wishart,25.0,train,36,0.1832746108090749
Singular Wishart,25.0,train,37,0.2620411584627712
Singular Wishart,25.0,train,38,0.249773319875715
Singular Wishart,25.0,train,39,0.3150827943049524
Singular Wishart,25.0,train,40,0.3185522807721103
Singular Wishart,25.0,train,41,0.1872360057920253
Singular Wishart,25.0,train,42,0.323961581639747
Singular Wishart,25.0,train,43,0.1928501114123157
Singular Wishart,25.0,train,44,0.3440577933994184
Singular Wishart,25.0,train,45,0.321551333167118
Singular Wishart,25.0,train,46,0.3066917417960252
Singular Wishart,25.0,train,47,0.2783907014154887
Singular Wishart,25.0,train,48,0.1919833703440303
Singular Wishart,25.0,train,49,0.280408719898594
Singular Wishart,25.0,train,50,0.3070184017454639
Singular Wishart,25.0,train,51,0.2141477126793926
Singular Wishart,25.0,train,52,0.2235228977277816
Singular Wishart,25.0,train,53,0.2183540062151912
Singular Wishart,25.0,train,54,0.3676140430346251
Singular Wishart,25.0,train,55,0.290935394931073
Singular Wishart,25.0,train,56,0.2465643035956342
Singular Wishart,25.0,train,57,0.373731373081349
Singular Wishart,25.0,train,58,0.2604187213109107
Singular Wishart,25.0,train,59,0.2856475165934679
Singular Wishart,25.0,train,60,0.1564518550859113
Singular Wishart,25.0,train,61,0.2429817182990397
Singular Wishart,25.0,train,62,0.2802634702766885
Singular Wishart,25.0,train,63,0.3762609515589963
Singular Wishart,25.0,train,64,0.3216767900888418
Singular Wishart,25.0,train,65,0.4361447197684179
Singular Wishart,25.0,train,66,0.2834332118566028
Singular Wishart,25.0,train,67,0.2214212331369799
Singular Wishart,25.0,train,68,0.3208356663866111
Singular Wishart,25.0,train,69,0.2688255758284476
Singular Wishart,25.0,train,70,0.2813441881602651
Singular Wishart,25.0,train,71,0.1821340986972163
Singular Wishart,25.0,train,72,0.3440624277217918
Singular Wishart,25.0,train,73,0.2219405499636173
Singular Wishart,25.0,train,74,0.2396610345039185
Singular Wishart,25.0,train,75,0.2001851250104999
Singular Wishart,25.0,train,76,0.2314645172674722
Singular Wishart,25.0,train,77,0.3009956184775414
Singular Wishart,25.0,train,78,0.2941965550114105
Singular Wishart,25.0,train,79,0.2783657731000385
Singular Wishart,25.0,train,80,0.2412565268709281
Singular Wishart,25.0,train,81,0.2538674754828567
Singular Wishart,25.0,train,82,0.4162621383791528
Singular Wishart,25.0,train,83,0.2883312716286703
Singular Wishart,25.0,train,84,0.2761256267355529
Singular Wishart,25.0,train,85,0.2718208319347308
Singular Wishart,25.0,train,86,0.2200293823162283
Singular Wishart,25.0,train,87,0.3766742571894729
Singular Wishart,25.0,train,88,0.3258918281576372
Singular Wishart,25.0,train,89,0.2285499345411399
Singular Wishart,25.0,train,90,0.3243832674458812
Singular Wishart,25.0,train,91,0.2920366334163353
Singular Wishart,25.0,train,92,0.2868485663731335
Singular Wishart,25.0,train,93,0.1480539535000373
Singular Wishart,25.0,train,94,0.231983330611519
Singular Wishart,25.0,train,95,0.186117128081528
Singular Wishart,25.0,train,96,0.2263417311666975
Singular Wishart,25.0,train,97,0.2686438509768872
Singular Wishart,25.0,train,98,0.0659763527760096
Singular Wishart,25.0,train,99,0.2361695973955879
Singular Wishart,25.0,train,100,0.2579799725054649
Singular Wishart,25.0,train,101,0.3100100589849064
Singular Wishart,25.0,train,102,0.2545652514592716
Singular Wishart,25.0,train,103,0.2158081598212124
Singular Wishart,25.0,train,104,0.309425272470402
Singular Wishart,25.0,train,105,0.2019577135630831
Singular Wishart,25.0,train,106,0.3281183081059247
Singular Wishart,25.0,train,107,0.2240252596748796
Singular Wishart,25.0,train,108,0.2099141321404449
Singular Wishart,25.0,train,109,0.3111539801714881
Singular Wishart,25.0,train,110,0.2092084999801695
Singular Wishart,25.0,train,111,0.3202459033219832
Singular Wishart,25.0,train,112,0.2491372821473689
Singular Wishart,25.0,train,113,0.3218387617819679
Singular Wishart,25.0,train,114,0.2741458795579787
Singular Wishart,25.0,train,115,0.2483636047199393
Singular Wishart,25.0,train,116,0.2518270130293758
Singular Wishart,25.0,train,117,0.2834978917461137
Singular Wishart,25.0,train,118,0.2946081077829442
Singular Wishart,25.0,train,119,0.2599026010635688
Singular Wishart,25.0,train,120,0.2468590099570765
Singular Wishart,25.0,train,121,0.2531367975790624
Singular Wishart,25.0,train,122,0.3413703168542544
Singular Wishart,25.0,train,123,0.2531722218402804
Singular Wishart,25.0,train,124,0.2957775026909896
Singular Wishart,25.0,train,125,0.2684794719098599
Singular Wishart,25.0,train,126,0.4351528159165089
Singular Wishart,25.0,train,127,0.1477899209488367
Singular Wishart,25.0,train,128,0.3607583364174748
Singular Wishart,25.0,train,129,0.3900018321757742
Singular Wishart,25.0,train,130,0.2447476300019944
Singular Wishart,25.0,train,131,0.2524866123468382
Singular Wishart,25.0,train,132,0.2418762563281171
Singular Wishart,25.0,train,133,0.413135983946277
Singular Wishart,25.0,train,134,0.358830463519754
Singular Wishart,25.0,train,135,0.3205614933225016
Singular Wishart,25.0,train,136,0.2776742908493321
Singular Wishart,25.0,train,137,0.1671877011373232
Singular Wishart,25.0,train,138,0.3262729426886278
Singular Wishart,25.0,train,139,0.3675873530063925
Singular Wishart,25.0,train,140,0.2773105576621698
Singular Wishart,25.0,train,141,0.2602791185259683
Singular Wishart,25.0,train,142,0.3210001814204924
Singular Wishart,25.0,train,143,0.3470086643686045
Singular Wishart,25.0,train,144,0.1735189340211615
Singular Wishart,25.0,train,145,0.2112700065139963
Singular Wishart,25.0,train,146,0.2880032469783594
Singular Wishart,25.0,train,147,0.2734278772484579
Singular Wishart,25.0,train,148,0.1969017182128172
Singular Wishart,25.0,train,149,0.2529943270330902
Singular Wishart,25.0,train,150,0.2328419263643862
Singular Wishart,25.0,train,151,0.2757846999326279
Singular Wishart,25.0,train,152,0.1730252731371866
Singular Wishart,25.0,train,153,0.3426091132065592
Singular Wishart,25.0,train,154,0.2816841134836405
Singular Wishart,25.0,test,0,0.3467962307083378
Singular Wishart,25.0,test,1,0.2769700611014312
Singular Wishart,25.0,test,2,0.2815769766842073
Singular Wishart,25.0,test,3,0.2402706095490908
Singular Wishart,25.0,test,4,0.205095725059025
Singular Wishart,25.0,test,5,0.3664223286795246
Singular Wishart,25.0,test,6,0.2476763589229642
Singular Wishart,25.0,test,7,0.2463014598773545
Singular Wishart,25.0,test,8,0.282188638601486
Singular Wishart,25.0,test,9,0.2497990981156024
Singular Wishart,25.0,test,10,0.3179172993313803
Singular Wishart,25.0,test,11,0.2186600447978894
Singular Wishart,25.0,test,12,0.320772125895511
Singular Wishart,25.0,test,13,0.2828887059380582
Singular Wishart,25.0,test,14,0.3861504075455451
Singular Wishart,25.0,test,15,0.2870676146456923
Singular Wishart,25.0,test,16,0.2715344134150611
Singular Wishart,25.0,test,17,0.2243919408563908
Singular Wishart,25.0,test,18,0.3768819012764128
Singular Wishart,25.0,test,19,0.3852520500976629
Singular Wishart,25.0,test,20,0.2006275399629643
Singular Wishart,25.0,test,21,0.2887704184381648
Singular Wishart,25.0,test,22,0.3485209727946194
Singular Wishart,25.0,test,23,0.3111898148482197
Singular Wishart,25.0,test,24,0.1365930528719401
Singular Wishart,25.0,test,25,0.2007783063131109
Singular Wishart,25.0,test,26,0.3904756770669386
Singular Wishart,25.0,test,27,0.2789134565472618
Singular Wishart,25.0,test,28,0.2414776806364215
Singular Wishart,25.0,test,29,0.2621133498118147
Singular Wishart,25.0,test,30,0.4136568040705731
Singular Wishart,25.0,test,31,0.1651037461275661
Singular Wishart,25.0,test,32,0.3509950722554781
Singular Wishart,25.0,test,33,0.2200097732705828
Singular Wishart,25.0,test,34,0.1303740400321573
Singular Wishart,25.0,test,35,0.2932992244348293
Singular Wishart,25.0,test,36,0.0958381265668543
Singular Wishart,25.0,test,37,0.2932331706864644
Singular Wishart,25.0,test,38,0.1611388273955711
Singular Wishart,25.0,test,39,0.163592982517595
Singular Wishart,25.0,test,40,0.3114991819983035
Singular Wishart,25.0,test,41,0.283337340770677
Singular Wishart,25.0,test,42,0.2643330841280971
Singular Wishart,25.0,test,43,0.1999890483868465
Singular Wishart,25.0,test,44,0.3059623143962088
Singular Wishart,25.0,test,45,0.2543462927387905
Singular Wishart,25.0,test,46,0.2810644463016484
Singular Wishart,25.0,test,47,0.1864325838109806
Singular Wishart,25.0,test,48,0.2883125151850037
Singular Wishart,25.0,test,49,0.3413163272862474
Singular Wishart,25.0,test,50,0.213815232796149
Singular Wishart,25.0,test,51,0.1676833712267876
Singular Wishart,25.0,test,52,0.2414440376388172
Singular Wishart,25.0,test,53,0.1961820070200045
Singular Wishart,25.0,test,54,0.3775294050067578
Singular Wishart,25.0,test,55,0.0
Singular Wishart,25.0,test,56,0.2821679556319814
Singular Wishart,25.0,test,57,0.2646226788481919
Singular Wishart,25.0,test,58,0.3564021029963118
Singular Wishart,25.0,test,59,0.3450394846494442
Singular Wishart,25.0,test,60,0.2554541151313274
Singular Wishart,25.0,test,61,0.1627433397445067
Singular Wishart,25.0,test,62,0.2450598935110707
Singular Wishart,25.0,test,63,0.3353872325833126
Singular Wishart,25.0,test,64,0.3017942309117782
Singular Wishart,25.0,test,65,0.2048057227568634
Singular Wishart,25.0,test,66,0.3282496667497961
Singular Wishart,25.0,test,67,0.3576554199673027
Singular Wishart,25.0,test,68,0.1604806403428605
Singular Wishart,25.0,test,69,0.257668177743055
Singular Wishart,25.0,test,70,0.1911665926450081
Singular Wishart,25.0,test,71,0.1760923910196741
Singular Wishart,25.0,test,72,0.1423298664193474
Singular Wishart,25.0,test,73,0.2241798313246477
Singular Wishart,25.0,test,74,0.1923063791433784
Singular Wishart,25.0,test,75,0.1991648166977946
Singular Wishart,25.0,test,76,0.2825755714397764
Singular Wishart,25.0,test,77,0.1668700597343018
Singular Wishart,25.0,test,78,0.3723803427253791
Singular Wishart,25.0,test,79,0.3000037924488225
Singular Wishart,25.0,test,80,0.1853085936386471
Singular Wishart,25.0,test,81,0.4038242492747423
Singular Wishart,25.0,test,82,0.386379209953184
Singular Wishart,25.0,test,83,0.2233281870690668
Singular Wishart,25.0,test,84,0.2220673891731395
Singular Wishart,25.0,test,85,0.2079784398166592
Singular Wishart,25.0,test,86,0.2146305465334413
Singular Wishart,25.0,test,87,0.2686155454981657
Singular Wishart,25.0,test,88,0.3258406218916546
Singular Wishart,25.0,test,89,0.3210466322219912
Singular Wishart,25.0,test,90,0.2519337265444775
Singular Wishart,25.0,test,91,0.250222040648555
Singular Wishart,25.0,test,92,0.1207381351462192
Singular Wishart,25.0,test,93,0.23327543156316
Singular Wishart,25.0,test,94,0.312098959352065
Singular Wishart,25.0,test,95,0.2633805671863766
Singular Wishart,25.0,test,96,0.2822362603462295
Singular Wishart,25.0,test,97,0.198698607132909
Singular Wishart,25.0,test,98,0.3792113483736884
Singular Wishart,50.0,train,0,1.3019434004560052e-39
Singular Wishart,50.0,train,1,1.8700899877520426e-29
Singular Wishart,50.0,train,2,3.057024279939906e-44
Singular Wishart,50.0,train,3,1.3429620786813082e-20
Singular Wishart,50.0,train,4,1.459268756022293e-31
Singular Wishart,50.0,train,5,7.857245087319319e-41
Singular Wishart,50.0,train,6,2.2411809564615384e-42
Singular Wishart,50.0,train,7,9.345448013837512e-37
Singular Wishart,50.0,train,8,8.578195534257477e-41
Singular Wishart,50.0,train,9,1.5679029150312956e-40
Singular Wishart,50.0,train,10,6.6387254063290114e-43
Singular Wishart,50.0,train,11,8.846030125367756e-28
Singular Wishart,50.0,train,12,1.7176958645075378e-41
Singular Wishart,50.0,train,13,1.0128126040064142e-35
Singular Wishart,50.0,train,14,7.985184268508791e-40
Singular Wishart,50.0,train,15,5.41756056240111e-40
Singular Wishart,50.0,train,16,1.5664124173031802e-39
Singular Wishart,50.0,train,17,9.08575329438003e-36
Singular Wishart,50.0,train,18,1.0939591471529355e-38
Singular Wishart,50.0,train,19,4.306968680056824e-30
Singular Wishart,50.0,train,20,1.5041861856371745e-39
Singular Wishart,50.0,train,21,4.1225619695462805e-41
Singular Wishart,50.0,train,22,3.0259713898890304e-35
Singular Wishart,50.0,train,23,2.842375598428421e-40
Singular Wishart,50.0,train,24,0.0625829788920263
Singular Wishart,50.0,train,25,1.238433601535816e-38
Singular Wishart,50.0,train,26,6.374843117450264e-37
Singular Wishart,50.0,train,27,3.196773162201979e-42
Singular Wishart,50.0,train,28,0.016497841566642
Singular Wishart,50.0,train,29,1.303176595198908e-31
Singular Wishart,50.0,train,30,1.607099270554015e-47
Singular Wishart,50.0,train,31,0.1261790344763121
Singular Wishart,50.0,train,32,7.060066143489983e-35
Singular Wishart,50.0,train,33,1.0525974801827649e-45
Singular Wishart,50.0,train,34,1.997307284268004e-36
Singular Wishart,50.0,train,35,0.0
Singular Wishart,50.0,train,36,1.6980458622434124e-35
Singular Wishart,50.0,train,37,2.606825302030196e-42
Singular Wishart,50.0,train,38,2.870084298480091e-40
Singular Wishart,50.0,train,39,2.535912377031103e-38
Singular Wishart,50.0,train,40,8.094936340675698e-37
Singular Wishart,50.0,train,41,3.334289758077619e-39
Singular Wishart,50.0,train,42,7.750701847408865e-40
Singular Wishart,50.0,train,43,4.619945342759919e-22
Singular Wishart,50.0,train,44,3.717883258016267e-41
Singular Wishart,50.0,train,45,6.36878270745464e-41
Singular Wishart,50.0,train,46,7.64648358065459e-47
Singular Wishart,50.0,train,47,2.4325958211163707e-39
Singular Wishart,50.0,train,48,1.3883694914615832e-30
Singular Wishart,50.0,train,49,0.0
Singular Wishart,50.0,train,50,4.518267868756291e-44
Singular Wishart,50.0,train,51,3.29450853127122e-46
Singular Wishart,50.0,train,52,3.728316746546585e-38
Singular Wishart,50.0,train,53,1.0045525614046315e-32
Singular Wishart,50.0,train,54,5.617744601720132e-44
Singular Wishart,50.0,train,55,8.06994402901288e-34
Singular Wishart,50.0,train,56,6.013703504461629e-46
Singular Wishart,50.0,train,57,1.760476930608654e-41
Singular Wishart,50.0,train,58,6.647128923598143e-42
Singular Wishart,50.0,train,59,1.3215812952239789e-42
Singular Wishart,50.0,train,60,1.1879590172755728e-35
Singular Wishart,50.0,train,61,1.4171714925490552e-32
Singular Wishart,50.0,train,62,2.7937785518778524e-43
Singular Wishart,50.0,train,63,0.0348259252735634
Singular Wishart,50.0,train,64,0.0207858146911413
Singular Wishart,50.0,train,65,1.1662296651420468e-39
Singular Wishart,50.0,train,66,1.6559732208940122e-41
Singular Wishart,50.0,train,67,1.6641433035287383e-31
Singular Wishart,50.0,train,68,1.017595303221971e-32
Singular Wishart,50.0,train,69,1.6740052951301354e-44
Singular Wishart,50.0,train,70,7.02494525355882e-46
Singular Wishart,50.0,train,71,2.9165377863918357e-39
Singular Wishart,50.0,train,72,9.940809579252082e-42
Singular Wishart,50.0,train,73,9.456690409924272e-36
Singular Wishart,50.0,train,74,0.0518300735828873
Singular Wishart,50.0,train,75,0.0793128436575103
Singular Wishart,50.0,train,76,1.125615257334743e-38
Singular Wishart,50.0,train,77,0.0411096580789419
Singular Wishart,50.0,train,78,2.8367150198247077e-34
Singular Wishart,50.0,train,79,2.4422693034666147e-41
Singular Wishart,50.0,train,80,1.261776475196692e-43
Singular Wishart,50.0,train,81,5.2945202257358586e-33
Singular Wishart,50.0,train,82,1.5371818649127304e-47
Singular Wishart,50.0,train,83,1.1159241084966707e-39
Singular Wishart,50.0,train,84,7.547695394356283e-40
Singular Wishart,50.0,train,85,6.104501137814837e-38
Singular Wishart,50.0,train,86,7.007845438379051e-32
Singular Wishart,50.0,train,87,1.3215155456076162e-43
Singular Wishart,50.0,train,88,6.012917276317633e-34
Singular Wishart,50.0,train,89,1.0169317862606583e-34
Singular Wishart,50.0,train,90,0.0585993580258769
Singular Wishart,50.0,train,91,0.1334773582988809
Singular Wishart,50.0,train,92,2.6139228565803962e-43
Singular Wishart,50.0,train,93,4.454454846204287e-40
Singular Wishart,50.0,train,94,0.0625829788920263
Singular Wishart,50.0,train,95,7.048145413188292e-46
Singular Wishart,50.0,train,96,8.113409484063092e-37
Singular Wishart,50.0,train,97,1.7535728438877458e-41
Singular Wishart,50.0,train,98,9.910449878594682e-33
Singular Wishart,50.0,train,99,4.13218230952951e-29
Singular Wishart,50.0,train,100,6.302220408415365e-39
Singular Wishart,50.0,train,101,1.9656522178768995e-35
Singular Wishart,50.0,train,102,5.4576657763437154e-42
Singular Wishart,50.0,train,103,0.0099216320777294
Singular Wishart,50.0,train,104,8.689619348453583e-42
Singular Wishart,50.0,train,105,7.657355874592934e-41
Singular Wishart,50.0,train,106,5.962647853266837e-39
Singular Wishart,50.0,train,107,8.051424135053104e-47
Singular Wishart,50.0,train,108,1.7154017333562424e-29
Singular Wishart,50.0,train,109,0.0735069176274608
Singular Wishart,50.0,train,110,4.5339946681047806e-42
Singular Wishart,50.0,train,111,6.924951283285567e-39
Singular Wishart,50.0,train,112,0.1616848405602256
Singular Wishart,50.0,train,113,2.468767961777644e-40
Singular Wishart,50.0,train,114,2.4057801387991623e-44
Singular Wishart,50.0,train,115,6.531484690181705e-41
Singular Wishart,50.0,train,116,4.75625558282305e-37
Singular Wishart,50.0,train,117,5.5932106192819184e-36
Singular Wishart,50.0,train,118,6.6142303245057685e-40
Singular Wishart,50.0,train,119,1.1649522171286091e-36
Singular Wishart,50.0,train,120,1.3905190671730415e-32
Singular Wishart,50.0,train,121,1.3963554236740465e-45
Singular Wishart,50.0,train,122,1.427101022894474e-42
Singular Wishart,50.0,train,123,6.72129694941108e-39
Singular Wishart,50.0,train,124,4.78958402615043e-41
Singular Wishart,50.0,train,125,0.0091336345918942
Singular Wishart,50.0,train,126,3.8009784799974835e-41
Singular Wishart,50.0,train,127,0.0
Singular Wishart,50.0,train,128,9.003435994578999e-43
Singular Wishart,50.0,train,129,3.431727636300474e-43
Singular Wishart,50.0,train,130,0.0867923142370616
Singular Wishart,50.0,train,131,3.231620714026819e-31
Singular Wishart,50.0,train,132,0.0766069447510165
Singular Wishart,50.0,train,133,4.9567423805135736e-48
Singular Wishart,50.0,train,134,6.912682701561173e-43
Singular Wishart,50.0,train,135,0.0
Singular Wishart,50.0,train,136,2.727672223269758e-44
Singular Wishart,50.0,train,137,7.387790022129304e-29
Singular Wishart,50.0,train,138,1.151116617119971e-35
Singular Wishart,50.0,train,139,1.3710328038716477e-36
Singular Wishart,50.0,train,140,0.1067007700987902
Singular Wishart,50.0,train,141,1.1476309909468122e-40
Singular Wishart,50.0,train,142,1.5652779831420168e-44
Singular Wishart,50.0,train,143,6.8550982548650846e-46
Singular Wishart,50.0,train,144,0.0
Singular Wishart,50.0,train,145,2.58501720382574e-36
Singular Wishart,50.0,train,146,0.0
Singular Wishart,50.0,train,147,4.084802156213684e-33
Singular Wishart,50.0,train,148,8.702211903424468e-43
Singular Wishart,50.0,train,149,3.3858175431375076e-41
Singular Wishart,50.0,train,150,0.0581937247707417
Singular Wishart,50.0,train,151,0.1937083440357865
Singular Wishart,50.0,train,152,5.68054490410246e-37
Singular Wishart,50.0,train,153,0.199202354663124
Singular Wishart,50.0,train,154,7.6597385729962e-42
Singular Wishart,50.0,test,0,1.0691043481662423e-38
Singular Wishart,50.0,test,1,6.159924778815736e-44
Singular Wishart,50.0,test,2,3.4799135770011173e-43
Singular Wishart,50.0,test,3,8.720630652233304e-33
Singular Wishart,50.0,test,4,0.0
Singular Wishart,50.0,test,5,1.858209525394403e-41
Singular Wishart,50.0,test,6,1.1170792910620991e-40
Singular Wishart,50.0,test,7,8.674418955778675e-40
Singular Wishart,50.0,test,8,1.3568945630175504e-38
Singular Wishart,50.0,test,9,1.1741389464636007e-39
Singular Wishart,50.0,test,10,1.149743970837871e-37
Singular Wishart,50.0,test,11,1.400196716408408e-42
Singular Wishart,50.0,test,12,1.6528434249393794e-35
Singular Wishart,50.0,test,13,6.923641747870914e-18
Singular Wishart,50.0,test,14,9.529343081653471e-42
Singular Wishart,50.0,test,15,2.9284005131232083e-43
Singular Wishart,50.0,test,16,3.442548519587057e-44
Singular Wishart,50.0,test,17,3.138457303145072e-37
Singular Wishart,50.0,test,18,2.6608034732003975e-43
Singular Wishart,50.0,test,19,6.207723071612731e-42
Singular Wishart,50.0,test,20,1.1667571558158076e-42
Singular Wishart,50.0,test,21,1.1525013494308166e-43
Singular Wishart,50.0,test,22,1.0675707263310236e-44
Singular Wishart,50.0,test,23,7.749327938740398e-42
Singular Wishart,50.0,test,24,1.561987099253478e-44
Singular Wishart,50.0,test,25,1.3017600285122636e-40
Singular Wishart,50.0,test,26,2.916878969236188e-44
Singular Wishart,50.0,test,27,5.1570771698602953e-42
Singular Wishart,50.0,test,28,1.824721429920917e-48
Singular Wishart,50.0,test,29,2.7175465108697736e-44
Singular Wishart,50.0,test,30,1.0803166331319311e-41
Singular Wishart,50.0,test,31,2.6237202629454857e-35
Singular Wishart,50.0,test,32,5.2529655403122515e-40
Singular Wishart,50.0,test,33,3.590213086541503e-46
Singular Wishart,50.0,test,34,2.4630166632759604e-35
Singular Wishart,50.0,test,35,2.997255887025236e-43
Singular Wishart,50.0,test,36,9.783484879709913e-46
Singular Wishart,50.0,test,37,2.650170972331807e-40
Singular Wishart,50.0,test,38,3.4111603680774786e-36
Singular Wishart,50.0,test,39,5.0618258453972935e-34
Singular Wishart,50.0,test,40,4.452799003457105e-42
Singular Wishart,50.0,test,41,0.0
Singular Wishart,50.0,test,42,5.763295478082041e-35
Singular Wishart,50.0,test,43,4.899495802047215e-37
Singular Wishart,50.0,test,44,1.430610549487554e-43
Singular Wishart,50.0,test,45,3.3638662137183516e-47
Singular Wishart,50.0,test,46,1.6003033161844628e-36
Singular Wishart,50.0,test,47,1.500282456016536e-40
Singular Wishart,50.0,test,48,1.3488656366104956e-34
Singular Wishart,50.0,test,49,6.552013013644359e-35
Singular Wishart,50.0,test,50,1.4246986904483836e-38
Singular Wishart,50.0,test,51,2.322001349447833e-40
Singular Wishart,50.0,test,52,4.520647227230418e-47
Singular Wishart,50.0,test,53,2.485626948718821e-33
Singular Wishart,50.0,test,54,2.563920365320575e-47
Singular Wishart,50.0,test,55,4.762914823334576e-40
Singular Wishart,50.0,test,56,3.193038905284053e-43
Singular Wishart,50.0,test,57,6.962309513668802e-44
Singular Wishart,50.0,test,58,6.29944144662228e-41
Singular Wishart,50.0,test,59,0.0
Singular Wishart,50.0,test,60,1.682555242144153e-42
Singular Wishart,50.0,test,61,2.087666570724196e-34
Singular Wishart,50.0,test,62,0.0
Singular Wishart,50.0,test,63,6.261414955329264e-42
Singular Wishart,50.0,test,64,9.854395890816677e-43
Singular Wishart,50.0,test,65,5.391934284132754e-34
Singular Wishart,50.0,test,66,0.0
Singular Wishart,50.0,test,67,1.5839205929640887e-39
Singular Wishart,50.0,test,68,2.898848294037815e-29
Singular Wishart,50.0,test,69,1.479061663803043e-42
Singular Wishart,50.0,test,70,2.9675172986740216e-42
Singular Wishart,50.0,test,71,2.5470103424374345e-39
Singular Wishart,50.0,test,72,1.4637597400771792e-38
Singular Wishart,50.0,test,73,3.4443222043895586e-42
Singular Wishart,50.0,test,74,1.7312804485745251e-38
Singular Wishart,50.0,test,75,1.2543254994832867e-38
Singular Wishart,50.0,test,76,6.730420143592224e-44
Singular Wishart,50.0,test,77,1.3794082906525464e-36
Singular Wishart,50.0,test,78,8.504860172276421e-41
Singular Wishart,50.0,test,79,2.5906350311256465e-39
Singular Wishart,50.0,test,80,9.466005255637649e-44
Singular Wishart,50.0,test,81,5.473823435253274e-36
Singular Wishart,50.0,test,82,2.778730942825089e-38
Singular Wishart,50.0,test,83,1.8433769690449016e-46
Singular Wishart,50.0,test,84,1.1246581940287114e-38
Singular Wishart,50.0,test,85,1.1200339670227669e-37
Singular Wishart,50.0,test,86,1.2139450590462164e-36
Singular Wishart,50.0,test,87,7.94276903566999e-45
Singular Wishart,50.0,test,88,1.5929567057379263e-38
Singular Wishart,50.0,test,89,5.1643348899129656e-46
Singular Wishart,50.0,test,90,3.6640349081941607e-32
Singular Wishart,50.0,test,91,2.1451393261570185e-42
Singular Wishart,50.0,test,92,1.448848973849502e-35
Singular Wishart,50.0,test,93,2.0429416130559378e-44
Singular Wishart,50.0,test,94,9.107807661926512e-37
Singular Wishart,50.0,test,95,9.414496436534863e-42
Singular Wishart,50.0,test,96,5.6888362528385245e-39
Singular Wishart,50.0,test,97,0.0
Singular Wishart,50.0,test,98,3.8291690414528896e-41
Complex Normal,1.0,train,0,0.2079571755274306
Complex Normal,1.0,train,1,0.2469682336745648
Complex Normal,1.0,train,2,0.2336787153437796
Complex Normal,1.0,train,3,0.2243416959517039
Complex Normal,1.0,train,4,0.3541408030754995
Complex Normal,1.0,train,5,0.2171259238595653
Complex Normal,1.0,train,6,0.26436017399422
Complex Normal,1.0,train,7,0.3694232126089535
Complex Normal,1.0,train,8,0.2793384506607684
Complex Normal,1.0,train,9,0.3655176074919149
Complex Normal,1.0,train,10,0.2680486986495075
Complex Normal,1.0,train,11,0.2743868407866088
Complex Normal,1.0,train,12,0.2687986342783747
Complex Normal,1.0,train,13,0.2032461352463437
Complex Normal,1.0,train,14,0.2958125916462331
Complex Normal,1.0,train,15,0.2847613936922389
Complex Normal,1.0,train,16,0.33592240983214
Complex Normal,1.0,train,17,0.2233188956789945
Complex Normal,1.0,train,18,0.3136523404227043
Complex Normal,1.0,train,19,0.2267131971169462
Complex Normal,1.0,train,20,0.2577594173422922
Complex Normal,1.0,train,21,0.1589833136923865
Complex Normal,1.0,train,22,0.3269515605246931
Complex Normal,1.0,train,23,0.2216105022210365
Complex Normal,1.0,train,24,0.3262656380695264
Complex Normal,1.0,train,25,0.2539614510661683
Complex Normal,1.0,train,26,0.2186873092802846
Complex Normal,1.0,train,27,0.3090605118249692
Complex Normal,1.0,train,28,0.2658378001731394
Complex Normal,1.0,train,29,0.1739025479039913
Complex Normal,1.0,train,30,0.2638695968534762
Complex Normal,1.0,train,31,0.2729582556884157
Complex Normal,1.0,train,32,0.3272756461915538
Complex Normal,1.0,train,33,0.2645589452587349
Complex Normal,1.0,train,34,0.2347545922141005
Complex Normal,1.0,train,35,0.3541116316894057
Complex Normal,1.0,train,36,0.3259813083510918
Complex Normal,1.0,train,37,0.1791948361150494
Complex Normal,1.0,train,38,0.237019149780255
Complex Normal,1.0,train,39,0.2596655253652612
Complex Normal,1.0,train,40,0.2973393485262141
Complex Normal,1.0,train,41,0.1737028699012646
Complex Normal,1.0,train,42,0.2970971793604541
Complex Normal,1.0,train,43,0.3572529106013828
Complex Normal,1.0,train,44,0.2914458584593944
Complex Normal,1.0,train,45,0.2635723263687835
Complex Normal,1.0,train,46,0.2221870004481138
Complex Normal,1.0,train,47,0.2064840780818788
Complex Normal,1.0,train,48,0.2723936246320826
Complex Normal,1.0,train,49,0.3144724626299523
Complex Normal,1.0,train,50,0.2414411990895773
Complex Normal,1.0,train,51,0.2133707440758981
Complex Normal,1.0,train,52,0.3347382017763234
Complex Normal,1.0,train,53,0.3795406699859289
Complex Normal,1.0,train,54,0.3105245081827409
Complex Normal,1.0,train,55,0.2797491717812832
Complex Normal,1.0,train,56,0.3198181420475882
Complex Normal,1.0,train,57,0.3315525774846765
Complex Normal,1.0,train,58,0.3071297471802477
Complex Normal,1.0,train,59,0.2305464262686344
Complex Normal,1.0,train,60,0.1635676194273882
Complex Normal,1.0,train,61,0.2310341417490799
Complex Normal,1.0,train,62,0.3462806182852125
Complex Normal,1.0,train,63,0.3021150163991492
Complex Normal,1.0,train,64,0.2941422380775003
Complex Normal,1.0,train,65,0.3597545539817762
Complex Normal,1.0,train,66,0.2031490996078846
Complex Normal,1.0,train,67,0.2907728350467174
Complex Normal,1.0,train,68,0.2521934104789124
Complex Normal,1.0,train,69,0.3523710957972313
Complex Normal,1.0,train,70,0.2872487010320182
Complex Normal,1.0,train,71,0.2420104130526559
Complex Normal,1.0,train,72,0.2462387936649642
Complex Normal,1.0,train,73,0.2649234673179051
Complex Normal,1.0,train,74,0.3117264668013389
Complex Normal,1.0,train,75,0.1791562268617851
Complex Normal,1.0,train,76,0.2645415346027677
Complex Normal,1.0,train,77,0.2917773273082668
Complex Normal,1.0,train,78,0.2981815592204551
Complex Normal,1.0,train,79,0.281117217265948
Complex Normal,1.0,train,80,0.2183509371066904
Complex Normal,1.0,train,81,0.2897933157645924
Complex Normal,1.0,train,82,0.2465366990271147
Complex Normal,1.0,train,83,0.29418216025068
Complex Normal,1.0,train,84,0.3244548936909997
Complex Normal,1.0,train,85,0.2414333422215936
Complex Normal,1.0,train,86,0.203382661657387
Complex Normal,1.0,train,87,0.3695395363095546
Complex Normal,1.0,train,88,0.3967848120360026
Complex Normal,1.0,train,89,0.2065008329186133
Complex Normal,1.0,train,90,0.1976059420169671
Complex Normal,1.0,train,91,0.2347700854068166
Complex Normal,1.0,train,92,0.311184689273928
Complex Normal,1.0,train,93,0.233753842496928
Complex Normal,1.0,train,94,0.2369922195359713
Complex Normal,1.0,train,95,0.2223389284944867
Complex Normal,1.0,train,96,0.2950138294159237
Complex Normal,1.0,train,97,0.2696717316949252
Complex Normal,1.0,train,98,0.2966900518325406
Complex Normal,1.0,train,99,0.2153436504595028
Complex Normal,1.0,train,100,0.2555341208829332
Complex Normal,1.0,train,101,0.2610824837511054
Complex Normal,1.0,train,102,0.2435978270373318
Complex Normal,1.0,train,103,0.2254557444146694
Complex Normal,1.0,train,104,0.3302879571736596
Complex Normal,1.0,train,105,0.2347922147349109
Complex Normal,1.0,train,106,0.3070516800829243
Complex Normal,1.0,train,107,0.18918313463202
Complex Normal,1.0,train,108,0.2015344655242397
Complex Normal,1.0,train,109,0.2186928759479796
Complex Normal,1.0,train,110,0.4220132556117781
Complex Normal,1.0,train,111,0.2324618296891056
Complex Normal,1.0,train,112,0.3269706861360444
Complex Normal,1.0,train,113,0.2933479904091158
Complex Normal,1.0,train,114,0.2653088789433775
Complex Normal,1.0,train,115,0.260747792102212
Complex Normal,1.0,train,116,0.2294916936757572
Complex Normal,1.0,train,117,0.2473309731323869
Complex Normal,1.0,train,118,0.2299084239372036
Complex Normal,1.0,train,119,0.3360764333764869
Complex Normal,1.0,train,120,0.3096902229245066
Complex Normal,1.0,train,121,0.2520774362240893
Complex Normal,1.0,train,122,0.2382145435263583
Complex Normal,1.0,train,123,0.3795921753675665
Complex Normal,1.0,train,124,0.2842683320710319
Complex Normal,1.0,train,125,0.2614142314532828
Complex Normal,1.0,train,126,0.3113046630413653
Complex Normal,1.0,train,127,0.2379754968560924
Complex Normal,1.0,train,128,0.2254272049072764
Complex Normal,1.0,train,129,0.2359159105269043
Complex Normal,1.0,train,130,0.2398159804808876
Complex Normal,1.0,train,131,0.2451750724225743
Complex Normal,1.0,train,132,0.2383437897849976
Complex Normal,1.0,train,133,0.3208330298763755
Complex Normal,1.0,train,134,0.4278005861295466
Complex Normal,1.0,train,135,0.1953743126147372
Complex Normal,1.0,train,136,0.2514870516717633
Complex Normal,1.0,train,137,0.2711391890057945
Complex Normal,1.0,train,138,0.2886502059435846
Complex Normal,1.0,train,139,0.2955190178651284
Complex Normal,1.0,train,140,0.2884605570388818
Complex Normal,1.0,train,141,0.2297770601825978
Complex Normal,1.0,train,142,0.2029504075756118
Complex Normal,1.0,train,143,0.1525934521964471
Complex Normal,1.0,train,144,0.2551204803679165
Complex Normal,1.0,train,145,0.1962386993589487
Complex Normal,1.0,train,146,0.2573609445305832
Complex Normal,1.0,train,147,0.2472515688386147
Complex Normal,1.0,train,148,0.2550141931264893
Complex Normal,1.0,train,149,0.3340603261849004
Complex Normal,1.0,train,150,0.2603921111637886
Complex Normal,1.0,train,151,0.2409487542364431
Complex Normal,1.0,train,152,0.3117795630848828
Complex Normal,1.0,train,153,0.2109431578887978
Complex Normal,1.0,train,154,0.2437224383454947
Complex Normal,1.0,test,0,0.3008418616416785
Complex Normal,1.0,test,1,0.266986106083527
Complex Normal,1.0,test,2,0.1994288518512415
Complex Normal,1.0,test,3,0.3197062544173835
Complex Normal,1.0,test,4,0.2139457027847701
Complex Normal,1.0,test,5,0.2929491314407195
Complex Normal,1.0,test,6,0.1652437171747856
Complex Normal,1.0,test,7,0.2755580790711763
Complex Normal,1.0,test,8,0.2243591134156921
Complex Normal,1.0,test,9,0.3269021885510713
Complex Normal,1.0,test,10,0.283757362769626
Complex Normal,1.0,test,11,0.2384713633270749
Complex Normal,1.0,test,12,0.3249766215669338
Complex Normal,1.0,test,13,0.2349493119716462
Complex Normal,1.0,test,14,0.2666376899165114
Complex Normal,1.0,test,15,0.2458574903779954
Complex Normal,1.0,test,16,0.2402984196010373
Complex Normal,1.0,test,17,0.3396585485055827
Complex Normal,1.0,test,18,0.2541686764046461
Complex Normal,1.0,test,19,0.2290509828392751
Complex Normal,1.0,test,20,0.2412319259733132
Complex Normal,1.0,test,21,0.2894737390963678
Complex Normal,1.0,test,22,0.2754279226801986
Complex Normal,1.0,test,23,0.3126277726554234
Complex Normal,1.0,test,24,0.1940186496518367
Complex Normal,1.0,test,25,0.2816092829209251
Complex Normal,1.0,test,26,0.2098384705814341
Complex Normal,1.0,test,27,0.2752493106562029
Complex Normal,1.0,test,28,0.255947696450821
Complex Normal,1.0,test,29,0.2837421580765234
Complex Normal,1.0,test,30,0.3302566286302369
Complex Normal,1.0,test,31,0.3027895438167133
Complex Normal,1.0,test,32,0.3379347685248777
Complex Normal,1.0,test,33,0.2066114694490244
Complex Normal,1.0,test,34,0.1519518768623331
Complex Normal,1.0,test,35,0.2435950068715061
Complex Normal,1.0,test,36,0.2294647681271096
Complex Normal,1.0,test,37,0.3371184570681259
Complex Normal,1.0,test,38,0.1298883811354757
Complex Normal,1.0,test,39,0.1986119770023384
Complex Normal,1.0,test,40,0.4055481123493567
Complex Normal,1.0,test,41,0.2970491373908714
Complex Normal,1.0,test,42,0.3996061386185988
Complex Normal,1.0,test,43,0.1817066877978046
Complex Normal,1.0,test,44,0.319769569795612
Complex Normal,1.0,test,45,0.2302634085375616
Complex Normal,1.0,test,46,0.2734032263754663
Complex Normal,1.0,test,47,0.2324944445255425
Complex Normal,1.0,test,48,0.2541239404922078
Complex Normal,1.0,test,49,0.2930506619151675
Complex Normal,1.0,test,50,0.2591368653238419
Complex Normal,1.0,test,51,0.272333543253119
Complex Normal,1.0,test,52,0.1946346744380162
Complex Normal,1.0,test,53,0.2746967837764851
Complex Normal,1.0,test,54,0.1816231203338337
Complex Normal,1.0,test,55,0.2643691811853303
Complex Normal,1.0,test,56,0.3211360005268653
Complex Normal,1.0,test,57,0.254713030367438
Complex Normal,1.0,test,58,0.2356775698135709
Complex Normal,1.0,test,59,0.28027906839763
Complex Normal,1.0,test,60,0.3599005415996026
Complex Normal,1.0,test,61,0.2633159062621729
Complex Normal,1.0,test,62,0.3249718597400012
Complex Normal,1.0,test,63,0.2704704613225497
Complex Normal,1.0,test,64,0.2732621195838912
Complex Normal,1.0,test,65,0.263195912215056
Complex Normal,1.0,test,66,0.2711397153221883
Complex Normal,1.0,test,67,0.263961710165673
Complex Normal,1.0,test,68,0.2744366479253921
Complex Normal,1.0,test,69,0.2634983861726097
Complex Normal,1.0,test,70,0.2601573465538266
Complex Normal,1.0,test,71,0.184540041931278
Complex Normal,1.0,test,72,0.2247323088842184
Complex Normal,1.0,test,73,0.2270193322162247
Complex Normal,1.0,test,74,0.2582702841241898
Complex Normal,1.0,test,75,0.2643144632191682
Complex Normal,1.0,test,76,0.2676451586230737
Complex Normal,1.0,test,77,0.2669380951260113
Complex Normal,1.0,test,78,0.2603990558761956
Complex Normal,1.0,test,79,0.2001732154369144
Complex Normal,1.0,test,80,0.201740621884401
Complex Normal,1.0,test,81,0.3160197262742589
Complex Normal,1.0,test,82,0.2253720954459954
Complex Normal,1.0,test,83,0.2425582966592875
Complex Normal,1.0,test,84,0.2059252492874254
Complex Normal,1.0,test,85,0.2099309987685522
Complex Normal,1.0,test,86,0.292301864453742
Complex Normal,1.0,test,87,0.1781183204751894
Complex Normal,1.0,test,88,0.31330003170878
Complex Normal,1.0,test,89,0.2372125457518063
Complex Normal,1.0,test,90,0.2804541109781284
Complex Normal,1.0,test,91,0.1760326755669457
Complex Normal,1.0,test,92,0.2605732583698884
Complex Normal,1.0,test,93,0.222095942885123
Complex Normal,1.0,test,94,0.3727979261512399
Complex Normal,1.0,test,95,0.26870386513298
Complex Normal,1.0,test,96,0.3114530887295035
Complex Normal,1.0,test,97,0.1917855353796894
Complex Normal,1.0,test,98,0.2658915407249055
Complex Normal,5.0,train,0,0.2045934616196339
Complex Normal,5.0,train,1,0.2280478179767241
Complex Normal,5.0,train,2,0.3060928768924071
Complex Normal,5.0,train,3,0.2202410096333719
Complex Normal,5.0,train,4,0.2824425426562491
Complex Normal,5.0,train,5,0.3312410092133659
Complex Normal,5.0,train,6,0.3176239470338305
Complex Normal,5.0,train,7,0.4674701036792258
Complex Normal,5.0,train,8,0.255658420207688
Complex Normal,5.0,train,9,0.2983533331011053
Complex Normal,5.0,train,10,0.2865526191428669
Complex Normal,5.0,train,11,0.2716908916533965
Complex Normal,5.0,train,12,0.3036509167581864
Complex Normal,5.0,train,13,0.2382044833515489
Complex Normal,5.0,train,14,0.3531066173324831
Complex Normal,5.0,train,15,0.2721444639731795
Complex Normal,5.0,train,16,0.3268062545820853
Complex Normal,5.0,train,17,0.2210025594070767
Complex Normal,5.0,train,18,0.2789833890143498
Complex Normal,5.0,train,19,0.2270924169722287
Complex Normal,5.0,train,20,0.2453305346683371
Complex Normal,5.0,train,21,0.3014139900518522
Complex Normal,5.0,train,22,0.3610418792349865
Complex Normal,5.0,train,23,0.2487184372058682
Complex Normal,5.0,train,24,0.2639412316121107
Complex Normal,5.0,train,25,0.2492555949402151
Complex Normal,5.0,train,26,0.3241343785174259
Complex Normal,5.0,train,27,0.3767852703122997
Complex Normal,5.0,train,28,0.2259893293501406
Complex Normal,5.0,train,29,0.1719255504159829
Complex Normal,5.0,train,30,0.3132047438494814
Complex Normal,5.0,train,31,0.284900123038695
Complex Normal,5.0,train,32,0.356819063676163
Complex Normal,5.0,train,33,0.3040253545532598
Complex Normal,5.0,train,34,0.2303493377448193
Complex Normal,5.0,train,35,0.4222032237444538
Complex Normal,5.0,train,36,0.2979610688096826
Complex Normal,5.0,train,37,0.2656356070117439
Complex Normal,5.0,train,38,0.2864033402561415
Complex Normal,5.0,train,39,0.2981998365277991
Complex Normal,5.0,train,40,0.3486956526036033
Complex Normal,5.0,train,41,0.2364338895424521
Complex Normal,5.0,train,42,0.3175569790520841
Complex Normal,5.0,train,43,0.3772393913483483
Complex Normal,5.0,train,44,0.2745390184301534
Complex Normal,5.0,train,45,0.2405940101124977
Complex Normal,5.0,train,46,0.4005019035259167
Complex Normal,5.0,train,47,0.2650940085351262
Complex Normal,5.0,train,48,0.2613955628623153
Complex Normal,5.0,train,49,0.3302705585676821
Complex Normal,5.0,train,50,0.2575380654010006
Complex Normal,5.0,train,51,0.2140627268326903
Complex Normal,5.0,train,52,0.3082304842381016
Complex Normal,5.0,train,53,0.3077153934898383
Complex Normal,5.0,train,54,0.3145088131926827
Complex Normal,5.0,train,55,0.3555457413402852
Complex Normal,5.0,train,56,0.4185167512784963
Complex Normal,5.0,train,57,0.3197701725592377
Complex Normal,5.0,train,58,0.3247057122971178
Complex Normal,5.0,train,59,0.208068147610438
Complex Normal,5.0,train,60,0.2297422262878996
Complex Normal,5.0,train,61,0.3330261450827121
Complex Normal,5.0,train,62,0.2911966228267495
Complex Normal,5.0,train,63,0.3358325372282383
Complex Normal,5.0,train,64,0.3364124225213625
Complex Normal,5.0,train,65,0.4336350037021641
Complex Normal,5.0,train,66,0.215505001350904
Complex Normal,5.0,train,67,0.3194830213243841
Complex Normal,5.0,train,68,0.3371739781388951
Complex Normal,5.0,train,69,0.2678298943208328
Complex Normal,5.0,train,70,0.3014405234928911
Complex Normal,5.0,train,71,0.2671335926374116
Complex Normal,5.0,train,72,0.2804002871692064
Complex Normal,5.0,train,73,0.2602908146968518
Complex Normal,5.0,train,74,0.4079332910774623
Complex Normal,5.0,train,75,0.2058348336948819
Complex Normal,5.0,train,76,0.3431256132475568
Complex Normal,5.0,train,77,0.3300860796655944
Complex Normal,5.0,train,78,0.2691198763407427
Complex Normal,5.0,train,79,0.288669209754112
Complex Normal,5.0,train,80,0.2032067920385221
Complex Normal,5.0,train,81,0.3540539528103437
Complex Normal,5.0,train,82,0.2829650870679165
Complex Normal,5.0,train,83,0.2529503169939976
Complex Normal,5.0,train,84,0.365478991779288
Complex Normal,5.0,train,85,0.1852818280417332
Complex Normal,5.0,train,86,0.1711341326622452
Complex Normal,5.0,train,87,0.2895679826652451
Complex Normal,5.0,train,88,0.363321764309195
Complex Normal,5.0,train,89,0.237616239798612
Complex Normal,5.0,train,90,0.3420859404880825
Complex Normal,5.0,train,91,0.2058952809398724
Complex Normal,5.0,train,92,0.3706540247501991
Complex Normal,5.0,train,93,0.2139611451925988
Complex Normal,5.0,train,94,0.330901147703676
Complex Normal,5.0,train,95,0.3266199474145476
Complex Normal,5.0,train,96,0.3506793714454643
Complex Normal,5.0,train,97,0.3120000726416679
Complex Normal,5.0,train,98,0.2482455230874641
Complex Normal,5.0,train,99,0.1781561249284297
Complex Normal,5.0,train,100,0.3027361164840069
Complex Normal,5.0,train,101,0.363014769434701
Complex Normal,5.0,train,102,0.2886190112894495
Complex Normal,5.0,train,103,0.252482396265299
Complex Normal,5.0,train,104,0.2293942940983379
Complex Normal,5.0,train,105,0.2647510811107089
Complex Normal,5.0,train,106,0.3069910446624003
Complex Normal,5.0,train,107,0.1951676502371434
Complex Normal,5.0,train,108,0.318789088104254
Complex Normal,5.0,train,109,0.3168047818184784
Complex Normal,5.0,train,110,0.4207095661624646
Complex Normal,5.0,train,111,0.3829408576669873
Complex Normal,5.0,train,112,0.3814025166335678
Complex Normal,5.0,train,113,0.3183868376521302
Complex Normal,5.0,train,114,0.2599799901631723
Complex Normal,5.0,train,115,0.2469183376930673
Complex Normal,5.0,train,116,0.2456344450164379
Complex Normal,5.0,train,117,0.3124207659473701
Complex Normal,5.0,train,118,0.1969916980363984
Complex Normal,5.0,train,119,0.3104448185098881
Complex Normal,5.0,train,120,0.3092772540137369
Complex Normal,5.0,train,121,0.3669515624619648
Complex Normal,5.0,train,122,0.3587871024625613
Complex Normal,5.0,train,123,0.3007827463720589
Complex Normal,5.0,train,124,0.3371853582245558
Complex Normal,5.0,train,125,0.3151192120458794
Complex Normal,5.0,train,126,0.4364903822621104
Complex Normal,5.0,train,127,0.2522263390990546
Complex Normal,5.0,train,128,0.2811955665019482
Complex Normal,5.0,train,129,0.2346998275132552
Complex Normal,5.0,train,130,0.2962855499053904
Complex Normal,5.0,train,131,0.2963616430210086
Complex Normal,5.0,train,132,0.2897291452215415
Complex Normal,5.0,train,133,0.3315873762325703
Complex Normal,5.0,train,134,0.4310045098154345
Complex Normal,5.0,train,135,0.2689413849191011
Complex Normal,5.0,train,136,0.2441625399600714
Complex Normal,5.0,train,137,0.2538194839338529
Complex Normal,5.0,train,138,0.218369171611642
Complex Normal,5.0,train,139,0.282072294238698
Complex Normal,5.0,train,140,0.3278798429694261
Complex Normal,5.0,train,141,0.2761328625726942
Complex Normal,5.0,train,142,0.2342857704591323
Complex Normal,5.0,train,143,0.2781024774753334
Complex Normal,5.0,train,144,0.2903289019199579
Complex Normal,5.0,train,145,0.210069000828607
Complex Normal,5.0,train,146,0.2519452820867446
Complex Normal,5.0,train,147,0.3251798324793755
Complex Normal,5.0,train,148,0.2786558870913507
Complex Normal,5.0,train,149,0.2558921728112552
Complex Normal,5.0,train,150,0.2796401212745666
Complex Normal,5.0,train,151,0.2750091025349556
Complex Normal,5.0,train,152,0.2565761097036733
Complex Normal,5.0,train,153,0.2594669771191915
Complex Normal,5.0,train,154,0.2424889020473523
Complex Normal,5.0,test,0,0.3001495231786568
Complex Normal,5.0,test,1,0.324398534204955
Complex Normal,5.0,test,2,0.1722868849936068
Complex Normal,5.0,test,3,0.4156571429682472
Complex Normal,5.0,test,4,0.2806067149793837
Complex Normal,5.0,test,5,0.3193904201415989
Complex Normal,5.0,test,6,0.1525721104840363
Complex Normal,5.0,test,7,0.2149206646478972
Complex Normal,5.0,test,8,0.2360385520591446
Complex Normal,5.0,test,9,0.2869546300714169
Complex Normal,5.0,test,10,0.2804826670973447
Complex Normal,5.0,test,11,0.2485024502112734
Complex Normal,5.0,test,12,0.3454243799131971
Complex Normal,5.0,test,13,0.2020155181822926
Complex Normal,5.0,test,14,0.3485891626092356
Complex Normal,5.0,test,15,0.259114932216805
Complex Normal,5.0,test,16,0.3094943773919993
Complex Normal,5.0,test,17,0.3295169626218506
Complex Normal,5.0,test,18,0.2882659719589096
Complex Normal,5.0,test,19,0.254527265700896
Complex Normal,5.0,test,20,0.3114425429787409
Complex Normal,5.0,test,21,0.2992787605047421
Complex Normal,5.0,test,22,0.2808066091518886
Complex Normal,5.0,test,23,0.289865326373603
Complex Normal,5.0,test,24,0.2185163998281116
Complex Normal,5.0,test,25,0.3243580903195604
Complex Normal,5.0,test,26,0.2275166961422603
Complex Normal,5.0,test,27,0.2434825516040923
Complex Normal,5.0,test,28,0.3294114340395527
Complex Normal,5.0,test,29,0.364484454095727
Complex Normal,5.0,test,30,0.3266888322312902
Complex Normal,5.0,test,31,0.265141043219808
Complex Normal,5.0,test,32,0.295136206149044
Complex Normal,5.0,test,33,0.2446415632451617
Complex Normal,5.0,test,34,0.1478297741110586
Complex Normal,5.0,test,35,0.283339430950181
Complex Normal,5.0,test,36,0.2382413241564213
Complex Normal,5.0,test,37,0.3610283944585524
Complex Normal,5.0,test,38,0.1402072743685908
Complex Normal,5.0,test,39,0.2419051720908882
Complex Normal,5.0,test,40,0.3735882919718465
Complex Normal,5.0,test,41,0.2512722386990653
Complex Normal,5.0,test,42,0.4555280707322891
Complex Normal,5.0,test,43,0.1870121711956208
Complex Normal,5.0,test,44,0.3377674523233898
Complex Normal,5.0,test,45,0.2139591563960551
Complex Normal,5.0,test,46,0.3041966144456155
Complex Normal,5.0,test,47,0.2683742168366214
Complex Normal,5.0,test,48,0.3078646664047268
Complex Normal,5.0,test,49,0.320135646653024
Complex Normal,5.0,test,50,0.2369573643188217
Complex Normal,5.0,test,51,0.2665479905287597
Complex Normal,5.0,test,52,0.2360079191971903
Complex Normal,5.0,test,53,0.3050793413768946
Complex Normal,5.0,test,54,0.2990101199981165
Complex Normal,5.0,test,55,0.2496648623542101
Complex Normal,5.0,test,56,0.3099394707537637
Complex Normal,5.0,test,57,0.2872677393830267
Complex Normal,5.0,test,58,0.2619814125319492
Complex Normal,5.0,test,59,0.2745191673876396
Complex Normal,5.0,test,60,0.424386351282868
Complex Normal,5.0,test,61,0.2582409024401846
Complex Normal,5.0,test,62,0.2744085263643533
Complex Normal,5.0,test,63,0.2175246130357488
Complex Normal,5.0,test,64,0.2625385444149568
Complex Normal,5.0,test,65,0.2641823707185158
Complex Normal,5.0,test,66,0.2611197819964259
Complex Normal,5.0,test,67,0.291401100418296
Complex Normal,5.0,test,68,0.2860225930421357
Complex Normal,5.0,test,69,0.2924786384427614
Complex Normal,5.0,test,70,0.2728213314690819
Complex Normal,5.0,test,71,0.1910913800786002
Complex Normal,5.0,test,72,0.179379902253198
Complex Normal,5.0,test,73,0.2759809523786168
Complex Normal,5.0,test,74,0.245136310555042
Complex Normal,5.0,test,75,0.2583806479335301
Complex Normal,5.0,test,76,0.2616844159502805
Complex Normal,5.0,test,77,0.2264111683573244
Complex Normal,5.0,test,78,0.3651324517426716
Complex Normal,5.0,test,79,0.2760558586257609
Complex Normal,5.0,test,80,0.2475914761537868
Complex Normal,5.0,test,81,0.3313211660444357
Complex Normal,5.0,test,82,0.3681622147411218
Complex Normal,5.0,test,83,0.3008861590483842
Complex Normal,5.0,test,84,0.3321627010585099
Complex Normal,5.0,test,85,0.3078419558847941
Complex Normal,5.0,test,86,0.2987452117927212
Complex Normal,5.0,test,87,0.3474782336967201
Complex Normal,5.0,test,88,0.4119813188527748
Complex Normal,5.0,test,89,0.2848078104481503
Complex Normal,5.0,test,90,0.3008314646871281
Complex Normal,5.0,test,91,0.2326445617883917
Complex Normal,5.0,test,92,0.2547676601707398
Complex Normal,5.0,test,93,0.2697828233044697
Complex Normal,5.0,test,94,0.3578489334986249
Complex Normal,5.0,test,95,0.2441055865528683
Complex Normal,5.0,test,96,0.3245881841151111
Complex Normal,5.0,test,97,0.2361706900663118
Complex Normal,5.0,test,98,0.3733965214780959
Complex Normal,10.0,train,0,0.2645609014961232
Complex Normal,10.0,train,1,0.2917107185261193
Complex Normal,10.0,train,2,0.3930402443696793
Complex Normal,10.0,train,3,0.2796453057569625
Complex Normal,10.0,train,4,0.3171829792316287
Complex Normal,10.0,train,5,0.5157120266357955
Complex Normal,10.0,train,6,0.3793131249984663
Complex Normal,10.0,train,7,0.5230947045832778
Complex Normal,10.0,train,8,0.3763253859176073
Complex Normal,10.0,train,9,0.4159824865803904
Complex Normal,10.0,train,10,0.4887559107685064
Complex Normal,10.0,train,11,0.3383153506315965
Complex Normal,10.0,train,12,0.4395607106983827
Complex Normal,10.0,train,13,0.2325384870351106
Complex Normal,10.0,train,14,0.3263368119643307
Complex Normal,10.0,train,15,0.3174212199727182
Complex Normal,10.0,train,16,0.3972793495434222
Complex Normal,10.0,train,17,0.2765822843900158
Complex Normal,10.0,train,18,0.3224193421995575
Complex Normal,10.0,train,19,0.3977602539979477
Complex Normal,10.0,train,20,0.3257525369489242
Complex Normal,10.0,train,21,0.352073952983396
Complex Normal,10.0,train,22,0.3931755771414916
Complex Normal,10.0,train,23,0.2874266824992776
Complex Normal,10.0,train,24,0.4854844074502023
Complex Normal,10.0,train,25,0.4213816698941829
Complex Normal,10.0,train,26,0.4139273154442837
Complex Normal,10.0,train,27,0.4809684701536111
Complex Normal,10.0,train,28,0.4088278611278996
Complex Normal,10.0,train,29,0.2511046184485116
Complex Normal,10.0,train,30,0.3954895151569383
Complex Normal,10.0,train,31,0.2758201835245043
Complex Normal,10.0,train,32,0.3619146079875469
Complex Normal,10.0,train,33,0.3633527610284023
Complex Normal,10.0,train,34,0.2397572393693642
Complex Normal,10.0,train,35,0.397822717498786
Complex Normal,10.0,train,36,0.331281963306149
Complex Normal,10.0,train,37,0.3222699545666376
Complex Normal,10.0,train,38,0.3764516769411961
Complex Normal,10.0,train,39,0.3571667325460277
Complex Normal,10.0,train,40,0.4046114345440167
Complex Normal,10.0,train,41,0.2394827064086894
Complex Normal,10.0,train,42,0.3942415309261065
Complex Normal,10.0,train,43,0.3747465790773713
Complex Normal,10.0,train,44,0.4010199313481545
Complex Normal,10.0,train,45,0.3190871684250602
Complex Normal,10.0,train,46,0.4508897843140906
Complex Normal,10.0,train,47,0.4075726999863755
Complex Normal,10.0,train,48,0.3259190629021252
Complex Normal,10.0,train,49,0.333066486957913
Complex Normal,10.0,train,50,0.3466758560896202
Complex Normal,10.0,train,51,0.3016977099312056
Complex Normal,10.0,train,52,0.4152057087419058
Complex Normal,10.0,train,53,0.3333935285937946
Complex Normal,10.0,train,54,0.3978024360424373
Complex Normal,10.0,train,55,0.317219494676129
Complex Normal,10.0,train,56,0.5006110081220455
Complex Normal,10.0,train,57,0.452871174966312
Complex Normal,10.0,train,58,0.390948562960724
Complex Normal,10.0,train,59,0.328426548939371
Complex Normal,10.0,train,60,0.252015513865252
Complex Normal,10.0,train,61,0.3439747846582662
Complex Normal,10.0,train,62,0.4106800260204075
Complex Normal,10.0,train,63,0.4264341509300289
Complex Normal,10.0,train,64,0.3716881949929531
Complex Normal,10.0,train,65,0.4145375796331689
Complex Normal,10.0,train,66,0.301143538627459
Complex Normal,10.0,train,67,0.3911462898665052
Complex Normal,10.0,train,68,0.3499027254306533
Complex Normal,10.0,train,69,0.3731790478058933
Complex Normal,10.0,train,70,0.3554276359229468
Complex Normal,10.0,train,71,0.317087327277047
Complex Normal,10.0,train,72,0.3666227410819773
Complex Normal,10.0,train,73,0.4057279083685541
Complex Normal,10.0,train,74,0.4078124378827688
Complex Normal,10.0,train,75,0.3029673925252336
Complex Normal,10.0,train,76,0.4843206607179576
Complex Normal,10.0,train,77,0.4313805590152531
Complex Normal,10.0,train,78,0.3857107095541904
Complex Normal,10.0,train,79,0.4366554978417408
Complex Normal,10.0,train,80,0.2997970176841041
Complex Normal,10.0,train,81,0.3692995452103066
Complex Normal,10.0,train,82,0.3565593955687405
Complex Normal,10.0,train,83,0.3355299098114144
Complex Normal,10.0,train,84,0.534775204185504
Complex Normal,10.0,train,85,0.3584324781935148
Complex Normal,10.0,train,86,0.1990615772458592
Complex Normal,10.0,train,87,0.4626170698072804
Complex Normal,10.0,train,88,0.425605933460411
Complex Normal,10.0,train,89,0.3442774948399877
Complex Normal,10.0,train,90,0.4769081780897695
Complex Normal,10.0,train,91,0.2653446202781853
Complex Normal,10.0,train,92,0.4456653480360579
Complex Normal,10.0,train,93,0.3304823362982779
Complex Normal,10.0,train,94,0.4284182085051449
Complex Normal,10.0,train,95,0.3028323525641579
Complex Normal,10.0,train,96,0.3943832389777846
Complex Normal,10.0,train,97,0.3614587284251478
Complex Normal,10.0,train,98,0.2886921968072029
Complex Normal,10.0,train,99,0.2246881701573273
Complex Normal,10.0,train,100,0.4146939274983358
Complex Normal,10.0,train,101,0.4633945831513995
Complex Normal,10.0,train,102,0.3785284435671115
Complex Normal,10.0,train,103,0.3553735457336002
Complex Normal,10.0,train,104,0.3914809999151255
Complex Normal,10.0,train,105,0.342830290819396
Complex Normal,10.0,train,106,0.4034235676721009
Complex Normal,10.0,train,107,0.2846836438323017
Complex Normal,10.0,train,108,0.4168752589550969
Complex Normal,10.0,train,109,0.3939598865477533
Complex Normal,10.0,train,110,0.4418723717278023
Complex Normal,10.0,train,111,0.3745039319923395
Complex Normal,10.0,train,112,0.4101211099467792
Complex Normal,10.0,train,113,0.4735513729324631
Complex Normal,10.0,train,114,0.3315441512902691
Complex Normal,10.0,train,115,0.3609641619904922
Complex Normal,10.0,train,116,0.3321898082894448
Complex Normal,10.0,train,117,0.4398881655328983
Complex Normal,10.0,train,118,0.2700653103098864
Complex Normal,10.0,train,119,0.3769021867517474
Complex Normal,10.0,train,120,0.3428086889471002
Complex Normal,10.0,train,121,0.3639010697498939
Complex Normal,10.0,train,122,0.3492602889631808
Complex Normal,10.0,train,123,0.3676886547463811
Complex Normal,10.0,train,124,0.3722124703661208
Complex Normal,10.0,train,125,0.4000094484105769
Complex Normal,10.0,train,126,0.5532986546952291
Complex Normal,10.0,train,127,0.276725852551995
Complex Normal,10.0,train,128,0.3523240278344635
Complex Normal,10.0,train,129,0.3979339798244738
Complex Normal,10.0,train,130,0.3713019020406956
Complex Normal,10.0,train,131,0.2977005483509614
Complex Normal,10.0,train,132,0.3127701106110382
Complex Normal,10.0,train,133,0.5095603619463736
Complex Normal,10.0,train,134,0.541616155877998
Complex Normal,10.0,train,135,0.3246934135926351
Complex Normal,10.0,train,136,0.2251930548922039
Complex Normal,10.0,train,137,0.2622213492865925
Complex Normal,10.0,train,138,0.308527264527043
Complex Normal,10.0,train,139,0.286326361872976
Complex Normal,10.0,train,140,0.4250752135584422
Complex Normal,10.0,train,141,0.2797198827759024
Complex Normal,10.0,train,142,0.3370313271605047
Complex Normal,10.0,train,143,0.3837131984612736
Complex Normal,10.0,train,144,0.3535578112133914
Complex Normal,10.0,train,145,0.2551748466408832
Complex Normal,10.0,train,146,0.3421952117856489
Complex Normal,10.0,train,147,0.3932300927606783
Complex Normal,10.0,train,148,0.2934085895331219
Complex Normal,10.0,train,149,0.3486852081791503
Complex Normal,10.0,train,150,0.3180586916417145
Complex Normal,10.0,train,151,0.3134314036130007
Complex Normal,10.0,train,152,0.3265234996789738
Complex Normal,10.0,train,153,0.3275315768977298
Complex Normal,10.0,train,154,0.3828218593680852
Complex Normal,10.0,test,0,0.3531294078334461
Complex Normal,10.0,test,1,0.4262476452001315
Complex Normal,10.0,test,2,0.2661034783602611
Complex Normal,10.0,test,3,0.4805714232953378
Complex Normal,10.0,test,4,0.2989797039654771
Complex Normal,10.0,test,5,0.4082208822229104
Complex Normal,10.0,test,6,0.2707487188805866
Complex Normal,10.0,test,7,0.299524921124542
Complex Normal,10.0,test,8,0.27513052085842
Complex Normal,10.0,test,9,0.4098611146375938
Complex Normal,10.0,test,10,0.336229023491605
Complex Normal,10.0,test,11,0.3608948490386507
Complex Normal,10.0,test,12,0.4588179349284237
Complex Normal,10.0,test,13,0.2978683764500396
Complex Normal,10.0,test,14,0.4081356085711621
Complex Normal,10.0,test,15,0.2728753786595061
Complex Normal,10.0,test,16,0.282503344176517
Complex Normal,10.0,test,17,0.3501030081227636
Complex Normal,10.0,test,18,0.326064094949142
Complex Normal,10.0,test,19,0.3067223087510384
Complex Normal,10.0,test,20,0.2546591384820336
Complex Normal,10.0,test,21,0.262209595326346
Complex Normal,10.0,test,22,0.4108561823427451
Complex Normal,10.0,test,23,0.3821398613209941
Complex Normal,10.0,test,24,0.3477386291426351
Complex Normal,10.0,test,25,0.3743706657658804
Complex Normal,10.0,test,26,0.3463868122680389
Complex Normal,10.0,test,27,0.3405609781471411
Complex Normal,10.0,test,28,0.4156248730475543
Complex Normal,10.0,test,29,0.45274835661147
Complex Normal,10.0,test,30,0.3648156694611174
Complex Normal,10.0,test,31,0.320958919954511
Complex Normal,10.0,test,32,0.4190386702703471
Complex Normal,10.0,test,33,0.2737717015197569
Complex Normal,10.0,test,34,0.3747606305916841
Complex Normal,10.0,test,35,0.3418795203394058
Complex Normal,10.0,test,36,0.2285749092379797
Complex Normal,10.0,test,37,0.43324189687787
Complex Normal,10.0,test,38,0.1747762654972082
Complex Normal,10.0,test,39,0.3083165355729492
Complex Normal,10.0,test,40,0.5458958099401029
Complex Normal,10.0,test,41,0.3388324319885272
Complex Normal,10.0,test,42,0.4099143109307355
Complex Normal,10.0,test,43,0.2035949616891294
Complex Normal,10.0,test,44,0.4441915787278989
Complex Normal,10.0,test,45,0.3668136127008267
Complex Normal,10.0,test,46,0.2342412790731596
Complex Normal,10.0,test,47,0.4002386204391442
Complex Normal,10.0,test,48,0.3794480942496077
Complex Normal,10.0,test,49,0.4816219972952084
Complex Normal,10.0,test,50,0.3599314266190435
Complex Normal,10.0,test,51,0.3145980922774784
Complex Normal,10.0,test,52,0.3215229886016889
Complex Normal,10.0,test,53,0.3307633610161812
Complex Normal,10.0,test,54,0.4369599395404472
Complex Normal,10.0,test,55,0.3468618447456414
Complex Normal,10.0,test,56,0.3475967936862174
Complex Normal,10.0,test,57,0.4530838904130022
Complex Normal,10.0,test,58,0.3079393063859301
Complex Normal,10.0,test,59,0.3293089845288531
Complex Normal,10.0,test,60,0.4615158265471268
Complex Normal,10.0,test,61,0.2822125753793394
Complex Normal,10.0,test,62,0.3553696608339677
Complex Normal,10.0,test,63,0.3153971523289458
Complex Normal,10.0,test,64,0.350439414244919
Complex Normal,10.0,test,65,0.2839382561270195
Complex Normal,10.0,test,66,0.4439709833168268
Complex Normal,10.0,test,67,0.3559442359563735
Complex Normal,10.0,test,68,0.3460511591442797
Complex Normal,10.0,test,69,0.314188990524931
Complex Normal,10.0,test,70,0.32974364705505
Complex Normal,10.0,test,71,0.2299685964268566
Complex Normal,10.0,test,72,0.1893987861661935
Complex Normal,10.0,test,73,0.3588884360175418
Complex Normal,10.0,test,74,0.4046365532788792
Complex Normal,10.0,test,75,0.2787105600680731
Complex Normal,10.0,test,76,0.3469691184178793
Complex Normal,10.0,test,77,0.2145416462075537
Complex Normal,10.0,test,78,0.4474726727187993
Complex Normal,10.0,test,79,0.3736016223880837
Complex Normal,10.0,test,80,0.2996459520759214
Complex Normal,10.0,test,81,0.4293769688665019
Complex Normal,10.0,test,82,0.3960062090720687
Complex Normal,10.0,test,83,0.3699384435481908
Complex Normal,10.0,test,84,0.353490822724545
Complex Normal,10.0,test,85,0.353823041228724
Complex Normal,10.0,test,86,0.3519713037425817
Complex Normal,10.0,test,87,0.4176602502136909
Complex Normal,10.0,test,88,0.4757049325653311
Complex Normal,10.0,test,89,0.3209664598424671
Complex Normal,10.0,test,90,0.3596104497732382
Complex Normal,10.0,test,91,0.4539423197875943
Complex Normal,10.0,test,92,0.2625805076612799
Complex Normal,10.0,test,93,0.3686677074702765
Complex Normal,10.0,test,94,0.3749758102576908
Complex Normal,10.0,test,95,0.3186165670892543
Complex Normal,10.0,test,96,0.2935569540403934
Complex Normal,10.0,test,97,0.3298943316900291
Complex Normal,10.0,test,98,0.3706549826761273
Complex Normal,25.0,train,0,0.2794155256442241
Complex Normal,25.0,train,1,0.2446513181826474
Complex Normal,25.0,train,2,0.4001979586595641
Complex Normal,25.0,train,3,0.279970331707973
Complex Normal,25.0,train,4,0.3840731521099623
Complex Normal,25.0,train,5,0.6309929493554269
Complex Normal,25.0,train,6,0.4374126119257033
Complex Normal,25.0,train,7,0.524747305388228
Complex Normal,25.0,train,8,0.3898684991001579
Complex Normal,25.0,train,9,0.4257414869348189
Complex Normal,25.0,train,10,0.5703488248758157
Complex Normal,25.0,train,11,0.4128735254222824
Complex Normal,25.0,train,12,0.5082889184428281
Complex Normal,25.0,train,13,0.2805875599006049
Complex Normal,25.0,train,14,0.4580637091672822
Complex Normal,25.0,train,15,0.3736643652911915
Complex Normal,25.0,train,16,0.4237413840115852
Complex Normal,25.0,train,17,0.3396296804281756
Complex Normal,25.0,train,18,0.3488510803420407
Complex Normal,25.0,train,19,0.3807484473132782
Complex Normal,25.0,train,20,0.3111300224193625
Complex Normal,25.0,train,21,0.52036468110037
Complex Normal,25.0,train,22,0.4251312250620198
Complex Normal,25.0,train,23,0.2682433684747379
Complex Normal,25.0,train,24,0.5531428715823201
Complex Normal,25.0,train,25,0.4747454192895159
Complex Normal,25.0,train,26,0.4952302848400172
Complex Normal,25.0,train,27,0.5249152685778491
Complex Normal,25.0,train,28,0.4550310438859285
Complex Normal,25.0,train,29,0.238037784692703
Complex Normal,25.0,train,30,0.5116854969082069
Complex Normal,25.0,train,31,0.3982963562536282
Complex Normal,25.0,train,32,0.5354131840960861
Complex Normal,25.0,train,33,0.3900738129871162
Complex Normal,25.0,train,34,0.3938726124888267
Complex Normal,25.0,train,35,0.4126033790545212
Complex Normal,25.0,train,36,0.3459141084634468
Complex Normal,25.0,train,37,0.4255281017149184
Complex Normal,25.0,train,38,0.387624717837329
Complex Normal,25.0,train,39,0.4054760737339983
Complex Normal,25.0,train,40,0.4595848011056466
Complex Normal,25.0,train,41,0.242216626351814
Complex Normal,25.0,train,42,0.4433393795120137
Complex Normal,25.0,train,43,0.4972516991581496
Complex Normal,25.0,train,44,0.3574175988834375
Complex Normal,25.0,train,45,0.33027601726844
Complex Normal,25.0,train,46,0.5051402724017297
Complex Normal,25.0,train,47,0.3732175988551975
Complex Normal,25.0,train,48,0.3100428975527934
Complex Normal,25.0,train,49,0.3749755629931133
Complex Normal,25.0,train,50,0.2987189397546073
Complex Normal,25.0,train,51,0.3733390654293629
Complex Normal,25.0,train,52,0.3799624399263764
Complex Normal,25.0,train,53,0.3997624154411132
Complex Normal,25.0,train,54,0.4797043741332092
Complex Normal,25.0,train,55,0.3867140025194932
Complex Normal,25.0,train,56,0.5004231693711136
Complex Normal,25.0,train,57,0.5005650303011935
Complex Normal,25.0,train,58,0.3556404520962402
Complex Normal,25.0,train,59,0.3731606418864693
Complex Normal,25.0,train,60,0.316370107568039
Complex Normal,25.0,train,61,0.3571905532505237
Complex Normal,25.0,train,62,0.4017423086453894
Complex Normal,25.0,train,63,0.4437180577013616
Complex Normal,25.0,train,64,0.4706675874887194
Complex Normal,25.0,train,65,0.5274162908079034
Complex Normal,25.0,train,66,0.4557751465272058
Complex Normal,25.0,train,67,0.4320447640640255
Complex Normal,25.0,train,68,0.4411447117608487
Complex Normal,25.0,train,69,0.4576543521589606
Complex Normal,25.0,train,70,0.3523171335957459
Complex Normal,25.0,train,71,0.3662118673573765
Complex Normal,25.0,train,72,0.3834546127876427
Complex Normal,25.0,train,73,0.3764476158537981
Complex Normal,25.0,train,74,0.4664554837309708
Complex Normal,25.0,train,75,0.2719068668272646
Complex Normal,25.0,train,76,0.4852791601720793
Complex Normal,25.0,train,77,0.5694593036307998
Complex Normal,25.0,train,78,0.5054994739252934
Complex Normal,25.0,train,79,0.4699335767178889
Complex Normal,25.0,train,80,0.2668369093267901
Complex Normal,25.0,train,81,0.3805283005517427
Complex Normal,25.0,train,82,0.4479345915611386
Complex Normal,25.0,train,83,0.3031732460395511
Complex Normal,25.0,train,84,0.505226293873918
Complex Normal,25.0,train,85,0.3635881023411449
Complex Normal,25.0,train,86,0.249554166257176
Complex Normal,25.0,train,87,0.5887945223819108
Complex Normal,25.0,train,88,0.4297445039553987
Complex Normal,25.0,train,89,0.4326069474690274
Complex Normal,25.0,train,90,0.4516549034782282
Complex Normal,25.0,train,91,0.2718761815803706
Complex Normal,25.0,train,92,0.5547475557350645
Complex Normal,25.0,train,93,0.3318508459045494
Complex Normal,25.0,train,94,0.5273431721544851
Complex Normal,25.0,train,95,0.3688694240139755
Complex Normal,25.0,train,96,0.4159810373344399
Complex Normal,25.0,train,97,0.4835166876565964
Complex Normal,25.0,train,98,0.3351264569470309
Complex Normal,25.0,train,99,0.2870244856901912
Complex Normal,25.0,train,100,0.5162025859282865
Complex Normal,25.0,train,101,0.5038584344759938
Complex Normal,25.0,train,102,0.3441849596584261
Complex Normal,25.0,train,103,0.3559208783173574
Complex Normal,25.0,train,104,0.4721886841449754
Complex Normal,25.0,train,105,0.4066322406519688
Complex Normal,25.0,train,106,0.4486101892268423
Complex Normal,25.0,train,107,0.3395347349349151
Complex Normal,25.0,train,108,0.4458916794068611
Complex Normal,25.0,train,109,0.6058252245427544
Complex Normal,25.0,train,110,0.448465011159081
Complex Normal,25.0,train,111,0.3796814526898991
Complex Normal,25.0,train,112,0.4432673806990117
Complex Normal,25.0,train,113,0.5054308199104116
Complex Normal,25.0,train,114,0.3833187387775358
Complex Normal,25.0,train,115,0.4772926124419605
Complex Normal,25.0,train,116,0.4529714561177698
Complex Normal,25.0,train,117,0.5567023474459539
Complex Normal,25.0,train,118,0.2800218360065545
Complex Normal,25.0,train,119,0.4960439913856845
Complex Normal,25.0,train,120,0.4792250493016998
Complex Normal,25.0,train,121,0.4594732584836684
Complex Normal,25.0,train,122,0.4067662542476583
Complex Normal,25.0,train,123,0.3814628706453521
Complex Normal,25.0,train,124,0.3774844857827845
Complex Normal,25.0,train,125,0.4792036363201831
Complex Normal,25.0,train,126,0.4235913834268061
Complex Normal,25.0,train,127,0.4212704531778936
Complex Normal,25.0,train,128,0.5162625199734968
Complex Normal,25.0,train,129,0.4559354334755016
Complex Normal,25.0,train,130,0.4727865788170534
Complex Normal,25.0,train,131,0.3299652820106589
Complex Normal,25.0,train,132,0.3461665902261746
Complex Normal,25.0,train,133,0.5915389791198822
Complex Normal,25.0,train,134,0.4955158594918414
Complex Normal,25.0,train,135,0.511049288693503
Complex Normal,25.0,train,136,0.3447692844293876
Complex Normal,25.0,train,137,0.3424613447930054
Complex Normal,25.0,train,138,0.3881481514446327
Complex Normal,25.0,train,139,0.3226293599967216
Complex Normal,25.0,train,140,0.4279175653040449
Complex Normal,25.0,train,141,0.2897915604785626
Complex Normal,25.0,train,142,0.3163739966819368
Complex Normal,25.0,train,143,0.4157467647584684
Complex Normal,25.0,train,144,0.3999333014065712
Complex Normal,25.0,train,145,0.3520139554709232
Complex Normal,25.0,train,146,0.4069438480534564
Complex Normal,25.0,train,147,0.3405463067856343
Complex Normal,25.0,train,148,0.4303999093592356
Complex Normal,25.0,train,149,0.4359680730679715
Complex Normal,25.0,train,150,0.4241471351946131
Complex Normal,25.0,train,151,0.2712416570004468
Complex Normal,25.0,train,152,0.331506268068098
Complex Normal,25.0,train,153,0.3864228849850447
Complex Normal,25.0,train,154,0.4508964867508789
Complex Normal,25.0,test,0,0.3263335710350816
Complex Normal,25.0,test,1,0.4286409349725866
Complex Normal,25.0,test,2,0.363630968075596
Complex Normal,25.0,test,3,0.4061450955177094
Complex Normal,25.0,test,4,0.3052399873341059
Complex Normal,25.0,test,5,0.4360387485409429
Complex Normal,25.0,test,6,0.2961454212949447
Complex Normal,25.0,test,7,0.3138176859712968
Complex Normal,25.0,test,8,0.2277169708038978
Complex Normal,25.0,test,9,0.4043024042926365
Complex Normal,25.0,test,10,0.4442388883983811
Complex Normal,25.0,test,11,0.5153855809602235
Complex Normal,25.0,test,12,0.4870954620203492
Complex Normal,25.0,test,13,0.3029630654417451
Complex Normal,25.0,test,14,0.4922596471870717
Complex Normal,25.0,test,15,0.3567972822055801
Complex Normal,25.0,test,16,0.3179295874872499
Complex Normal,25.0,test,17,0.3716108455206586
Complex Normal,25.0,test,18,0.3956960286827351
Complex Normal,25.0,test,19,0.3026411316736309
Complex Normal,25.0,test,20,0.2902847815220318
Complex Normal,25.0,test,21,0.3069024249528269
Complex Normal,25.0,test,22,0.4243466245288559
Complex Normal,25.0,test,23,0.3873180293616969
Complex Normal,25.0,test,24,0.3023632928740674
Complex Normal,25.0,test,25,0.3712789906816322
Complex Normal,25.0,test,26,0.4696760292079763
Complex Normal,25.0,test,27,0.3629624513402187
Complex Normal,25.0,test,28,0.4563698205478214
Complex Normal,25.0,test,29,0.5306830383211913
Complex Normal,25.0,test,30,0.4065449150964126
Complex Normal,25.0,test,31,0.3844020673791735
Complex Normal,25.0,test,32,0.4845872858325246
Complex Normal,25.0,test,33,0.4130934610861796
Complex Normal,25.0,test,34,0.3717578443338078
Complex Normal,25.0,test,35,0.4039928846664184
Complex Normal,25.0,test,36,0.232864963795649
Complex Normal,25.0,test,37,0.4237243893893191
Complex Normal,25.0,test,38,0.2107200882687802
Complex Normal,25.0,test,39,0.3862607147113959
Complex Normal,25.0,test,40,0.4855061242113122
Complex Normal,25.0,test,41,0.4106800217347333
Complex Normal,25.0,test,42,0.4845514746396158
Complex Normal,25.0,test,43,0.2500207406994565
Complex Normal,25.0,test,44,0.4709243642676928
Complex Normal,25.0,test,45,0.3736351375912812
Complex Normal,25.0,test,46,0.2971994825625674
Complex Normal,25.0,test,47,0.3866186683821008
Complex Normal,25.0,test,48,0.3809309195289311
Complex Normal,25.0,test,49,0.4911202869538153
Complex Normal,25.0,test,50,0.3589674284506379
Complex Normal,25.0,test,51,0.3427948648292865
Complex Normal,25.0,test,52,0.3790816449045233
Complex Normal,25.0,test,53,0.3880513780150164
Complex Normal,25.0,test,54,0.4191886364109307
Complex Normal,25.0,test,55,0.4220336026715946
Complex Normal,25.0,test,56,0.378284863300331
Complex Normal,25.0,test,57,0.5051437549962162
Complex Normal,25.0,test,58,0.4005193396882707
Complex Normal,25.0,test,59,0.4044583576301263
Complex Normal,25.0,test,60,0.4051672188349653
Complex Normal,25.0,test,61,0.2352587061170485
Complex Normal,25.0,test,62,0.4217283116365777
Complex Normal,25.0,test,63,0.3320510302953046
Complex Normal,25.0,test,64,0.3317280452939742
Complex Normal,25.0,test,65,0.342826904919826
Complex Normal,25.0,test,66,0.5263717962967269
Complex Normal,25.0,test,67,0.5130520808222107
Complex Normal,25.0,test,68,0.3519502906291323
Complex Normal,25.0,test,69,0.3409098388793563
Complex Normal,25.0,test,70,0.3595133597456693
Complex Normal,25.0,test,71,0.2095902916686251
Complex Normal,25.0,test,72,0.209247261407466
Complex Normal,25.0,test,73,0.3802890163296166
Complex Normal,25.0,test,74,0.440398752035904
Complex Normal,25.0,test,75,0.3054603008396627
Complex Normal,25.0,test,76,0.4084417054611355
Complex Normal,25.0,test,77,0.2112196078690841
Complex Normal,25.0,test,78,0.4666099963865986
Complex Normal,25.0,test,79,0.4230173305640555
Complex Normal,25.0,test,80,0.2926575969129091
Complex Normal,25.0,test,81,0.4448138387883746
Complex Normal,25.0,test,82,0.4104313591214919
Complex Normal,25.0,test,83,0.4257781171217215
Complex Normal,25.0,test,84,0.4595953137625773
Complex Normal,25.0,test,85,0.3318446941896462
Complex Normal,25.0,test,86,0.361687122407489
Complex Normal,25.0,test,87,0.5420234233972894
Complex Normal,25.0,test,88,0.524719190708803
Complex Normal,25.0,test,89,0.3719110735614109
Complex Normal,25.0,test,90,0.3025930132486389
Complex Normal,25.0,test,91,0.492722737983183
Complex Normal,25.0,test,92,0.2690632160040682
Complex Normal,25.0,test,93,0.4530613769862195
Complex Normal,25.0,test,94,0.341968333184627
Complex Normal,25.0,test,95,0.4584871091199037
Complex Normal,25.0,test,96,0.4294047546933908
Complex Normal,25.0,test,97,0.3846327314012754
Complex Normal,25.0,test,98,0.4116570226139159
Complex Normal,50.0,train,0,0.3252952170152569
Complex Normal,50.0,train,1,0.3334644967256087
Complex Normal,50.0,train,2,0.5146569228416287
Complex Normal,50.0,train,3,0.2518947877247753
Complex Normal,50.0,train,4,0.4086025636425427
Complex Normal,50.0,train,5,0.6278485022006568
Complex Normal,50.0,train,6,0.5514101931578892
Complex Normal,50.0,train,7,0.5436690928354019
Complex Normal,50.0,train,8,0.3996024690286532
Complex Normal,50.0,train,9,0.5229953256462923
Complex Normal,50.0,train,10,0.5898684749716738
Complex Normal,50.0,train,11,0.451100010672757
Complex Normal,50.0,train,12,0.5464285779926981
Complex Normal,50.0,train,13,0.2842170638509362
Complex Normal,50.0,train,14,0.3713214745166426
Complex Normal,50.0,train,15,0.4327808501012299
Complex Normal,50.0,train,16,0.4967323384891869
Complex Normal,50.0,train,17,0.362895237554509
Complex Normal,50.0,train,18,0.3989084967880362
Complex Normal,50.0,train,19,0.4478997660548935
Complex Normal,50.0,train,20,0.3871529807383476
Complex Normal,50.0,train,21,0.5095234914731106
Complex Normal,50.0,train,22,0.4865576469415804
Complex Normal,50.0,train,23,0.3431752348852355
Complex Normal,50.0,train,24,0.5467618705881748
Complex Normal,50.0,train,25,0.4756230277799419
Complex Normal,50.0,train,26,0.4779724907348808
Complex Normal,50.0,train,27,0.58205097081943
Complex Normal,50.0,train,28,0.4998322006621748
Complex Normal,50.0,train,29,0.2855291302473697
Complex Normal,50.0,train,30,0.6185062480924891
Complex Normal,50.0,train,31,0.3920159995850727
Complex Normal,50.0,train,32,0.570227496301568
Complex Normal,50.0,train,33,0.4547110286792121
Complex Normal,50.0,train,34,0.4227492360828714
Complex Normal,50.0,train,35,0.4260238742662749
Complex Normal,50.0,train,36,0.3003129159981039
Complex Normal,50.0,train,37,0.3588000375671343
Complex Normal,50.0,train,38,0.4251917114333352
Complex Normal,50.0,train,39,0.3710097923136927
Complex Normal,50.0,train,40,0.4664724858079342
Complex Normal,50.0,train,41,0.2146944022020138
Complex Normal,50.0,train,42,0.5588218980789741
Complex Normal,50.0,train,43,0.3966258473579472
Complex Normal,50.0,train,44,0.4330482497220391
Complex Normal,50.0,train,45,0.374834453098651
Complex Normal,50.0,train,46,0.5481279109986017
Complex Normal,50.0,train,47,0.5622863490713536
Complex Normal,50.0,train,48,0.3507705928021746
Complex Normal,50.0,train,49,0.4246911306761149
Complex Normal,50.0,train,50,0.3501523225210085
Complex Normal,50.0,train,51,0.4461858827145452
Complex Normal,50.0,train,52,0.363422389971869
Complex Normal,50.0,train,53,0.3833824606184601
Complex Normal,50.0,train,54,0.5748962948482854
Complex Normal,50.0,train,55,0.371486001218475
Complex Normal,50.0,train,56,0.5658275913698809
Complex Normal,50.0,train,57,0.5295962156757184
Complex Normal,50.0,train,58,0.536804769801291
Complex Normal,50.0,train,59,0.3940992582622257
Complex Normal,50.0,train,60,0.4307762347653133
Complex Normal,50.0,train,61,0.495764912221716
Complex Normal,50.0,train,62,0.5193737124824482
Complex Normal,50.0,train,63,0.4807371296368679
Complex Normal,50.0,train,64,0.5993137375033263
Complex Normal,50.0,train,65,0.5980355921064501
Complex Normal,50.0,train,66,0.5837286679605819
Complex Normal,50.0,train,67,0.4785398288473711
Complex Normal,50.0,train,68,0.5083467360670977
Complex Normal,50.0,train,69,0.4377857222660376
Complex Normal,50.0,train,70,0.4276379008485216
Complex Normal,50.0,train,71,0.4090679805704936
Complex Normal,50.0,train,72,0.5726759283075393
Complex Normal,50.0,train,73,0.4739087852763143
Complex Normal,50.0,train,74,0.5176760868735318
Complex Normal,50.0,train,75,0.4037859165873066
Complex Normal,50.0,train,76,0.5037476266115589
Complex Normal,50.0,train,77,0.6206284130245936
Complex Normal,50.0,train,78,0.5412989540778137
Complex Normal,50.0,train,79,0.4461080979476177
Complex Normal,50.0,train,80,0.2798565053417889
Complex Normal,50.0,train,81,0.3026821306806013
Complex Normal,50.0,train,82,0.5669323332804467
Complex Normal,50.0,train,83,0.4313574360553036
Complex Normal,50.0,train,84,0.6090876500315534
Complex Normal,50.0,train,85,0.4558113112491015
Complex Normal,50.0,train,86,0.2290394308626646
Complex Normal,50.0,train,87,0.5081739132284656
Complex Normal,50.0,train,88,0.4905211315431886
Complex Normal,50.0,train,89,0.4996225548172113
Complex Normal,50.0,train,90,0.4515600799995149
Complex Normal,50.0,train,91,0.3456151714556047
Complex Normal,50.0,train,92,0.5703735107675162
Complex Normal,50.0,train,93,0.3605444341156908
Complex Normal,50.0,train,94,0.4442644083902348
Complex Normal,50.0,train,95,0.3458254838535687
Complex Normal,50.0,train,96,0.433464685601613
Complex Normal,50.0,train,97,0.5268590073354643
Complex Normal,50.0,train,98,0.3336542071162612
Complex Normal,50.0,train,99,0.324130341157601
Complex Normal,50.0,train,100,0.5338240534610064
Complex Normal,50.0,train,101,0.52890083412737
Complex Normal,50.0,train,102,0.3928889506256495
Complex Normal,50.0,train,103,0.3540609631373512
Complex Normal,50.0,train,104,0.4671694952238758
Complex Normal,50.0,train,105,0.4413918921557417
Complex Normal,50.0,train,106,0.4655209034668464
Complex Normal,50.0,train,107,0.4010904296648687
Complex Normal,50.0,train,108,0.333243839626166
Complex Normal,50.0,train,109,0.5728660610156573
Complex Normal,50.0,train,110,0.4065366292100995
Complex Normal,50.0,train,111,0.4333216537686983
Complex Normal,50.0,train,112,0.5167998063123855
Complex Normal,50.0,train,113,0.5601727204670772
Complex Normal,50.0,train,114,0.3999520946775843
Complex Normal,50.0,train,115,0.4927544131193547
Complex Normal,50.0,train,116,0.4008839276317597
Complex Normal,50.0,train,117,0.5722268106671768
Complex Normal,50.0,train,118,0.3744962036933368
Complex Normal,50.0,train,119,0.4567199020875873
Complex Normal,50.0,train,120,0.4367317691324135
Complex Normal,50.0,train,121,0.5860752562861941
Complex Normal,50.0,train,122,0.4193322134813293
Complex Normal,50.0,train,123,0.510506102191567
Complex Normal,50.0,train,124,0.4835231694099496
Complex Normal,50.0,train,125,0.4323509247357695
Complex Normal,50.0,train,126,0.5314053966261719
Complex Normal,50.0,train,127,0.4107994794345426
Complex Normal,50.0,train,128,0.4353219175871415
Complex Normal,50.0,train,129,0.5009502947116192
Complex Normal,50.0,train,130,0.557443464445354
Complex Normal,50.0,train,131,0.3540991167505111
Complex Normal,50.0,train,132,0.4533191515279762
Complex Normal,50.0,train,133,0.6427125204723921
Complex Normal,50.0,train,134,0.6413032091638692
Complex Normal,50.0,train,135,0.4338116697289005
Complex Normal,50.0,train,136,0.4109266844316364
Complex Normal,50.0,train,137,0.2761479037739628
Complex Normal,50.0,train,138,0.4165511362461649
Complex Normal,50.0,train,139,0.3514658554723183
Complex Normal,50.0,train,140,0.5869927066708285
Complex Normal,50.0,train,141,0.2966490534112692
Complex Normal,50.0,train,142,0.3865670980065336
Complex Normal,50.0,train,143,0.5047453487644019
Complex Normal,50.0,train,144,0.4345889458405545
Complex Normal,50.0,train,145,0.3272547176911151
Complex Normal,50.0,train,146,0.4618622801758899
Complex Normal,50.0,train,147,0.379593135243402
Complex Normal,50.0,train,148,0.4237257615429516
Complex Normal,50.0,train,149,0.3966813643749752
Complex Normal,50.0,train,150,0.5598446029594691
Complex Normal,50.0,train,151,0.3444167801618333
Complex Normal,50.0,train,152,0.3111327109577181
Complex Normal,50.0,train,153,0.4123504744603762
Complex Normal,50.0,train,154,0.524428340246126
Complex Normal,50.0,test,0,0.3536437038634565
Complex Normal,50.0,test,1,0.4723180212359438
Complex Normal,50.0,test,2,0.3320394187658844
Complex Normal,50.0,test,3,0.4660152400085371
Complex Normal,50.0,test,4,0.2855662589881784
Complex Normal,50.0,test,5,0.4179445183012894
Complex Normal,50.0,test,6,0.2206601152653166
Complex Normal,50.0,test,7,0.3940747654347367
Complex Normal,50.0,test,8,0.2477575155374631
Complex Normal,50.0,test,9,0.4212371008977464
Complex Normal,50.0,test,10,0.4823610365270883
Complex Normal,50.0,test,11,0.5642256711586109
Complex Normal,50.0,test,12,0.5080773526105031
Complex Normal,50.0,test,13,0.277382800827879
Complex Normal,50.0,test,14,0.4798021841105687
Complex Normal,50.0,test,15,0.3891925656196121
Complex Normal,50.0,test,16,0.3172170594660906
Complex Normal,50.0,test,17,0.3971270512754178
Complex Normal,50.0,test,18,0.4606754554315128
Complex Normal,50.0,test,19,0.3762700097789384
Complex Normal,50.0,test,20,0.3481932576520469
Complex Normal,50.0,test,21,0.3419676490296202
Complex Normal,50.0,test,22,0.5025827473383095
Complex Normal,50.0,test,23,0.4940123136814467
Complex Normal,50.0,test,24,0.3297772414813058
Complex Normal,50.0,test,25,0.5238326172284472
Complex Normal,50.0,test,26,0.5278858785044263
Complex Normal,50.0,test,27,0.3632284343876865
Complex Normal,50.0,test,28,0.4750594719453637
Complex Normal,50.0,test,29,0.6025953749237715
Complex Normal,50.0,test,30,0.4759537685223719
Complex Normal,50.0,test,31,0.3354394947436201
Complex Normal,50.0,test,32,0.4420829655896388
Complex Normal,50.0,test,33,0.3052683429987414
Complex Normal,50.0,test,34,0.3820789303454673
Complex Normal,50.0,test,35,0.3768002410408888
Complex Normal,50.0,test,36,0.2356185458283792
Complex Normal,50.0,test,37,0.4451705871382689
Complex Normal,50.0,test,38,0.1714849423049615
Complex Normal,50.0,test,39,0.3027308915593125
Complex Normal,50.0,test,40,0.5804614640510702
Complex Normal,50.0,test,41,0.4311151884489247
Complex Normal,50.0,test,42,0.4963906717040449
Complex Normal,50.0,test,43,0.2058834896228946
Complex Normal,50.0,test,44,0.556160449190804
Complex Normal,50.0,test,45,0.4017731928451339
Complex Normal,50.0,test,46,0.3018104193411668
Complex Normal,50.0,test,47,0.3948152662336191
Complex Normal,50.0,test,48,0.350788083105759
Complex Normal,50.0,test,49,0.5728405129060813
Complex Normal,50.0,test,50,0.4048871894234115
Complex Normal,50.0,test,51,0.3695187389103562
Complex Normal,50.0,test,52,0.3922653135411489
Complex Normal,50.0,test,53,0.4191470826427231
Complex Normal,50.0,test,54,0.5089256898622783
Complex Normal,50.0,test,55,0.5062320606397738
Complex Normal,50.0,test,56,0.3373573417094904
Complex Normal,50.0,test,57,0.5093632181110201
Complex Normal,50.0,test,58,0.4148581087764461
Complex Normal,50.0,test,59,0.4173337682217993
Complex Normal,50.0,test,60,0.4241846608838692
Complex Normal,50.0,test,61,0.2197526377848773
Complex Normal,50.0,test,62,0.4082684467876664
Complex Normal,50.0,test,63,0.299231627849479
Complex Normal,50.0,test,64,0.3671933563144275
Complex Normal,50.0,test,65,0.3527448350952109
Complex Normal,50.0,test,66,0.5559007929652527
Complex Normal,50.0,test,67,0.5096285413776114
Complex Normal,50.0,test,68,0.3625786807882428
Complex Normal,50.0,test,69,0.3990433606540519
Complex Normal,50.0,test,70,0.3344064185128916
Complex Normal,50.0,test,71,0.1751690943069019
Complex Normal,50.0,test,72,0.1162857607359953
Complex Normal,50.0,test,73,0.4150210712408977
Complex Normal,50.0,test,74,0.4321266655706632
Complex Normal,50.0,test,75,0.2498489601735659
Complex Normal,50.0,test,76,0.4367785094985089
Complex Normal,50.0,test,77,0.2012976207044871
Complex Normal,50.0,test,78,0.5474542905001569
Complex Normal,50.0,test,79,0.46377886875675
Complex Normal,50.0,test,80,0.3873715071270446
Complex Normal,50.0,test,81,0.510094920266386
Complex Normal,50.0,test,82,0.437184659788497
Complex Normal,50.0,test,83,0.4942844055869898
Complex Normal,50.0,test,84,0.4608289935418547
Complex Normal,50.0,test,85,0.3980919320000586
Complex Normal,50.0,test,86,0.4127085776716911
Complex Normal,50.0,test,87,0.5550726131671195
Complex Normal,50.0,test,88,0.5058716998500908
Complex Normal,50.0,test,89,0.390626968582585
Complex Normal,50.0,test,90,0.4135457756000858
Complex Normal,50.0,test,91,0.4802305015892174
Complex Normal,50.0,test,92,0.2983477775522677
Complex Normal,50.0,test,93,0.3896300118286405
Complex Normal,50.0,test,94,0.4670868633226879
Complex Normal,50.0,test,95,0.423991767941017
Complex Normal,50.0,test,96,0.4045811193384023
Complex Normal,50.0,test,97,0.4531926162490901
Complex Normal,50.0,test,98,0.4276286833128424
Normal,1.0,train,0,0.1233303294776703
Normal,1.0,train,1,0.1135448194319247
Normal,1.0,train,2,0.1573896150652246
Normal,1.0,train,3,0.140369481983934
Normal,1.0,train,4,0.1817643190307184
Normal,1.0,train,5,0.1620505399377679
Normal,1.0,train,6,0.1708473796252115
Normal,1.0,train,7,0.2423220514266371
Normal,1.0,train,8,0.0892495519130206
Normal,1.0,train,9,0.1682946343589504
Normal,1.0,train,10,0.1469773520722815
Normal,1.0,train,11,0.1541993104988844
Normal,1.0,train,12,0.1596070388104211
Normal,1.0,train,13,0.1645310065181711
Normal,1.0,train,14,0.1874559547494081
Normal,1.0,train,15,0.1488216485768443
Normal,1.0,train,16,0.1469492948938947
Normal,1.0,train,17,0.1382960334883566
Normal,1.0,train,18,0.23446932006211
Normal,1.0,train,19,0.0945290173922567
Normal,1.0,train,20,0.14413744832405
Normal,1.0,train,21,0.0944633307384912
Normal,1.0,train,22,0.1849146293154867
Normal,1.0,train,23,0.173353588481035
Normal,1.0,train,24,0.1528614830311136
Normal,1.0,train,25,0.2011419425859004
Normal,1.0,train,26,0.1184403450224738
Normal,1.0,train,27,0.1629731159240739
Normal,1.0,train,28,0.0786671674637402
Normal,1.0,train,29,0.0997829315238173
Normal,1.0,train,30,0.1238553721007257
Normal,1.0,train,31,0.1417766152957079
Normal,1.0,train,32,0.1714040222035204
Normal,1.0,train,33,0.1082525903247826
Normal,1.0,train,34,0.1265872104064984
Normal,1.0,train,35,0.2452574798018732
Normal,1.0,train,36,0.2481800901469151
Normal,1.0,train,37,0.0958819977354968
Normal,1.0,train,38,0.1517624868821712
Normal,1.0,train,39,0.1041665349593127
Normal,1.0,train,40,0.1755073298706924
Normal,1.0,train,41,0.0880974662935569
Normal,1.0,train,42,0.1743197207552595
Normal,1.0,train,43,0.2515747665167119
Normal,1.0,train,44,0.177736947532636
Normal,1.0,train,45,0.1457798008759023
Normal,1.0,train,46,0.1350181077644021
Normal,1.0,train,47,0.1108916848361971
Normal,1.0,train,48,0.1726242704130459
Normal,1.0,train,49,0.1625315261269994
Normal,1.0,train,50,0.1394131996219715
Normal,1.0,train,51,0.0948832634621682
Normal,1.0,train,52,0.1792543572391484
Normal,1.0,train,53,0.2161787763756542
Normal,1.0,train,54,0.1333328175111719
Normal,1.0,train,55,0.153522359251782
Normal,1.0,train,56,0.1798304773558267
Normal,1.0,train,57,0.1596448884105439
Normal,1.0,train,58,0.1320549514002497
Normal,1.0,train,59,0.0909380262324337
Normal,1.0,train,60,0.1100595821533044
Normal,1.0,train,61,0.1317923481485495
Normal,1.0,train,62,0.2080850212074391
Normal,1.0,train,63,0.1892853152500357
Normal,1.0,train,64,0.1269763377065161
Normal,1.0,train,65,0.1868316999124473
Normal,1.0,train,66,0.0892463558925243
Normal,1.0,train,67,0.1850903628648346
Normal,1.0,train,68,0.145519090039671
Normal,1.0,train,69,0.1762049962434263
Normal,1.0,train,70,0.1290798084273409
Normal,1.0,train,71,0.159828377725878
Normal,1.0,train,72,0.1614574579810081
Normal,1.0,train,73,0.1603063856894116
Normal,1.0,train,74,0.1232786910531582
Normal,1.0,train,75,0.109855170549798
Normal,1.0,train,76,0.2055499764747553
Normal,1.0,train,77,0.1676275785114281
Normal,1.0,train,78,0.200945120253295
Normal,1.0,train,79,0.1575998897274626
Normal,1.0,train,80,0.1499736485883759
Normal,1.0,train,81,0.1989935378153238
Normal,1.0,train,82,0.1286265614942432
Normal,1.0,train,83,0.1294271903188259
Normal,1.0,train,84,0.1522395077122182
Normal,1.0,train,85,0.1143699122181428
Normal,1.0,train,86,0.1216991290929066
Normal,1.0,train,87,0.1883939862610917
Normal,1.0,train,88,0.2651943953898914
Normal,1.0,train,89,0.1033619538126443
Normal,1.0,train,90,0.1624651640547559
Normal,1.0,train,91,0.1185833976133681
Normal,1.0,train,92,0.1415552350425449
Normal,1.0,train,93,0.1066310654375796
Normal,1.0,train,94,0.1419684669017574
Normal,1.0,train,95,0.1618644821797272
Normal,1.0,train,96,0.2358932773378571
Normal,1.0,train,97,0.1561211061338341
Normal,1.0,train,98,0.2129879721222665
Normal,1.0,train,99,0.1449774301594612
Normal,1.0,train,100,0.091306602848063
Normal,1.0,train,101,0.1706427533511601
Normal,1.0,train,102,0.1156479742476469
Normal,1.0,train,103,0.1550645086685935
Normal,1.0,train,104,0.119965483416191
Normal,1.0,train,105,0.1581394971266514
Normal,1.0,train,106,0.1645036689126156
Normal,1.0,train,107,0.0928147308191842
Normal,1.0,train,108,0.1274484945305121
Normal,1.0,train,109,0.1489175869603848
Normal,1.0,train,110,0.2877280303532153
Normal,1.0,train,111,0.166363424891205
Normal,1.0,train,112,0.2180751103455643
Normal,1.0,train,113,0.1925911407258648
Normal,1.0,train,114,0.0958739082871978
Normal,1.0,train,115,0.1221549812740851
Normal,1.0,train,116,0.1502145631643476
Normal,1.0,train,117,0.1598037123549552
Normal,1.0,train,118,0.1583214630644467
Normal,1.0,train,119,0.1349324900249049
Normal,1.0,train,120,0.1822381305196878
Normal,1.0,train,121,0.150967174219649
Normal,1.0,train,122,0.1777669666256602
Normal,1.0,train,123,0.1751724158574996
Normal,1.0,train,124,0.1534724937130533
Normal,1.0,train,125,0.1706939326223175
Normal,1.0,train,126,0.1766102727886855
Normal,1.0,train,127,0.1338070483938338
Normal,1.0,train,128,0.1653498259021919
Normal,1.0,train,129,0.1115391177891807
Normal,1.0,train,130,0.1679060470753784
Normal,1.0,train,131,0.1363297551217511
Normal,1.0,train,132,0.13302378444714
Normal,1.0,train,133,0.1915810941747945
Normal,1.0,train,134,0.2561452092561599
Normal,1.0,train,135,0.1449501431387602
Normal,1.0,train,136,0.1407899956603036
Normal,1.0,train,137,0.1320958423336831
Normal,1.0,train,138,0.1021206474931063
Normal,1.0,train,139,0.1508424678947938
Normal,1.0,train,140,0.1634426338778761
Normal,1.0,train,141,0.1621030646086957
Normal,1.0,train,142,0.1235806305148306
Normal,1.0,train,143,0.1256794949688307
Normal,1.0,train,144,0.1605515147545655
Normal,1.0,train,145,0.1171343759474734
Normal,1.0,train,146,0.1645415876925893
Normal,1.0,train,147,0.1532039124968141
Normal,1.0,train,148,0.1429318814118048
Normal,1.0,train,149,0.1407061469839358
Normal,1.0,train,150,0.1891543037318397
Normal,1.0,train,151,0.1252855425828358
Normal,1.0,train,152,0.1802446516187769
Normal,1.0,train,153,0.1384728023609124
Normal,1.0,train,154,0.1264630303575329
Normal,1.0,test,0,0.1567450703494976
Normal,1.0,test,1,0.126215541517391
Normal,1.0,test,2,0.1100418324389311
Normal,1.0,test,3,0.2242371382887456
Normal,1.0,test,4,0.151586822531282
Normal,1.0,test,5,0.1707702826372346
Normal,1.0,test,6,0.1287901753819469
Normal,1.0,test,7,0.1400978701753039
Normal,1.0,test,8,0.1067133824142966
Normal,1.0,test,9,0.1699207194905952
Normal,1.0,test,10,0.1757594281242396
Normal,1.0,test,11,0.1494303088694464
Normal,1.0,test,12,0.2002781583896591
Normal,1.0,test,13,0.1561056584426254
Normal,1.0,test,14,0.1374426732396459
Normal,1.0,test,15,0.1365100281607649
Normal,1.0,test,16,0.1478013382959058
Normal,1.0,test,17,0.1609135095862005
Normal,1.0,test,18,0.1038567197497888
Normal,1.0,test,19,0.1269310714700538
Normal,1.0,test,20,0.1725209141001906
Normal,1.0,test,21,0.1483279588390303
Normal,1.0,test,22,0.1641234614750651
Normal,1.0,test,23,0.1577844245085094
Normal,1.0,test,24,0.0895886571360724
Normal,1.0,test,25,0.1492752922507317
Normal,1.0,test,26,0.1017950932753415
Normal,1.0,test,27,0.1359504901308695
Normal,1.0,test,28,0.1785404834454336
Normal,1.0,test,29,0.1567077992395258
Normal,1.0,test,30,0.2096415611772803
Normal,1.0,test,31,0.133573539972526
Normal,1.0,test,32,0.2078418201311222
Normal,1.0,test,33,0.1349456069352129
Normal,1.0,test,34,0.1091858071749014
Normal,1.0,test,35,0.1124686583973756
Normal,1.0,test,36,0.1359710402504618
Normal,1.0,test,37,0.2220081142856176
Normal,1.0,test,38,0.078350096492484
Normal,1.0,test,39,0.1115082950719421
Normal,1.0,test,40,0.1925693558679871
Normal,1.0,test,41,0.1211442089179496
Normal,1.0,test,42,0.2623515312004711
Normal,1.0,test,43,0.1383791428787462
Normal,1.0,test,44,0.1229716776547461
Normal,1.0,test,45,0.0964353669311369
Normal,1.0,test,46,0.1862824260786009
Normal,1.0,test,47,0.1326050803910136
Normal,1.0,test,48,0.1982624607099875
Normal,1.0,test,49,0.1942308526687388
Normal,1.0,test,50,0.1417853092537761
Normal,1.0,test,51,0.1697760840611822
Normal,1.0,test,52,0.1375680248137815
Normal,1.0,test,53,0.1776289500542389
Normal,1.0,test,54,0.0930959490265281
Normal,1.0,test,55,0.1483257682350192
Normal,1.0,test,56,0.1782981604632298
Normal,1.0,test,57,0.1251951424313004
Normal,1.0,test,58,0.1616941994948083
Normal,1.0,test,59,0.1995909869479449
Normal,1.0,test,60,0.2429766740116483
Normal,1.0,test,61,0.1501060122849818
Normal,1.0,test,62,0.1475359842911355
Normal,1.0,test,63,0.139176756860549
Normal,1.0,test,64,0.112564296764038
Normal,1.0,test,65,0.1634714997876578
Normal,1.0,test,66,0.1434399261045577
Normal,1.0,test,67,0.1492709520571703
Normal,1.0,test,68,0.1907523176392392
Normal,1.0,test,69,0.1208207546401044
Normal,1.0,test,70,0.135166358409747
Normal,1.0,test,71,0.0982442495399008
Normal,1.0,test,72,0.1207062793481101
Normal,1.0,test,73,0.1321954171783894
Normal,1.0,test,74,0.1347252484675346
Normal,1.0,test,75,0.1559164582770494
Normal,1.0,test,76,0.0984444856339854
Normal,1.0,test,77,0.1634577480629626
Normal,1.0,test,78,0.1879612488202983
Normal,1.0,test,79,0.1177893101855708
Normal,1.0,test,80,0.1495492404538624
Normal,1.0,test,81,0.2099180047468226
Normal,1.0,test,82,0.1174204931307308
Normal,1.0,test,83,0.1051247856274326
Normal,1.0,test,84,0.1020405778434018
Normal,1.0,test,85,0.1106409431383231
Normal,1.0,test,86,0.1916594220751294
Normal,1.0,test,87,0.1301852753046591
Normal,1.0,test,88,0.1576913689381405
Normal,1.0,test,89,0.1409169428728943
Normal,1.0,test,90,0.1668813404603129
Normal,1.0,test,91,0.0969295855467378
Normal,1.0,test,92,0.2105974867646594
Normal,1.0,test,93,0.1565547219920487
Normal,1.0,test,94,0.2079571394218654
Normal,1.0,test,95,0.1439736519342424
Normal,1.0,test,96,0.1731961348130646
Normal,1.0,test,97,0.0993151087129821
Normal,1.0,test,98,0.1207262920357376
Normal,5.0,train,0,0.1506498505026559
Normal,5.0,train,1,0.1361220697170823
Normal,5.0,train,2,0.1537299576885557
Normal,5.0,train,3,0.1532351014752799
Normal,5.0,train,4,0.1867247340963906
Normal,5.0,train,5,0.1817282885534223
Normal,5.0,train,6,0.1685346162204935
Normal,5.0,train,7,0.2670176444836556
Normal,5.0,train,8,0.1629349678779396
Normal,5.0,train,9,0.1655933963941347
Normal,5.0,train,10,0.1794112878506283
Normal,5.0,train,11,0.1752277439090862
Normal,5.0,train,12,0.1800479573500667
Normal,5.0,train,13,0.1460730369227925
Normal,5.0,train,14,0.2530443337379579
Normal,5.0,train,15,0.1616777929841026
Normal,5.0,train,16,0.142995280954712
Normal,5.0,train,17,0.1195875484173289
Normal,5.0,train,18,0.2333062266536941
Normal,5.0,train,19,0.1224292265838149
Normal,5.0,train,20,0.1554361367982551
Normal,5.0,train,21,0.1718283924351732
Normal,5.0,train,22,0.1350108387425999
Normal,5.0,train,23,0.1749501400596472
Normal,5.0,train,24,0.1367036873713367
Normal,5.0,train,25,0.1452999868310878
Normal,5.0,train,26,0.1705412391435714
Normal,5.0,train,27,0.1925225592318309
Normal,5.0,train,28,0.1142625427384572
Normal,5.0,train,29,0.0934431317990693
Normal,5.0,train,30,0.1847251873565894
Normal,5.0,train,31,0.169218196072244
Normal,5.0,train,32,0.2024623593709485
Normal,5.0,train,33,0.1169232630078551
Normal,5.0,train,34,0.1372661475656041
Normal,5.0,train,35,0.286172488803875
Normal,5.0,train,36,0.2202574703487151
Normal,5.0,train,37,0.1141169105571723
Normal,5.0,train,38,0.1367876856147606
Normal,5.0,train,39,0.1372352729735498
Normal,5.0,train,40,0.2225259117426746
Normal,5.0,train,41,0.123191319541133
Normal,5.0,train,42,0.1866238492385837
Normal,5.0,train,43,0.2555297998266295
Normal,5.0,train,44,0.1857379993115895
Normal,5.0,train,45,0.1201315701620715
Normal,5.0,train,46,0.172150367248086
Normal,5.0,train,47,0.1180153045327956
Normal,5.0,train,48,0.1855561518065888
Normal,5.0,train,49,0.1286514100920494
Normal,5.0,train,50,0.1420931169740983
Normal,5.0,train,51,0.1370840884940698
Normal,5.0,train,52,0.1508130102943831
Normal,5.0,train,53,0.2150169335229764
Normal,5.0,train,54,0.1365520010642545
Normal,5.0,train,55,0.1894275537226361
Normal,5.0,train,56,0.1928876745317724
Normal,5.0,train,57,0.1849150475468633
Normal,5.0,train,58,0.1740909725065289
Normal,5.0,train,59,0.1258862567062852
Normal,5.0,train,60,0.1219980226554439
Normal,5.0,train,61,0.1494841552640365
Normal,5.0,train,62,0.1742349936281945
Normal,5.0,train,63,0.1933036893312561
Normal,5.0,train,64,0.1639656688923716
Normal,5.0,train,65,0.2260392433763303
Normal,5.0,train,66,0.1285444417665233
Normal,5.0,train,67,0.1981281103202548
Normal,5.0,train,68,0.171034780319274
Normal,5.0,train,69,0.13931679985675
Normal,5.0,train,70,0.1340805452884692
Normal,5.0,train,71,0.1788429378441494
Normal,5.0,train,72,0.1821096026006684
Normal,5.0,train,73,0.1401317263672004
Normal,5.0,train,74,0.182440894552948
Normal,5.0,train,75,0.1074587140815123
Normal,5.0,train,76,0.2038330046653434
Normal,5.0,train,77,0.2313015271329648
Normal,5.0,train,78,0.1610485767099955
Normal,5.0,train,79,0.1592302231442103
Normal,5.0,train,80,0.1709230467039911
Normal,5.0,train,81,0.1926669830720375
Normal,5.0,train,82,0.179796234882651
Normal,5.0,train,83,0.1409989390499232
Normal,5.0,train,84,0.1877032489587125
Normal,5.0,train,85,0.1498355909077689
Normal,5.0,train,86,0.1018428594493991
Normal,5.0,train,87,0.1432615829466466
Normal,5.0,train,88,0.2568394382130163
Normal,5.0,train,89,0.1104054579393204
Normal,5.0,train,90,0.1816163097302956
Normal,5.0,train,91,0.1109320776956821
Normal,5.0,train,92,0.1772126754021779
Normal,5.0,train,93,0.1186507936646015
Normal,5.0,train,94,0.1851678313173503
Normal,5.0,train,95,0.1531179184902508
Normal,5.0,train,96,0.1648607299002813
Normal,5.0,train,97,0.1960068292743486
Normal,5.0,train,98,0.19226301698953
Normal,5.0,train,99,0.1343737035063541
Normal,5.0,train,100,0.1260580874545974
Normal,5.0,train,101,0.1806449106160479
Normal,5.0,train,102,0.1370590091077582
Normal,5.0,train,103,0.1245079161128838
Normal,5.0,train,104,0.1114440828515469
Normal,5.0,train,105,0.1847663354766494
Normal,5.0,train,106,0.1940586356832811
Normal,5.0,train,107,0.0814475421153069
Normal,5.0,train,108,0.1571094057255576
Normal,5.0,train,109,0.1799413454737666
Normal,5.0,train,110,0.3158860623754272
Normal,5.0,train,111,0.1920188613627166
Normal,5.0,train,112,0.2520489065493447
Normal,5.0,train,113,0.1937580118148073
Normal,5.0,train,114,0.1381675720087286
Normal,5.0,train,115,0.1158619932454527
Normal,5.0,train,116,0.1516048588511245
Normal,5.0,train,117,0.1541172260917038
Normal,5.0,train,118,0.175508036580106
Normal,5.0,train,119,0.1408355212632071
Normal,5.0,train,120,0.1890765445652352
Normal,5.0,train,121,0.1840466382730725
Normal,5.0,train,122,0.1921262079983656
Normal,5.0,train,123,0.2190393437416787
Normal,5.0,train,124,0.2002692983445459
Normal,5.0,train,125,0.1670126093109178
Normal,5.0,train,126,0.2215208949345276
Normal,5.0,train,127,0.1319068115649292
Normal,5.0,train,128,0.1359148530756448
Normal,5.0,train,129,0.1157379400752113
Normal,5.0,train,130,0.1556489263622136
Normal,5.0,train,131,0.1828026476640481
Normal,5.0,train,132,0.1398899264754066
Normal,5.0,train,133,0.1623298893035172
Normal,5.0,train,134,0.2608615832194684
Normal,5.0,train,135,0.1281158803389973
Normal,5.0,train,136,0.1048785681286808
Normal,5.0,train,137,0.1309212650112552
Normal,5.0,train,138,0.1296036594059629
Normal,5.0,train,139,0.1282747422896584
Normal,5.0,train,140,0.1902568747030156
Normal,5.0,train,141,0.1652825722576314
Normal,5.0,train,142,0.1055338242471969
Normal,5.0,train,143,0.1423670908484941
Normal,5.0,train,144,0.1589856050553022
Normal,5.0,train,145,0.1042401022198991
Normal,5.0,train,146,0.1268458120733169
Normal,5.0,train,147,0.1926238006639988
Normal,5.0,train,148,0.1538520505020642
Normal,5.0,train,149,0.1750335837412375
Normal,5.0,train,150,0.1966803525642931
Normal,5.0,train,151,0.1369646515635217
Normal,5.0,train,152,0.2140688916051782
Normal,5.0,train,153,0.0946439653366595
Normal,5.0,train,154,0.1504672195589333
Normal,5.0,test,0,0.2113884793136183
Normal,5.0,test,1,0.1561183790623273
Normal,5.0,test,2,0.0960198527996449
Normal,5.0,test,3,0.2240652963118886
Normal,5.0,test,4,0.1502437984218287
Normal,5.0,test,5,0.1588000779387231
Normal,5.0,test,6,0.115158080357141
Normal,5.0,test,7,0.1410957292582539
Normal,5.0,test,8,0.0983828453467652
Normal,5.0,test,9,0.2018129630168116
Normal,5.0,test,10,0.1974815196725205
Normal,5.0,test,11,0.1213015157613059
Normal,5.0,test,12,0.2373692031022591
Normal,5.0,test,13,0.1669894009731367
Normal,5.0,test,14,0.1422532376423272
Normal,5.0,test,15,0.1638876505835605
Normal,5.0,test,16,0.1853068746227452
Normal,5.0,test,17,0.2150822227685321
Normal,5.0,test,18,0.1312012830253416
Normal,5.0,test,19,0.1534499676531474
Normal,5.0,test,20,0.1629538672828227
Normal,5.0,test,21,0.134180287380172
Normal,5.0,test,22,0.2078473621004767
Normal,5.0,test,23,0.139893537956813
Normal,5.0,test,24,0.144580065846117
Normal,5.0,test,25,0.1401908172190607
Normal,5.0,test,26,0.0983656478341826
Normal,5.0,test,27,0.1151577239638627
Normal,5.0,test,28,0.2265363084146134
Normal,5.0,test,29,0.1760599965273176
Normal,5.0,test,30,0.2017386235354044
Normal,5.0,test,31,0.1408534934806029
Normal,5.0,test,32,0.1879909471091363
Normal,5.0,test,33,0.1188787482243988
Normal,5.0,test,34,0.0938113802920401
Normal,5.0,test,35,0.1686610263906771
Normal,5.0,test,36,0.1568385541717987
Normal,5.0,test,37,0.2122281767945874
Normal,5.0,test,38,0.0711926028224628
Normal,5.0,test,39,0.1555934104077631
Normal,5.0,test,40,0.2073968562401663
Normal,5.0,test,41,0.135758224774926
Normal,5.0,test,42,0.2681832063168844
Normal,5.0,test,43,0.1247139069617288
Normal,5.0,test,44,0.1082577167207822
Normal,5.0,test,45,0.1292372139994974
Normal,5.0,test,46,0.2367750588635051
Normal,5.0,test,47,0.1316868123217422
Normal,5.0,test,48,0.1682970715778913
Normal,5.0,test,49,0.2061881290928389
Normal,5.0,test,50,0.128482103442397
Normal,5.0,test,51,0.1805517185226453
Normal,5.0,test,52,0.1035136590876763
Normal,5.0,test,53,0.2088366537000768
Normal,5.0,test,54,0.1145610683373593
Normal,5.0,test,55,0.147407598541649
Normal,5.0,test,56,0.172677259130843
Normal,5.0,test,57,0.1625885389170348
Normal,5.0,test,58,0.1188317024090152
Normal,5.0,test,59,0.1750928482628082
Normal,5.0,test,60,0.2469189041839211
Normal,5.0,test,61,0.1740785041667335
Normal,5.0,test,62,0.1401261801703609
Normal,5.0,test,63,0.1116574544474305
Normal,5.0,test,64,0.1165712748304481
Normal,5.0,test,65,0.1277872742581081
Normal,5.0,test,66,0.149973918031818
Normal,5.0,test,67,0.1691168331088357
Normal,5.0,test,68,0.1954339333783056
Normal,5.0,test,69,0.1269943898551375
Normal,5.0,test,70,0.1527910703945441
Normal,5.0,test,71,0.1020443505667593
Normal,5.0,test,72,0.0977207019208817
Normal,5.0,test,73,0.1643730384049837
Normal,5.0,test,74,0.1459975504734878
Normal,5.0,test,75,0.1823330035055133
Normal,5.0,test,76,0.1024185469970771
Normal,5.0,test,77,0.1214987820078993
Normal,5.0,test,78,0.2310473129009784
Normal,5.0,test,79,0.1265541195277245
Normal,5.0,test,80,0.1664428207978543
Normal,5.0,test,81,0.1751611803682325
Normal,5.0,test,82,0.1523902811113878
Normal,5.0,test,83,0.1276772299928306
Normal,5.0,test,84,0.1712217310331603
Normal,5.0,test,85,0.0988609275738308
Normal,5.0,test,86,0.2092515995662295
Normal,5.0,test,87,0.1567074319876505
Normal,5.0,test,88,0.2032603526402088
Normal,5.0,test,89,0.1372153918355567
Normal,5.0,test,90,0.1356801491064637
Normal,5.0,test,91,0.1288991605987023
Normal,5.0,test,92,0.1959504725124635
Normal,5.0,test,93,0.1410660183191311
Normal,5.0,test,94,0.2159153808937412
Normal,5.0,test,95,0.1484900879664328
Normal,5.0,test,96,0.200856925686974
Normal,5.0,test,97,0.1081135667851273
Normal,5.0,test,98,0.1291963396832537
Normal,10.0,train,0,0.1928092081915275
Normal,10.0,train,1,0.161512064419515
Normal,10.0,train,2,0.197393308529335
Normal,10.0,train,3,0.1817499004661255
Normal,10.0,train,4,0.1831544495800575
Normal,10.0,train,5,0.2191444773835303
Normal,10.0,train,6,0.1565658825803953
Normal,10.0,train,7,0.311554118800958
Normal,10.0,train,8,0.169620035184397
Normal,10.0,train,9,0.2046045114004824
Normal,10.0,train,10,0.2605311510668726
Normal,10.0,train,11,0.1954345726530976
Normal,10.0,train,12,0.2093226624319588
Normal,10.0,train,13,0.1386143887187697
Normal,10.0,train,14,0.2294598288900347
Normal,10.0,train,15,0.1499523127040691
Normal,10.0,train,16,0.297285815248256
Normal,10.0,train,17,0.1730720450344861
Normal,10.0,train,18,0.2302601929889721
Normal,10.0,train,19,0.2261949602317993
Normal,10.0,train,20,0.159884507331166
Normal,10.0,train,21,0.2117445069288607
Normal,10.0,train,22,0.2037017753873002
Normal,10.0,train,23,0.1686576280426927
Normal,10.0,train,24,0.223065276879596
Normal,10.0,train,25,0.2350354707023572
Normal,10.0,train,26,0.1994485284737269
Normal,10.0,train,27,0.2414060252835949
Normal,10.0,train,28,0.1444806616391421
Normal,10.0,train,29,0.1181479210497306
Normal,10.0,train,30,0.2012546444269917
Normal,10.0,train,31,0.1612945412662244
Normal,10.0,train,32,0.207119723724742
Normal,10.0,train,33,0.2122673002813937
Normal,10.0,train,34,0.1175720751738905
Normal,10.0,train,35,0.2754332224522023
Normal,10.0,train,36,0.235026118889314
Normal,10.0,train,37,0.1533602044478112
Normal,10.0,train,38,0.2055666190636912
Normal,10.0,train,39,0.2034002522447653
Normal,10.0,train,40,0.2492117524397318
Normal,10.0,train,41,0.154615753261611
Normal,10.0,train,42,0.212805997350975
Normal,10.0,train,43,0.2626751917051413
Normal,10.0,train,44,0.2279188421574816
Normal,10.0,train,45,0.1618842849849698
Normal,10.0,train,46,0.2417019100169458
Normal,10.0,train,47,0.2236127847648827
Normal,10.0,train,48,0.2101462286011413
Normal,10.0,train,49,0.1902230979200374
Normal,10.0,train,50,0.1947023826059181
Normal,10.0,train,51,0.1444138865604734
Normal,10.0,train,52,0.1948116744658317
Normal,10.0,train,53,0.2064611845972154
Normal,10.0,train,54,0.1732076480928138
Normal,10.0,train,55,0.1950764592428897
Normal,10.0,train,56,0.2846915215930884
Normal,10.0,train,57,0.2816986170905902
Normal,10.0,train,58,0.1776229227705584
Normal,10.0,train,59,0.1679637579173705
Normal,10.0,train,60,0.1421144704964969
Normal,10.0,train,61,0.1709115360061795
Normal,10.0,train,62,0.2063366751520387
Normal,10.0,train,63,0.2652277300080521
Normal,10.0,train,64,0.2339603405117355
Normal,10.0,train,65,0.2951280858275851
Normal,10.0,train,66,0.1567680277348404
Normal,10.0,train,67,0.2181645039294243
Normal,10.0,train,68,0.1956150128635707
Normal,10.0,train,69,0.1621832291881468
Normal,10.0,train,70,0.2369263875855229
Normal,10.0,train,71,0.1869313779634506
Normal,10.0,train,72,0.2548470632743765
Normal,10.0,train,73,0.1894958321554234
Normal,10.0,train,74,0.2432110281827154
Normal,10.0,train,75,0.1695099015050045
Normal,10.0,train,76,0.2792862999522941
Normal,10.0,train,77,0.215617311125548
Normal,10.0,train,78,0.2475608262773417
Normal,10.0,train,79,0.2018092513538153
Normal,10.0,train,80,0.142221235841697
Normal,10.0,train,81,0.1900943172345018
Normal,10.0,train,82,0.2045881268486842
Normal,10.0,train,83,0.1542640168083744
Normal,10.0,train,84,0.2485486102799466
Normal,10.0,train,85,0.163431983797338
Normal,10.0,train,86,0.1384198520667875
Normal,10.0,train,87,0.2307054430034016
Normal,10.0,train,88,0.2682725482512038
Normal,10.0,train,89,0.1731418142933584
Normal,10.0,train,90,0.2717755144780073
Normal,10.0,train,91,0.1170947428154546
Normal,10.0,train,92,0.228723875085394
Normal,10.0,train,93,0.153821895296687
Normal,10.0,train,94,0.2380786362961486
Normal,10.0,train,95,0.1824301122172089
Normal,10.0,train,96,0.2135121638316841
Normal,10.0,train,97,0.2195942406164153
Normal,10.0,train,98,0.206919667471007
Normal,10.0,train,99,0.1249308689968195
Normal,10.0,train,100,0.1999151534181679
Normal,10.0,train,101,0.2046710453167258
Normal,10.0,train,102,0.184229686500481
Normal,10.0,train,103,0.1930665856869338
Normal,10.0,train,104,0.1909462449900295
Normal,10.0,train,105,0.1951105531708576
Normal,10.0,train,106,0.2497071953075296
Normal,10.0,train,107,0.0894580575592553
Normal,10.0,train,108,0.2669218368152906
Normal,10.0,train,109,0.2199782457579866
Normal,10.0,train,110,0.3019499595411604
Normal,10.0,train,111,0.194294468449695
Normal,10.0,train,112,0.284538870303448
Normal,10.0,train,113,0.2852376290438608
Normal,10.0,train,114,0.1531999268130947
Normal,10.0,train,115,0.1233667306896311
Normal,10.0,train,116,0.1787967061076551
Normal,10.0,train,117,0.2044928801115773
Normal,10.0,train,118,0.1839043931887971
Normal,10.0,train,119,0.1628618188969224
Normal,10.0,train,120,0.1930790439573009
Normal,10.0,train,121,0.1997944449428947
Normal,10.0,train,122,0.2681418215960903
Normal,10.0,train,123,0.2497716635019743
Normal,10.0,train,124,0.2315521384646409
Normal,10.0,train,125,0.2223268881301342
Normal,10.0,train,126,0.2746402516879509
Normal,10.0,train,127,0.14434318704887
Normal,10.0,train,128,0.1608922890283771
Normal,10.0,train,129,0.2412960991257252
Normal,10.0,train,130,0.1969187783081885
Normal,10.0,train,131,0.1725014864064174
Normal,10.0,train,132,0.168748426093713
Normal,10.0,train,133,0.2260993997575549
Normal,10.0,train,134,0.2934110647903015
Normal,10.0,train,135,0.1230388030491312
Normal,10.0,train,136,0.1142399010902131
Normal,10.0,train,137,0.1642460754805111
Normal,10.0,train,138,0.1434297818608279
Normal,10.0,train,139,0.1712883390710129
Normal,10.0,train,140,0.2345124710570547
Normal,10.0,train,141,0.1730796174336775
Normal,10.0,train,142,0.1355868307746327
Normal,10.0,train,143,0.2113491166531323
Normal,10.0,train,144,0.18779451457228
Normal,10.0,train,145,0.1431324608384239
Normal,10.0,train,146,0.2095903960662069
Normal,10.0,train,147,0.2331306829379533
Normal,10.0,train,148,0.2005038521677462
Normal,10.0,train,149,0.1891998116857572
Normal,10.0,train,150,0.1753992261094265
Normal,10.0,train,151,0.1940252376377405
Normal,10.0,train,152,0.229971268398385
Normal,10.0,train,153,0.1671739646419679
Normal,10.0,train,154,0.1830284419013196
Normal,10.0,test,0,0.2371816539542155
Normal,10.0,test,1,0.2238816207985224
Normal,10.0,test,2,0.128738234535438
Normal,10.0,test,3,0.2666745549268997
Normal,10.0,test,4,0.2263725856448348
Normal,10.0,test,5,0.1914651152225785
Normal,10.0,test,6,0.1476841010433877
Normal,10.0,test,7,0.1591438906815277
Normal,10.0,test,8,0.1410978269523915
Normal,10.0,test,9,0.2160452999142913
Normal,10.0,test,10,0.2451046289936359
Normal,10.0,test,11,0.1940015953215633
Normal,10.0,test,12,0.248775305469126
Normal,10.0,test,13,0.2116030632941979
Normal,10.0,test,14,0.2888859363015453
Normal,10.0,test,15,0.1643433923889725
Normal,10.0,test,16,0.1626004429632877
Normal,10.0,test,17,0.2137940406892603
Normal,10.0,test,18,0.1881598407390558
Normal,10.0,test,19,0.1381301576419731
Normal,10.0,test,20,0.1731880918538257
Normal,10.0,test,21,0.1409746455318654
Normal,10.0,test,22,0.2461053024732395
Normal,10.0,test,23,0.1912228410288575
Normal,10.0,test,24,0.1699178797290572
Normal,10.0,test,25,0.217476981034073
Normal,10.0,test,26,0.1812475632635083
Normal,10.0,test,27,0.1813993528213512
Normal,10.0,test,28,0.24469756754173
Normal,10.0,test,29,0.2343520045328469
Normal,10.0,test,30,0.2275035459332476
Normal,10.0,test,31,0.1989786092984483
Normal,10.0,test,32,0.2345401936082244
Normal,10.0,test,33,0.1356441376278947
Normal,10.0,test,34,0.1393722336813121
Normal,10.0,test,35,0.2175974675302629
Normal,10.0,test,36,0.1721571005855151
Normal,10.0,test,37,0.2465464486308529
Normal,10.0,test,38,0.1205667861669122
Normal,10.0,test,39,0.1896811038024462
Normal,10.0,test,40,0.328095954337456
Normal,10.0,test,41,0.1508286586103301
Normal,10.0,test,42,0.2474316510660581
Normal,10.0,test,43,0.1264973015632163
Normal,10.0,test,44,0.2025021917966117
Normal,10.0,test,45,0.138305437953521
Normal,10.0,test,46,0.1863350554751565
Normal,10.0,test,47,0.1722593962758264
Normal,10.0,test,48,0.202769702175481
Normal,10.0,test,49,0.2047758358568744
Normal,10.0,test,50,0.1831670499089151
Normal,10.0,test,51,0.1998120654987476
Normal,10.0,test,52,0.1640789039932735
Normal,10.0,test,53,0.2217924478515714
Normal,10.0,test,54,0.163289405552495
Normal,10.0,test,55,0.2163449332486037
Normal,10.0,test,56,0.1916842458689119
Normal,10.0,test,57,0.2213091804095461
Normal,10.0,test,58,0.1948958581413459
Normal,10.0,test,59,0.1950596391757668
Normal,10.0,test,60,0.2664384229005904
Normal,10.0,test,61,0.1527721406677396
Normal,10.0,test,62,0.1490636859599313
Normal,10.0,test,63,0.1389397230958092
Normal,10.0,test,64,0.1308992925187745
Normal,10.0,test,65,0.1617554610487727
Normal,10.0,test,66,0.2383463956546239
Normal,10.0,test,67,0.2017559341836671
Normal,10.0,test,68,0.2232871092070954
Normal,10.0,test,69,0.1784527745158671
Normal,10.0,test,70,0.1962484933897201
Normal,10.0,test,71,0.1258490689943344
Normal,10.0,test,72,0.0824643528439224
Normal,10.0,test,73,0.2064008407473463
Normal,10.0,test,74,0.1986794993136197
Normal,10.0,test,75,0.1764501431404213
Normal,10.0,test,76,0.2369592801111301
Normal,10.0,test,77,0.1350315922294602
Normal,10.0,test,78,0.2418898651774927
Normal,10.0,test,79,0.198859225217381
Normal,10.0,test,80,0.1920317180937257
Normal,10.0,test,81,0.2879326053019637
Normal,10.0,test,82,0.165227971226428
Normal,10.0,test,83,0.1702392694204555
Normal,10.0,test,84,0.1807887016088846
Normal,10.0,test,85,0.206822189455647
Normal,10.0,test,86,0.2294392917040976
Normal,10.0,test,87,0.2267875969641374
Normal,10.0,test,88,0.3135280688996463
Normal,10.0,test,89,0.1754040373590764
Normal,10.0,test,90,0.2046556455810902
Normal,10.0,test,91,0.156059100777765
Normal,10.0,test,92,0.2197479130810133
Normal,10.0,test,93,0.2002478500829516
Normal,10.0,test,94,0.2115048443960376
Normal,10.0,test,95,0.1623251868778915
Normal,10.0,test,96,0.1912584662649322
Normal,10.0,test,97,0.157709195334845
Normal,10.0,test,98,0.1974270806528284
Normal,25.0,train,0,0.1825822482352568
Normal,25.0,train,1,0.1746590036390541
Normal,25.0,train,2,0.255934955719424
Normal,25.0,train,3,0.220082142034375
Normal,25.0,train,4,0.2401341663494657
Normal,25.0,train,5,0.2731972551775107
Normal,25.0,train,6,0.2742010609710933
Normal,25.0,train,7,0.2982907557066014
Normal,25.0,train,8,0.1704670082107038
Normal,25.0,train,9,0.2663368843926256
Normal,25.0,train,10,0.3373344682323067
Normal,25.0,train,11,0.2274290337793198
Normal,25.0,train,12,0.2637521074312798
Normal,25.0,train,13,0.1667031592656214
Normal,25.0,train,14,0.2928180456331744
Normal,25.0,train,15,0.2224011324069494
Normal,25.0,train,16,0.2509471364006065
Normal,25.0,train,17,0.2300387888436267
Normal,25.0,train,18,0.204136274220845
Normal,25.0,train,19,0.316542242525435
Normal,25.0,train,20,0.2117083327307931
Normal,25.0,train,21,0.2357361078318194
Normal,25.0,train,22,0.2136443108208837
Normal,25.0,train,23,0.2401045995456451
Normal,25.0,train,24,0.2402766872317346
Normal,25.0,train,25,0.2027206497132712
Normal,25.0,train,26,0.27527735190696
Normal,25.0,train,27,0.2801391551440482
Normal,25.0,train,28,0.2600455415055646
Normal,25.0,train,29,0.1104475173469532
Normal,25.0,train,30,0.2714643011049203
Normal,25.0,train,31,0.2217179020191213
Normal,25.0,train,32,0.2718679559716706
Normal,25.0,train,33,0.1910623057136846
Normal,25.0,train,34,0.2051347867140136
Normal,25.0,train,35,0.3040775503024406
Normal,25.0,train,36,0.2347067941172516
Normal,25.0,train,37,0.178112453347615
Normal,25.0,train,38,0.1837342794998959
Normal,25.0,train,39,0.2285837314216849
Normal,25.0,train,40,0.222379110629627
Normal,25.0,train,41,0.1662968002838287
Normal,25.0,train,42,0.2334795014934231
Normal,25.0,train,43,0.2796263908677794
Normal,25.0,train,44,0.2542708237845128
Normal,25.0,train,45,0.1949388053896204
Normal,25.0,train,46,0.2312686492251442
Normal,25.0,train,47,0.2341429203757747
Normal,25.0,train,48,0.2007603886203141
Normal,25.0,train,49,0.2149777528835719
Normal,25.0,train,50,0.1862047742125448
Normal,25.0,train,51,0.1551846872527225
Normal,25.0,train,52,0.2255118285634723
Normal,25.0,train,53,0.2392520801213042
Normal,25.0,train,54,0.2544224651746712
Normal,25.0,train,55,0.1980619812603142
Normal,25.0,train,56,0.3475068111823147
Normal,25.0,train,57,0.2670048012234797
Normal,25.0,train,58,0.2025574745225462
Normal,25.0,train,59,0.1110909876286788
Normal,25.0,train,60,0.1333926660457535
Normal,25.0,train,61,0.1993127341844293
Normal,25.0,train,62,0.2247740033440982
Normal,25.0,train,63,0.2691984108734828
Normal,25.0,train,64,0.3023266468366569
Normal,25.0,train,65,0.3439247163275935
Normal,25.0,train,66,0.1788135000337975
Normal,25.0,train,67,0.2752451560027104
Normal,25.0,train,68,0.2782808291984936
Normal,25.0,train,69,0.2324593160118264
Normal,25.0,train,70,0.2432563181380423
Normal,25.0,train,71,0.2274467325337413
Normal,25.0,train,72,0.2511834501035446
Normal,25.0,train,73,0.1843296764605825
Normal,25.0,train,74,0.28408099946504
Normal,25.0,train,75,0.1415666868606194
Normal,25.0,train,76,0.2661831410395662
Normal,25.0,train,77,0.2741394976542017
Normal,25.0,train,78,0.2731596290833359
Normal,25.0,train,79,0.2459217441393379
Normal,25.0,train,80,0.1669821786545806
Normal,25.0,train,81,0.2003037942091062
Normal,25.0,train,82,0.2700276388080262
Normal,25.0,train,83,0.1833648063758055
Normal,25.0,train,84,0.3372457662617852
Normal,25.0,train,85,0.2309345722747673
Normal,25.0,train,86,0.1542774372739716
Normal,25.0,train,87,0.2585988924338092
Normal,25.0,train,88,0.3044716854008345
Normal,25.0,train,89,0.137327243055114
Normal,25.0,train,90,0.2958359283134682
Normal,25.0,train,91,0.1301829767926475
Normal,25.0,train,92,0.2927749351692645
Normal,25.0,train,93,0.1574889116064578
Normal,25.0,train,94,0.194185762574054
Normal,25.0,train,95,0.2008757760720698
Normal,25.0,train,96,0.2284526702267082
Normal,25.0,train,97,0.2869966051446145
Normal,25.0,train,98,0.238447654799028
Normal,25.0,train,99,0.167408702233705
Normal,25.0,train,100,0.2373942126300131
Normal,25.0,train,101,0.2014697710001403
Normal,25.0,train,102,0.1901450150233705
Normal,25.0,train,103,0.2556288006111978
Normal,25.0,train,104,0.2461846162222976
Normal,25.0,train,105,0.2381149982722308
Normal,25.0,train,106,0.2982431518617811
Normal,25.0,train,107,0.1203987946786199
Normal,25.0,train,108,0.2195581697700766
Normal,25.0,train,109,0.2670994431342854
Normal,25.0,train,110,0.3177958176749681
Normal,25.0,train,111,0.1978035292729954
Normal,25.0,train,112,0.3111192219558026
Normal,25.0,train,113,0.3218232124957727
Normal,25.0,train,114,0.2177985997445395
Normal,25.0,train,115,0.2264995408218675
Normal,25.0,train,116,0.1909706326829043
Normal,25.0,train,117,0.2342695028956825
Normal,25.0,train,118,0.2337579333057988
Normal,25.0,train,119,0.2240558069034832
Normal,25.0,train,120,0.1871361092564457
Normal,25.0,train,121,0.245487029909422
Normal,25.0,train,122,0.2720226852109875
Normal,25.0,train,123,0.242838252492449
Normal,25.0,train,124,0.2659224657792203
Normal,25.0,train,125,0.1914832714873264
Normal,25.0,train,126,0.2303831838294508
Normal,25.0,train,127,0.1800984412343162
Normal,25.0,train,128,0.2021620904439216
Normal,25.0,train,129,0.2369654812453165
Normal,25.0,train,130,0.2600046142215766
Normal,25.0,train,131,0.1933135311238803
Normal,25.0,train,132,0.1769371588873274
Normal,25.0,train,133,0.2499554162128509
Normal,25.0,train,134,0.2861822229882667
Normal,25.0,train,135,0.1399020698159567
Normal,25.0,train,136,0.210129763444484
Normal,25.0,train,137,0.1778858171380642
Normal,25.0,train,138,0.1423424650222206
Normal,25.0,train,139,0.2022749493581356
Normal,25.0,train,140,0.2940462305254358
Normal,25.0,train,141,0.1763145347470565
Normal,25.0,train,142,0.1342632120174393
Normal,25.0,train,143,0.2257158083700282
Normal,25.0,train,144,0.1997510957569477
Normal,25.0,train,145,0.1798758908436505
Normal,25.0,train,146,0.2280956296495484
Normal,25.0,train,147,0.2397003506734528
Normal,25.0,train,148,0.2018931915248522
Normal,25.0,train,149,0.2135104082997233
Normal,25.0,train,150,0.2376199268843857
Normal,25.0,train,151,0.1769250521923057
Normal,25.0,train,152,0.2153825953831618
Normal,25.0,train,153,0.1313920373198703
Normal,25.0,train,154,0.2316793978162124
Normal,25.0,test,0,0.2360583971999152
Normal,25.0,test,1,0.2204666709652626
Normal,25.0,test,2,0.2211920529849128
Normal,25.0,test,3,0.2512152822216483
Normal,25.0,test,4,0.1858072567256409
Normal,25.0,test,5,0.2887691369208366
Normal,25.0,test,6,0.1455499569927417
Normal,25.0,test,7,0.1900555770372141
Normal,25.0,test,8,0.1357148849149635
Normal,25.0,test,9,0.211249597250687
Normal,25.0,test,10,0.3285509168911569
Normal,25.0,test,11,0.2542679059108111
Normal,25.0,test,12,0.2485459122463073
Normal,25.0,test,13,0.1925128270464346
Normal,25.0,test,14,0.3131028021728306
Normal,25.0,test,15,0.1836872991686357
Normal,25.0,test,16,0.1892752577855017
Normal,25.0,test,17,0.2323521620714628
Normal,25.0,test,18,0.241684980650509
Normal,25.0,test,19,0.1950062862145745
Normal,25.0,test,20,0.2316139827391288
Normal,25.0,test,21,0.2089736820499225
Normal,25.0,test,22,0.245586937937856
Normal,25.0,test,23,0.2665225170223426
Normal,25.0,test,24,0.1617575847557252
Normal,25.0,test,25,0.2688662062185127
Normal,25.0,test,26,0.2007614767853051
Normal,25.0,test,27,0.241270054661006
Normal,25.0,test,28,0.2892810918617878
Normal,25.0,test,29,0.2903670871534206
Normal,25.0,test,30,0.2918208889285181
Normal,25.0,test,31,0.2231006081534367
Normal,25.0,test,32,0.2758676491615641
Normal,25.0,test,33,0.2085747963937572
Normal,25.0,test,34,0.1879677538543907
Normal,25.0,test,35,0.2468499119997771
Normal,25.0,test,36,0.1664621975843525
Normal,25.0,test,37,0.2485657635385655
Normal,25.0,test,38,0.1082673367727336
Normal,25.0,test,39,0.2129280855100705
Normal,25.0,test,40,0.3401561362525661
Normal,25.0,test,41,0.1862701229061633
Normal,25.0,test,42,0.2688071967099059
Normal,25.0,test,43,0.1850336765439848
Normal,25.0,test,44,0.3106594515468143
Normal,25.0,test,45,0.1745669318669335
Normal,25.0,test,46,0.1753771167998788
Normal,25.0,test,47,0.2287742127695141
Normal,25.0,test,48,0.225013745748029
Normal,25.0,test,49,0.245930629085875
Normal,25.0,test,50,0.1663592175111865
Normal,25.0,test,51,0.2374967879423132
Normal,25.0,test,52,0.119375736818534
Normal,25.0,test,53,0.2389946208928083
Normal,25.0,test,54,0.1894293444115913
Normal,25.0,test,55,0.2227970316516167
Normal,25.0,test,56,0.2181791446050743
Normal,25.0,test,57,0.2267629062059521
Normal,25.0,test,58,0.2069906180103976
Normal,25.0,test,59,0.1936636800549502
Normal,25.0,test,60,0.2829604667255598
Normal,25.0,test,61,0.1586804587469097
Normal,25.0,test,62,0.1967365838638352
Normal,25.0,test,63,0.1486812957127884
Normal,25.0,test,64,0.2144535497894985
Normal,25.0,test,65,0.1897563874503005
Normal,25.0,test,66,0.2842273427154117
Normal,25.0,test,67,0.3160533783253299
Normal,25.0,test,68,0.272002607101873
Normal,25.0,test,69,0.1644962959244037
Normal,25.0,test,70,0.1562707920711473
Normal,25.0,test,71,0.10678751813467
Normal,25.0,test,72,0.0976310734706554
Normal,25.0,test,73,0.2490422985107698
Normal,25.0,test,74,0.198032221994388
Normal,25.0,test,75,0.2023401812741093
Normal,25.0,test,76,0.1787113565232693
Normal,25.0,test,77,0.1465617844977977
Normal,25.0,test,78,0.2619473504751758
Normal,25.0,test,79,0.2427756373676405
Normal,25.0,test,80,0.1813172045336932
Normal,25.0,test,81,0.2856571394445637
Normal,25.0,test,82,0.2278805389114066
Normal,25.0,test,83,0.2534337275929619
Normal,25.0,test,84,0.2189205144102477
Normal,25.0,test,85,0.1365474097962042
Normal,25.0,test,86,0.2577290408475261
Normal,25.0,test,87,0.2826926529551459
Normal,25.0,test,88,0.2861752871374335
Normal,25.0,test,89,0.222233274949541
Normal,25.0,test,90,0.2372391691484107
Normal,25.0,test,91,0.1880023991059966
Normal,25.0,test,92,0.2478408812869552
Normal,25.0,test,93,0.2058567042191738
Normal,25.0,test,94,0.1971305542275221
Normal,25.0,test,95,0.2076842192508002
Normal,25.0,test,96,0.2211110721945427
Normal,25.0,test,97,0.2370188263499782
Normal,25.0,test,98,0.2135128542165087
Normal,50.0,train,0,0.2317532044894364
Normal,50.0,train,1,0.1895689690562522
Normal,50.0,train,2,0.3740811388177819
Normal,50.0,train,3,0.2316372545748421
Normal,50.0,train,4,0.2597465323275594
Normal,50.0,train,5,0.4662137946304002
Normal,50.0,train,6,0.3795875513771579
Normal,50.0,train,7,0.3856959210090864
Normal,50.0,train,8,0.2374564023064018
Normal,50.0,train,9,0.4031648482282042
Normal,50.0,train,10,0.4336535449076134
Normal,50.0,train,11,0.3150649774420487
Normal,50.0,train,12,0.3824124346361811
Normal,50.0,train,13,0.2139704100822063
Normal,50.0,train,14,0.3560211957561112
Normal,50.0,train,15,0.2803924704433854
Normal,50.0,train,16,0.3602112195268118
Normal,50.0,train,17,0.2175718808351201
Normal,50.0,train,18,0.3126261418213606
Normal,50.0,train,19,0.346653643001245
Normal,50.0,train,20,0.253743113276934
Normal,50.0,train,21,0.3097354244718727
Normal,50.0,train,22,0.2903122082674779
Normal,50.0,train,23,0.3043502517854519
Normal,50.0,train,24,0.399725432225578
Normal,50.0,train,25,0.3773048154083995
Normal,50.0,train,26,0.3465730857820688
Normal,50.0,train,27,0.4144227489684498
Normal,50.0,train,28,0.4497653365432468
Normal,50.0,train,29,0.1399668029321372
Normal,50.0,train,30,0.3946043851325921
Normal,50.0,train,31,0.2927710256196185
Normal,50.0,train,32,0.4152293456210351
Normal,50.0,train,33,0.3407338012503926
Normal,50.0,train,34,0.2596432666569248
Normal,50.0,train,35,0.3227128600716347
Normal,50.0,train,36,0.2412474154614129
Normal,50.0,train,37,0.2458204397645935
Normal,50.0,train,38,0.3347403517261151
Normal,50.0,train,39,0.2459854692482276
Normal,50.0,train,40,0.3480653287819042
Normal,50.0,train,41,0.2320217919322391
Normal,50.0,train,42,0.4060711471777881
Normal,50.0,train,43,0.3621075668251678
Normal,50.0,train,44,0.3463662922160485
Normal,50.0,train,45,0.2847760998827036
Normal,50.0,train,46,0.3490959157015516
Normal,50.0,train,47,0.3564500186928832
Normal,50.0,train,48,0.2378971718896325
Normal,50.0,train,49,0.3323762861108378
Normal,50.0,train,50,0.2768578966392328
Normal,50.0,train,51,0.2926550381653271
Normal,50.0,train,52,0.3048229731882976
Normal,50.0,train,53,0.298589002700103
Normal,50.0,train,54,0.4219280179439148
Normal,50.0,train,55,0.2869402654281281
Normal,50.0,train,56,0.3586703609768319
Normal,50.0,train,57,0.3854027021535114
Normal,50.0,train,58,0.3760252857696171
Normal,50.0,train,59,0.2642888917842494
Normal,50.0,train,60,0.2344864052968904
Normal,50.0,train,61,0.3406820907259721
Normal,50.0,train,62,0.3810429330494704
Normal,50.0,train,63,0.3844056821157431
Normal,50.0,train,64,0.4169165136914313
Normal,50.0,train,65,0.528587029112411
Normal,50.0,train,66,0.3567594425903443
Normal,50.0,train,67,0.319559036498532
Normal,50.0,train,68,0.3728326380343206
Normal,50.0,train,69,0.2968168572670847
Normal,50.0,train,70,0.3324176764063731
Normal,50.0,train,71,0.2856819147217422
Normal,50.0,train,72,0.3381252244340739
Normal,50.0,train,73,0.3076837204517835
Normal,50.0,train,74,0.3909576509631567
Normal,50.0,train,75,0.2118624214430931
Normal,50.0,train,76,0.4036468798612471
Normal,50.0,train,77,0.3937104025408608
Normal,50.0,train,78,0.3951562300971674
Normal,50.0,train,79,0.3897270341514635
Normal,50.0,train,80,0.2063861746907586
Normal,50.0,train,81,0.262636718917987
Normal,50.0,train,82,0.3321969635803978
Normal,50.0,train,83,0.2589500222363661
Normal,50.0,train,84,0.43328051857665
Normal,50.0,train,85,0.3317104905047544
Normal,50.0,train,86,0.1820340154541777
Normal,50.0,train,87,0.3801593106284597
Normal,50.0,train,88,0.3499520180032234
Normal,50.0,train,89,0.2578273485680263
Normal,50.0,train,90,0.3520943673145168
Normal,50.0,train,91,0.2954337470224629
Normal,50.0,train,92,0.4045540073816567
Normal,50.0,train,93,0.244492267166554
Normal,50.0,train,94,0.3164661758547001
Normal,50.0,train,95,0.2784658498345299
Normal,50.0,train,96,0.3235317420072053
Normal,50.0,train,97,0.4449592759080849
Normal,50.0,train,98,0.318216621222735
Normal,50.0,train,99,0.1868637604397636
Normal,50.0,train,100,0.3372614787676443
Normal,50.0,train,101,0.3385487695740214
Normal,50.0,train,102,0.2636751415260578
Normal,50.0,train,103,0.2687015198154683
Normal,50.0,train,104,0.4084400001942168
Normal,50.0,train,105,0.2833220734831069
Normal,50.0,train,106,0.3270070172900099
Normal,50.0,train,107,0.1866731111011627
Normal,50.0,train,108,0.2106687975411418
Normal,50.0,train,109,0.3758926923321941
Normal,50.0,train,110,0.3515015344057744
Normal,50.0,train,111,0.2218050013774899
Normal,50.0,train,112,0.4012224499268492
Normal,50.0,train,113,0.3825281411622891
Normal,50.0,train,114,0.2784101278931425
Normal,50.0,train,115,0.2842424909503044
Normal,50.0,train,116,0.3054591544817555
Normal,50.0,train,117,0.3577293842846196
Normal,50.0,train,118,0.2637544545225124
Normal,50.0,train,119,0.3362738891517146
Normal,50.0,train,120,0.2808429700308535
Normal,50.0,train,121,0.3733964789892621
Normal,50.0,train,122,0.307702908396955
Normal,50.0,train,123,0.3039807749325078
Normal,50.0,train,124,0.3380284761081978
Normal,50.0,train,125,0.3120860000246803
Normal,50.0,train,126,0.3791498761914152
Normal,50.0,train,127,0.2854317035946828
Normal,50.0,train,128,0.2750439410759426
Normal,50.0,train,129,0.367800948947234
Normal,50.0,train,130,0.3883599746427294
Normal,50.0,train,131,0.2725102686853385
Normal,50.0,train,132,0.2514098541705273
Normal,50.0,train,133,0.4376800891297659
Normal,50.0,train,134,0.4086880650352085
Normal,50.0,train,135,0.3172230445646487
Normal,50.0,train,136,0.3052065043554429
Normal,50.0,train,137,0.1802693962490273
Normal,50.0,train,138,0.2102925681488638
Normal,50.0,train,139,0.267632370927302
Normal,50.0,train,140,0.320864500763563
Normal,50.0,train,141,0.2060912577115551
Normal,50.0,train,142,0.2460167476367978
Normal,50.0,train,143,0.302799302066791
Normal,50.0,train,144,0.2826738626413825
Normal,50.0,train,145,0.206429406518587
Normal,50.0,train,146,0.3198613512258141
Normal,50.0,train,147,0.3430133728529678
Normal,50.0,train,148,0.3488761108743646
Normal,50.0,train,149,0.3195801792260577
Normal,50.0,train,150,0.2931671128239594
Normal,50.0,train,151,0.2556004738649758
Normal,50.0,train,152,0.2228242718523946
Normal,50.0,train,153,0.2480865961900173
Normal,50.0,train,154,0.333441692882754
Normal,50.0,test,0,0.2661055907175043
Normal,50.0,test,1,0.3131288775197768
Normal,50.0,test,2,0.2709386455176686
Normal,50.0,test,3,0.3438441043135655
Normal,50.0,test,4,0.2287277191127079
Normal,50.0,test,5,0.2959355163012092
Normal,50.0,test,6,0.1499049668430907
Normal,50.0,test,7,0.2513501054623812
Normal,50.0,test,8,0.1817114318673195
Normal,50.0,test,9,0.264856485633293
Normal,50.0,test,10,0.401246379558464
Normal,50.0,test,11,0.3441062877201362
Normal,50.0,test,12,0.3564252236539529
Normal,50.0,test,13,0.1835498825792944
Normal,50.0,test,14,0.3723435335675426
Normal,50.0,test,15,0.2451208445520469
Normal,50.0,test,16,0.2114068478741074
Normal,50.0,test,17,0.3248865329804295
Normal,50.0,test,18,0.3546031773781755
Normal,50.0,test,19,0.2757144764758154
Normal,50.0,test,20,0.2608472585097565
Normal,50.0,test,21,0.258359875494324
Normal,50.0,test,22,0.3358766892349508
Normal,50.0,test,23,0.3564479455005577
Normal,50.0,test,24,0.1898541328024718
Normal,50.0,test,25,0.352962733917787
Normal,50.0,test,26,0.3497877933635715
Normal,50.0,test,27,0.251313122619534
Normal,50.0,test,28,0.34287824570446
Normal,50.0,test,29,0.4256163191793259
Normal,50.0,test,30,0.3858092465387933
Normal,50.0,test,31,0.2545525869018189
Normal,50.0,test,32,0.3245601031494324
Normal,50.0,test,33,0.2354159088059154
Normal,50.0,test,34,0.2736353360446961
Normal,50.0,test,35,0.2722563686672627
Normal,50.0,test,36,0.1858381861346758
Normal,50.0,test,37,0.3133992066207111
Normal,50.0,test,38,0.1239298342994915
Normal,50.0,test,39,0.2263805771403525
Normal,50.0,test,40,0.4052518827836531
Normal,50.0,test,41,0.2573115030307798
Normal,50.0,test,42,0.3791494815009208
Normal,50.0,test,43,0.2249601871466116
Normal,50.0,test,44,0.436580196664149
Normal,50.0,test,45,0.3383805967535006
Normal,50.0,test,46,0.1994863320243959
Normal,50.0,test,47,0.2737814608202791
Normal,50.0,test,48,0.2914642083894045
Normal,50.0,test,49,0.3253150317485522
Normal,50.0,test,50,0.2650206197981531
Normal,50.0,test,51,0.2805113282646885
Normal,50.0,test,52,0.2164706411427515
Normal,50.0,test,53,0.2735129216100287
Normal,50.0,test,54,0.3504365704383123
Normal,50.0,test,55,0.3624473672883273
Normal,50.0,test,56,0.2340184468519897
Normal,50.0,test,57,0.3512584922939422
Normal,50.0,test,58,0.2736506471529746
Normal,50.0,test,59,0.2714261461461562
Normal,50.0,test,60,0.2892050448225763
Normal,50.0,test,61,0.164336971548332
Normal,50.0,test,62,0.3007741393630028
Normal,50.0,test,63,0.1903649855263181
Normal,50.0,test,64,0.2274204697136991
Normal,50.0,test,65,0.2376654948997652
Normal,50.0,test,66,0.3948311892207002
Normal,50.0,test,67,0.4181949428276575
Normal,50.0,test,68,0.2454422514962383
Normal,50.0,test,69,0.2924224701295512
Normal,50.0,test,70,0.2444480831919577
Normal,50.0,test,71,0.1816994101219537
Normal,50.0,test,72,0.1422833373714374
Normal,50.0,test,73,0.3079637823150989
Normal,50.0,test,74,0.2525953379232942
Normal,50.0,test,75,0.2574410371026553
Normal,50.0,test,76,0.2503009866118588
Normal,50.0,test,77,0.1931273417054368
Normal,50.0,test,78,0.3734807032047935
Normal,50.0,test,79,0.2942548111922879
Normal,50.0,test,80,0.2429661088060223
Normal,50.0,test,81,0.4042164371569062
Normal,50.0,test,82,0.3004279331337205
Normal,50.0,test,83,0.3532124076824542
Normal,50.0,test,84,0.2927866917160906
Normal,50.0,test,85,0.2156178507705453
Normal,50.0,test,86,0.3153566029031603
Normal,50.0,test,87,0.4109942467620929
Normal,50.0,test,88,0.3928957744348963
Normal,50.0,test,89,0.3184053215538434
Normal,50.0,test,90,0.304195621389592
Normal,50.0,test,91,0.3247400148608073
Normal,50.0,test,92,0.2223699492847716
Normal,50.0,test,93,0.2552471113533944
Normal,50.0,test,94,0.2592922527898578
Normal,50.0,test,95,0.291466463998575
Normal,50.0,test,96,0.2887772008135311
Normal,50.0,test,97,0.2725539189861315
Normal,50.0,test,98,0.3555653053532268
Quotient torus K-means,,train,0,0.21322435727216227
Quotient torus K-means,,train,1,0.18335983661137598
Quotient torus K-means,,train,2,0.20297125015443224
Quotient torus K-means,,train,3,0.14490431270922433
Quotient torus K-means,,train,4,0.26580929575047263
Quotient torus K-means,,train,5,0.2282985335729872
Quotient torus K-means,,train,6,0.18102148237127424
Quotient torus K-means,,train,7,0.18961517267015876
Quotient torus K-means,,train,8,0.24116167861857757
Quotient torus K-means,,train,9,0.1910537765943991
Quotient torus K-means,,train,10,0.1991000320236416
Quotient torus K-means,,train,11,0.19819064122131955
Quotient torus K-means,,train,12,0.1949780032437423
Quotient torus K-means,,train,13,0.25207061112722856
Quotient torus K-means,,train,14,0.2094231058963011
Quotient torus K-means,,train,15,0.1893105559731647
Quotient torus K-means,,train,16,0.19508724402999567
Quotient torus K-means,,train,17,0.13666990939958626
Quotient torus K-means,,train,18,0.2108083124467293
Quotient torus K-means,,train,19,0.14863940753223978
Quotient torus K-means,,train,20,0.1994178569141514
Quotient torus K-means,,train,21,0.19597321204803353
Quotient torus K-means,,train,22,0.17039094633707386
Quotient torus K-means,,train,23,0.24140430678998281
Quotient torus K-means,,train,24,0.22641836554051842
Quotient torus K-means,,train,25,0.29203201962371605
Quotient torus K-means,,train,26,0.19596673790576202
Quotient torus K-means,,train,27,0.21186577888195612
Quotient torus K-means,,train,28,0.15769030108668988
Quotient torus K-means,,train,29,0.16929838545631046
Quotient torus K-means,,train,30,0.19485810355892672
Quotient torus K-means,,train,31,0.14029451204027446
Quotient torus K-means,,train,32,0.23809514738990553
Quotient torus K-means,,train,33,0.200350568078147
Quotient torus K-means,,train,34,0.1781999552880932
Quotient torus K-means,,train,35,0.19482910718992008
Quotient torus K-means,,train,36,0.16337398336952466
Quotient torus K-means,,train,37,0.16106935504983344
Quotient torus K-means,,train,38,0.1489233100689955
Quotient torus K-means,,train,39,0.18333958268161413
Quotient torus K-means,,train,40,0.19963481175387884
Quotient torus K-means,,train,41,0.22338189066429456
Quotient torus K-means,,train,42,0.15083146302716777
Quotient torus K-means,,train,43,0.14561744314174102
Quotient torus K-means,,train,44,0.24817779221479044
Quotient torus K-means,,train,45,0.20868387418626191
Quotient torus K-means,,train,46,0.18349605387968299
Quotient torus K-means,,train,47,0.15260213548696666
Quotient torus K-means,,train,48,0.2594378272868299
Quotient torus K-means,,train,49,0.17412062603208273
Quotient torus K-means,,train,50,0.21586572074628207
Quotient torus K-means,,train,51,0.1805881384407322
Quotient torus K-means,,train,52,0.2349011075537563
Quotient torus K-means,,train,53,0.1692299977679632
Quotient torus K-means,,train,54,0.2544452259997549
Quotient torus K-means,,train,55,0.2132283209370376
Quotient torus K-means,,train,56,0.19459407112572022
Quotient torus K-means,,train,57,0.21458713289816472
Quotient torus K-means,,train,58,0.18828058681039891
Quotient torus K-means,,train,59,0.15380337359516358
Quotient torus K-means,,train,60,0.15194773806314782
Quotient torus K-means,,train,61,0.17593630956012415
Quotient torus K-means,,train,62,0.16984356308855858
Quotient torus K-means,,train,63,0.1939358834159205
Quotient torus K-means,,train,64,0.20093731453590855
Quotient torus K-means,,train,65,0.16953358865692972
Quotient torus K-means,,train,66,0.14803358109718173
Quotient torus K-means,,train,67,0.1475563671925008
Quotient torus K-means,,train,68,0.22457219663552747
Quotient torus K-means,,train,69,0.2326083887972971
Quotient torus K-means,,train,70,0.19027246017807709
Quotient torus K-means,,train,71,0.16608802395680713
Quotient torus K-means,,train,72,0.19410401354569018
Quotient torus K-means,,train,73,0.2023323521775821
Quotient torus K-means,,train,74,0.16523049639644213
Quotient torus K-means,,train,75,0.17457722376538343
Quotient torus K-means,,train,76,0.1626684935914739
Quotient torus K-means,,train,77,0.18107120049519593
Quotient torus K-means,,train,78,0.16689295666615062
Quotient torus K-means,,train,79,0.23437364330697139
Quotient torus K-means,,train,80,0.1767344743519788
Quotient torus K-means,,train,81,0.21240138575163622
Quotient torus K-means,,train,82,0.16275312696873673
Quotient torus K-means,,train,83,0.21528442883656979
Quotient torus K-means,,train,84,0.20058861977342493
Quotient torus K-means,,train,85,0.16098114256131307
Quotient torus K-means,,train,86,0.17169222629891293
Quotient torus K-means,,train,87,0.26655720558181495
Quotient torus K-means,,train,88,0.215693873546551
Quotient torus K-means,,train,89,0.18803212678314837
Quotient torus K-means,,train,90,0.17481406672503674
Quotient torus K-means,,train,91,0.20358140322214244
Quotient torus K-means,,train,92,0.10857047324423298
Quotient torus K-means,,train,93,0.17422246145854145
Quotient torus K-means,,train,94,0.22897573553163184
Quotient torus K-means,,train,95,0.24081385562973
Quotient torus K-means,,train,96,0.22650605568364782
Quotient torus K-means,,train,97,0.18314584732270467
Quotient torus K-means,,train,98,0.17990965801381473
Quotient torus K-means,,train,99,0.24887229814496184
Quotient torus K-means,,train,100,0.24247520098219116
Quotient torus K-means,,train,101,0.16547783661818383
Quotient torus K-means,,train,102,0.14079740322394624
Quotient torus K-means,,train,103,0.15891920231379492
Quotient torus K-means,,train,104,0.270085299358165
Quotient torus K-means,,train,105,0.12134808370753634
Quotient torus K-means,,train,106,0.1618816805072685
Quotient torus K-means,,train,107,0.1625370130361209
Quotient torus K-means,,train,108,0.15221849068589755
Quotient torus K-means,,train,109,0.1372126539484629
Quotient torus K-means,,train,110,0.23008133460180094
Quotient torus K-means,,train,111,0.14982291208280973
Quotient torus K-means,,train,112,0.23650993693950223
Quotient torus K-means,,train,113,0.2300947089271499
Quotient torus K-means,,train,114,0.1557762932116007
Quotient torus K-means,,train,115,0.19996314549539285
Quotient torus K-means,,train,116,0.2571465175538437
Quotient torus K-means,,train,117,0.21036592201620036
Quotient torus K-means,,train,118,0.26961496486553754
Quotient torus K-means,,train,119,0.20348852634528442
Quotient torus K-means,,train,120,0.24618520011707196
Quotient torus K-means,,train,121,0.1594137330411159
Quotient torus K-means,,train,122,0.2700278002312767
Quotient torus K-means,,train,123,0.18092938097844216
Quotient torus K-means,,train,124,0.18465872891892657
Quotient torus K-means,,train,125,0.19783910510449876
Quotient torus K-means,,train,126,0.18034302498194252
Quotient torus K-means,,train,127,0.1916050375648411
Quotient torus K-means,,train,128,0.15204139446907025
Quotient torus K-means,,train,129,0.20590248805826342
Quotient torus K-means,,train,130,0.22946251566295925
Quotient torus K-means,,train,131,0.16629103489369268
Quotient torus K-means,,train,132,0.2277307324324804
Quotient torus K-means,,train,133,0.2046469831569075
Quotient torus K-means,,train,134,0.15573033664698394
Quotient torus K-means,,train,135,0.19797831387580744
Quotient torus K-means,,train,136,0.1845431764386685
Quotient torus K-means,,train,137,0.18635168677688616
Quotient torus K-means,,train,138,0.14410992629343697
Quotient torus K-means,,train,139,0.20203067503033792
Quotient torus K-means,,train,140,0.15334226225349396
Quotient torus K-means,,train,141,0.17731692754500225
Quotient torus K-means,,train,142,0.1681030355900069
Quotient torus K-means,,train,143,0.12893032496297274
Quotient torus K-means,,train,144,0.18718290614090632
Quotient torus K-means,,train,145,0.21035530018406237
Quotient torus K-means,,train,146,0.21904651300297512
Quotient torus K-means,,train,147,0.2235169583730899
Quotient torus K-means,,train,148,0.1387101558802999
Quotient torus K-means,,train,149,0.1433090893311053
Quotient torus K-means,,train,150,0.20474175227204222
Quotient torus K-means,,train,151,0.2919149488943782
Quotient torus K-means,,train,152,0.13930688313576212
Quotient torus K-means,,train,153,0.18253522154805185
Quotient torus K-means,,train,154,0.25082006946793367
Quotient torus K-means,,test,0,0.15584762134924673
Quotient torus K-means,,test,1,0.19399900875936713
Quotient torus K-means,,test,2,0.14326903774079494
Quotient torus K-means,,test,3,0.14430228449472352
Quotient torus K-means,,test,4,0.17638682612496587
Quotient torus K-means,,test,5,0.20486853736011892
Quotient torus K-means,,test,6,0.18530949135185323
Quotient torus K-means,,test,7,0.20725936996126954
Quotient torus K-means,,test,8,0.155203382532248
Quotient torus K-means,,test,9,0.15300825046382915
Quotient torus K-means,,test,10,0.14654197518974385
Quotient torus K-means,,test,11,0.18611239220256456
Quotient torus K-means,,test,12,0.18649939514260652
Quotient torus K-means,,test,13,0.13725336580958117
Quotient torus K-means,,test,14,0.18703355956823742
Quotient torus K-means,,test,15,0.13437268484651824
Quotient torus K-means,,test,16,0.1481649863142227
Quotient torus K-means,,test,17,0.136852259870938
Quotient torus K-means,,test,18,0.13045479431885132
Quotient torus K-means,,test,19,0.16426748759092097
Quotient torus K-means,,test,20,0.16963897911443332
Quotient torus K-means,,test,21,0.13446529554650571
Quotient torus K-means,,test,22,0.14684917936575423
Quotient torus K-means,,test,23,0.12009478817440902
Quotient torus K-means,,test,24,0.16109350324174393
Quotient torus K-means,,test,25,0.13095230566402766
Quotient torus K-means,,test,26,0.1944063756348384
Quotient torus K-means,,test,27,0.15132163453854092
Quotient torus K-means,,test,28,0.16926290805098268
Quotient torus K-means,,test,29,0.20114661745330165
Quotient torus K-means,,test,30,0.20054795474468384
Quotient torus K-means,,test,31,0.246738355810197
Quotient torus K-means,,test,32,0.17339989686311033
Quotient torus K-means,,test,33,0.14103436476104916
Quotient torus K-means,,test,34,0.13921054671696398
Quotient torus K-means,,test,35,0.1470341396500127
Quotient torus K-means,,test,36,0.12778981161867978
Quotient torus K-means,,test,37,0.1494258911086579
Quotient torus K-means,,test,38,0.1373368689325574
Quotient torus K-means,,test,39,0.11613880909912527
Quotient torus K-means,,test,40,0.170882517577533
Quotient torus K-means,,test,41,0.13055071665836498
Quotient torus K-means,,test,42,0.19561765295465988
Quotient torus K-means,,test,43,0.17109378711640597
Quotient torus K-means,,test,44,0.2235786260574906
Quotient torus K-means,,test,45,0.1716717214906165
Quotient torus K-means,,test,46,0.20048607369769134
Quotient torus K-means,,test,47,0.18752132372914687
Quotient torus K-means,,test,48,0.18485276254289726
Quotient torus K-means,,test,49,0.21304854774178797
Quotient torus K-means,,test,50,0.15767706483705834
Quotient torus K-means,,test,51,0.13920423646698776
Quotient torus K-means,,test,52,0.15327633773691435
Quotient torus K-means,,test,53,0.1975382946504082
Quotient torus K-means,,test,54,0.16596935170233798
Quotient torus K-means,,test,55,0.16281100028809964
Quotient torus K-means,,test,56,0.10235808879040217
Quotient torus K-means,,test,57,0.1947727300258293
Quotient torus K-means,,test,58,0.15057337286242625
Quotient torus K-means,,test,59,0.2533604345709859
Quotient torus K-means,,test,60,0.16095197145829393
Quotient torus K-means,,test,61,0.1490680065656431
Quotient torus K-means,,test,62,0.09729428554419302
Quotient torus K-means,,test,63,0.12319276334921499
Quotient torus K-means,,test,64,0.14063067027529635
Quotient torus K-means,,test,65,0.20371455004725378
Quotient torus K-means,,test,66,0.10266800359882548
Quotient torus K-means,,test,67,0.23097258161128534
Quotient torus K-means,,test,68,0.15350391553319617
Quotient torus K-means,,test,69,0.23113626061688003
Quotient torus K-means,,test,70,0.11640842346035735
Quotient torus K-means,,test,71,0.15577289624706372
Quotient torus K-means,,test,72,0.19252045583051952
Quotient torus K-means,,test,73,0.11861500421327496
Quotient torus K-means,,test,74,0.11336011965436922
Quotient torus K-means,,test,75,0.11813200990601994
Quotient torus K-means,,test,76,0.13151041866286775
Quotient torus K-means,,test,77,0.1912496317948296
Quotient torus K-means,,test,78,0.14518306531596395
Quotient torus K-means,,test,79,0.1228489068998473
Quotient torus K-means,,test,80,0.14431816741127007
Quotient torus K-means,,test,81,0.16326007201705423
Quotient torus K-means,,test,82,0.1411573017389377
Quotient torus K-means,,test,83,0.11547709705305328
Quotient torus K-means,,test,84,0.1344748313658003
Quotient torus K-means,,test,85,0.17405955947124854
Quotient torus K-means,,test,86,0.18694174164677776
Quotient torus K-means,,test,87,0.1186653903442593
Quotient torus K-means,,test,88,0.12372344523386374
Quotient torus K-means,,test,89,0.11776735946950576
Quotient torus K-means,,test,90,0.1593812931685578
Quotient torus K-means,,test,91,0.14925403783327892
Quotient torus K-means,,test,92,0.20133264893455016
Quotient torus K-means,,test,93,0.2537094161743764
Quotient torus K-means,,test,94,0.18218482063261074
Quotient torus K-means,,test,95,0.1690774134513742
Quotient torus K-means,,test,96,0.1663052002666961
Quotient torus K-means,,test,97,0.14515540172754746
Quotient torus K-means,,test,98,0.20958431062749072
